date,side,entry_ts,entry,init_sl,risk,exit_ts,exit,exit_reason,r,bars_held,pen_atr,space_atr,trade_no,equity,year
2022-09-01,long,2022-09-01 18:30:00+05:30,1701.3017,1696.8188125220026,4.4828874779973376,2022-09-01 18:50:00+05:30,1696.6656125220027,initial_stop,-1.0341744022690504,4,2.3114642503911504,0.5379652345100675,1,9896.582559773095,2022
2022-09-02,short,2022-09-02 16:40:00+05:30,1704.9073,1706.620635000561,1.7133350005608463,2022-09-02 17:20:00+05:30,1706.7806350005608,initial_stop,-1.093385123135569,8,1.3629684402277351,0.7088965881812548,1,9788.374798365707,2022
2022-09-02,short,2022-09-02 17:35:00+05:30,1705.1202999999998,1707.1123481602835,1.9920481602837299,2022-09-02 18:00:00+05:30,1707.2895481602836,initial_stop,-1.0889536726736795,5,1.4584429896532138,0.35531781981778643,2,9681.783931503838,2022
2022-09-06,long,2022-09-06 17:25:00+05:30,1713.777,1711.7439014772222,2.033098522777891,2022-09-06 18:00:00+05:30,1711.587501477222,initial_stop,-1.0769269163534592,7,1.254216504874566,0.6621706429919076,1,9577.518194362288,2022
2022-09-08,short,2022-09-08 16:15:00+05:30,1722.035,1724.6121502838764,2.5771502838763354,2022-09-08 16:25:00+05:30,1724.7551502838764,initial_stop,-1.0554876449754185,2,0.5978338063954749,0.7436069811059233,1,9476.428673125522,2022
2022-09-08,short,2022-09-08 16:55:00+05:30,1722.4339000000002,1725.1651167614318,2.7312167614315968,2022-09-08 17:05:00+05:30,1725.317816761432,initial_stop,-1.0559091472183468,2,0.7238506726832001,0.37901194020325785,2,9376.366195936367,2022
2022-09-09,short,2022-09-09 17:05:00+05:30,1725.3172,1728.2854226263514,2.968222626351462,2022-09-09 18:10:00+05:30,1722.3275000000003,trail,1.0072357691291396,13,2.406881870512119,0.4078919276130961,1,9470.808310106371,2022
2022-09-12,short,2022-09-12 17:20:00+05:30,1728.147,1730.659505611143,2.5125056111430695,2022-09-12 17:30:00+05:30,1730.821605611143,initial_stop,-1.064517268849506,2,0.47288851650224584,0.6536237858487486,1,9369.989920145656,2022
2022-09-12,short,2022-09-12 18:10:00+05:30,1727.1729,1731.2545643973542,4.081664397354189,2022-09-12 18:35:00+05:30,1731.4125643973543,initial_stop,-1.0387096989410858,5,2.488062037253644,0.8914474088675799,2,9272.6629260553,2022
2022-09-13,short,2022-09-13 18:05:00+05:30,1714.8608,1720.074651423652,5.213851423652159,2022-09-13 19:00:00+05:30,1702.8562,trail,2.3024438221507837,11,1.467430290266374,5.216647149912919,1,9486.160780745126,2022
2022-09-14,short,2022-09-14 15:15:00+05:30,1704.0897,1706.8464635772439,2.7567635772438734,2022-09-14 17:50:00+05:30,1703.9657,trail,0.04498028087123633,31,0.3738083550862541,0.38414936490953144,1,9490.427682508202,2022
2022-09-15,long,2022-09-15 18:00:00+05:30,1685.4825,1682.2984523732564,3.184047626743677,2022-09-15 18:00:00+05:30,1682.1399523732564,initial_stop,-1.0497794061460386,0,1.0398117590982128,0.6055102169956889,1,9390.799127142047,2022
2022-09-15,long,2022-09-15 18:10:00+05:30,1685.5662,1681.6284410769404,3.9377589230596186,2022-09-15 18:30:00+05:30,1685.3914,breakeven,-0.04439073173737767,4,1.1650767300076936,0.5233016776369603,2,9386.630482693521,2022
2022-09-19,long,2022-09-19 17:40:00+05:30,1663.0765999999999,1660.2730681710696,2.8035318289303177,2022-09-19 18:25:00+05:30,1664.9466,trail,0.6670157908332409,9,0.7607048985373797,0.4696034695428522,1,9449.240790240254,2022
2022-09-20,long,2022-09-20 15:55:00+05:30,1668.4443,1666.0366861668329,2.407613833167261,2022-09-20 17:50:00+05:30,1665.8593861668328,initial_stop,-1.0736413778478826,23,0.8433789653127596,1.0524629989893313,1,9347.789831223754,2022
2022-09-20,long,2022-09-20 18:15:00+05:30,1667.9572999999998,1664.88233668084,3.074963319159906,2022-09-20 19:00:00+05:30,1664.72363668084,initial_stop,-1.0516103717436573,9,1.267902623738614,0.4654021296577781,2,9249.487503829807,2022
2022-09-26,short,2022-09-26 15:30:00+05:30,1641.8814,1645.2352262369602,3.3538262369602307,2022-09-26 16:35:00+05:30,1640.5850000000003,trail,0.3865435799007657,13,2.679179719045863,0.5190949747087935,1,9285.240803949584,2022
2022-09-28,long,2022-09-28 15:05:00+05:30,1619.4162000000001,1616.1243379647233,3.2918620352768357,2022-09-28 15:30:00+05:30,1615.9594379647233,initial_stop,-1.0500932293737886,5,0.6569492581146835,0.28601872462169065,1,9187.737118936257,2022
2022-09-28,long,2022-09-28 15:35:00+05:30,1619.7737,1615.44641098803,4.327289011969924,2022-09-28 16:35:00+05:30,1628.1831,trail,1.9433414261766098,12,1.2625979543613945,0.37892401379478247,2,9366.28622049675,2022
2022-09-29,short,2022-09-29 17:40:00+05:30,1650.8173,1654.098735340122,3.281435340122016,2022-09-29 17:55:00+05:30,1654.2485353401219,initial_stop,-1.045650754768291,3,0.22871036682471474,0.4702877022470007,1,9268.347577938366,2022
2022-09-29,short,2022-09-29 18:05:00+05:30,1648.9835,1653.491748716383,4.508248716382923,2022-09-29 18:35:00+05:30,1653.664048716383,initial_stop,-1.03821883193219,6,2.0638657683227892,1.187869408879079,2,9172.121847975279,2022
2022-09-30,short,2022-09-30 20:15:00+05:30,1671.789,1676.7090593864214,4.9200593864213715,2022-09-30 22:40:00+05:30,1665.8067,trail,1.2158999577342804,29,0.41427304940819465,1.0401970029232916,1,9283.645673648147,2022
2022-10-04,short,2022-10-04 19:00:00+05:30,1708.6840000000002,1713.0079256088234,4.323925608823174,2022-10-04 19:30:00+05:30,1713.1867256088235,initial_stop,-1.041351312713449,6,1.8403791555593054,0.6246805652132429,1,9186.970307557947,2022
2022-10-05,long,2022-10-05 16:05:00+05:30,1710.0831,1706.1839323286301,3.8991676713699235,2022-10-05 17:05:00+05:30,1706.03373232863,initial_stop,-1.0385210415809767,12,3.330782977948952,0.26146806459401534,1,9091.56168783016,2022
2022-10-05,long,2022-10-05 17:55:00+05:30,1711.6365,1707.5380285409742,4.098471459025859,2022-10-05 19:10:00+05:30,1707.379928540974,initial_stop,-1.0385753570765823,15,2.576882928179016,1.0275866517682903,2,8997.13896856694,2022
2022-10-06,long,2022-10-06 17:55:00+05:30,1719.0236,1715.934152931225,3.0894470687749163,2022-10-06 18:10:00+05:30,1715.763052931225,initial_stop,-1.0553820784726606,3,4.964497670808081,0.5014018844581963,1,8902.184776317405,2022
2022-10-10,long,2022-10-10 14:35:00+05:30,1683.5096,1680.157596634524,3.3520033654760937,2022-10-10 14:50:00+05:30,1680.002096634524,initial_stop,-1.046390168220487,3,0.4691383838745061,1.4939008749103657,1,8809.033190061198,2022
2022-10-10,long,2022-10-10 16:40:00+05:30,1681.7521000000002,1678.65618452712,3.0959154728800513,2022-10-10 16:45:00+05:30,1678.4900845271202,initial_stop,-1.0536513355919876,1,2.283913386852805,0.4246608919533942,2,8716.216694201377,2022
2022-10-11,short,2022-10-11 18:10:00+05:30,1669.5534,1673.045597763134,3.4921977631340724,2022-10-11 20:00:00+05:30,1668.8359,trail,0.2054580091581218,22,0.949957211502309,0.9906867766862307,1,8734.124859495192,2022
2022-10-13,short,2022-10-13 18:05:00+05:30,1658.4831,1664.741580009452,6.258480009452114,2022-10-13 19:20:00+05:30,1650.4607,trail,1.2818447910488953,15,3.3794301500238215,4.457084300677654,1,8846.082784050337,2022
2022-10-17,short,2022-10-17 15:50:00+05:30,1657.5287,1660.5523422038054,3.023642203805366,2022-10-17 17:50:00+05:30,1660.7523422038055,initial_stop,-1.066145392384171,24,1.2807692927583467,0.8265957846879682,1,8751.770680041695,2022
2022-10-18,long,2022-10-18 14:50:00+05:30,1652.6209999999999,1648.7414783000334,3.879521699966517,2022-10-18 18:35:00+05:30,1655.088,trail,0.635903132084914,45,0.9635790145844565,0.7177431772023318,1,8807.423463908968,2022
2022-10-19,long,2022-10-19 18:25:00+05:30,1635.8241,1631.4508192013468,4.373280798653241,2022-10-19 19:15:00+05:30,1631.2195192013469,initial_stop,-1.052889354845714,10,1.0052460333903508,0.2933269937183941,1,8714.691039821288,2022
2022-10-19,long,2022-10-19 19:55:00+05:30,1636.3137000000002,1631.4724058789666,4.84129412103357,2022-10-19 21:00:00+05:30,1631.2541058789666,initial_stop,-1.045091249269812,13,0.402721424489432,0.47161083438062595,2,8623.614566363214,2022
2022-10-21,short,2022-10-21 15:50:00+05:30,1624.4121,1627.4058711189512,2.9937711189511447,2022-10-21 16:50:00+05:30,1627.636171118951,initial_stop,-1.07692638844102,12,1.1866785114604368,0.5714036832455942,1,8530.744585460605,2022
2022-10-21,short,2022-10-21 17:15:00+05:30,1623.3744,1626.4518212754324,3.077421275432471,2022-10-21 18:10:00+05:30,1623.1103,trail,0.08581860472214912,11,1.8269499546332322,1.2747551212004997,2,8538.065551436257,2022
2022-10-24,long,2022-10-24 19:25:00+05:30,1653.0676,1648.0333328010886,5.034267198911493,2022-10-24 19:30:00+05:30,1647.8020328010887,initial_stop,-1.0459451179011576,1,2.8575491452448993,0.4894133438763045,1,8448.76207163781,2022
2022-10-25,long,2022-10-25 18:45:00+05:30,1646.4224000000002,1642.993344474232,3.4290555257682627,2022-10-25 19:50:00+05:30,1657.0243,trail,3.091784288801968,13,3.588217271380639,0.8411824226160317,1,8709.979569966967,2022
2022-10-26,short,2022-10-26 15:00:00+05:30,1670.3102,1673.572071958603,3.261871958603024,2022-10-26 16:10:00+05:30,1669.8298,trail,0.1472773935018776,14,2.3242516822898143,0.5609583568754695,1,8722.80740085216,2022
2022-10-31,long,2022-10-31 14:55:00+05:30,1638.653,1636.2035780391886,2.449421960811378,2022-10-31 17:05:00+05:30,1640.1655,trail,0.6174926265048368,26,1.8348404128169973,0.5063466643936457,1,8776.67009337664,2022
2022-11-01,short,2022-11-01 16:10:00+05:30,1651.6689,1654.0899273936584,2.4210273936585054,2022-11-01 16:55:00+05:30,1654.3002273936584,initial_stop,-1.0868639489791847,9,0.14009467196475486,0.6396605600960344,1,8681.279630210893,2022
2022-11-01,short,2022-11-01 19:20:00+05:30,1650.9635,1654.3694061054612,3.4059061054610993,2022-11-01 20:00:00+05:30,1646.2336,trail,1.3887347018803675,8,2.7862281756826897,0.8883626067392814,2,8801.839573002902,2022
2022-11-02,short,2022-11-02 19:35:00+05:30,1651.5689,1654.815231708078,3.24633170807806,2022-11-02 21:55:00+05:30,1647.0337,trail,1.3970229809587222,28,4.029112866777386,0.7146560027870796,1,8924.803294584872,2022
2022-11-08,short,2022-11-08 19:00:00+05:30,1673.689,1676.1440617137607,2.4550617137606423,2022-11-08 19:55:00+05:30,1676.3340617137608,initial_stop,-1.0773911298991399,11,0.7355317896527972,0.4903545264351981,1,8828.648255528067,2022
2022-11-09,short,2022-11-09 14:40:00+05:30,1710.9808,1714.2834833663644,3.302683366364363,2022-11-09 16:05:00+05:30,1706.6852,trail,1.3006393660827384,17,1.1288245600315496,0.6491064480359101,1,8943.477130232443,2022
2022-11-10,long,2022-11-10 14:55:00+05:30,1706.7884999999999,1703.7915573895896,2.996942610410315,2022-11-10 20:05:00+05:30,1736.7064000000003,trail,9.982807110178289,62,1.087435430825091,0.3119166461700255,1,9836.287201086456,2022
2022-11-14,long,2022-11-14 17:25:00+05:30,1755.2934,1752.3644369218541,2.928963078145898,2022-11-14 18:45:00+05:30,1758.7308,trail,1.1735893926583667,16,0.9099037259076452,0.3999173634024537,1,9951.724824309818,2022
2022-11-15,short,2022-11-15 20:05:00+05:30,1771.4068000000002,1777.5956999729162,6.188899972916033,2022-11-16 00:00:00+05:30,1777.8070999729161,initial_stop,-1.0341579280526498,47,4.537428749626628,0.46533014740790496,1,9848.808273061235,2022
2022-11-16,short,2022-11-16 20:10:00+05:30,1774.3966,1778.7869227386316,4.390322738631539,2022-11-16 21:10:00+05:30,1778.9870227386316,initial_stop,-1.0455775148918531,12,4.265580455969316,0.7596501536053984,1,9745.831348273297,2022
2022-11-18,short,2022-11-18 15:25:00+05:30,1764.1834000000001,1767.073354450778,2.88995445077785,2022-11-18 17:40:00+05:30,1761.7665000000002,trail,0.836310758928888,27,1.3766495071401976,1.1397946242479988,1,9827.33678438597,2022
2022-11-21,long,2022-11-21 18:50:00+05:30,1744.2036,1741.8457037003304,2.357896299669619,2022-11-21 19:05:00+05:30,1744.0044,breakeven,-0.08448208686189049,3,5.438298517605516,1.005163480245852,1,9819.034445187575,2022
2022-11-22,short,2022-11-22 19:25:00+05:30,1744.0142999999998,1746.5493933813784,2.5350933813786014,2022-11-22 20:15:00+05:30,1746.7333933813784,initial_stop,-1.0725811527699656,10,1.0915403619232305,0.3629936881581559,1,9713.717332344502,2022
2022-11-22,short,2022-11-22 20:25:00+05:30,1743.4848000000002,1746.6873355534815,3.2025355534813116,2022-11-22 22:20:00+05:30,1741.761,trail,0.5382610032623544,23,1.4189902420100882,0.6229631612126865,2,9766.00248471165,2022
2022-11-24,short,2022-11-24 15:50:00+05:30,1757.4814000000001,1759.5528442703935,2.0714442703933855,2022-11-24 16:30:00+05:30,1756.9801,trail,0.24200506244125367,8,0.6455421943578412,0.4057998905803888,1,9789.63670512279,2022
2022-11-25,long,2022-11-25 14:35:00+05:30,1753.3853000000001,1750.8646658513012,2.520634148698946,2022-11-25 15:05:00+05:30,1750.6353658513012,initial_stop,-1.090969171435816,6,1.2307576226327372,0.5685446716939347,1,9682.834786674335,2022
2022-11-25,long,2022-11-25 16:00:00+05:30,1753.8154000000002,1751.1793873665108,2.636012633489372,2022-11-25 17:25:00+05:30,1751.0007873665108,initial_stop,-1.0677538482672375,17,2.6310239286544777,0.9071786962756114,2,9579.445945618261,2022
2022-11-28,short,2022-11-28 18:20:00+05:30,1754.8494999999998,1757.4957052895704,2.6462052895706165,2022-11-28 19:00:00+05:30,1754.8565,trail,-0.0026452974105516456,8,5.997869991793796,1.1354914069448123,1,9579.192540782717,2022
2022-11-29,short,2022-11-29 14:40:00+05:30,1755.5962,1758.5284008940914,2.9322008940914657,2022-11-29 15:50:00+05:30,1755.403,trail,0.06588907342237064,14,0.7548401050177539,0.8322130320483847,1,9585.504181989183,2022
2022-11-30,short,2022-11-30 19:30:00+05:30,1754.9660000000001,1759.619346211336,4.653346211335929,2022-11-30 19:45:00+05:30,1759.819546211336,initial_stop,-1.0430228035713938,3,4.034075827650831,0.3146529700100023,1,9485.525187533747,2022
2022-11-30,short,2022-11-30 20:35:00+05:30,1753.6889,1759.0723188054421,5.383418805442034,2022-12-01 00:00:00+05:30,1752.6314000000002,trail,0.1964365096267221,41,2.9011176907089236,0.7605491644642746,2,9504.158222131902,2022
2022-12-05,long,2022-12-05 14:50:00+05:30,1798.6888,1795.6491730859038,3.0396269140960612,2022-12-05 15:05:00+05:30,1795.443973085904,initial_stop,-1.0675082849965158,3,1.435712485026789,0.4539437298032235,1,9402.700545691467,2022
2022-12-06,short,2022-12-06 20:30:00+05:30,1773.941,1777.3331724498687,3.392172449868667,2022-12-06 23:10:00+05:30,1772.697,trail,0.36672663857296084,32,3.7873298317491604,0.46141656555685506,1,9437.182753337762,2022
2022-12-08,short,2022-12-08 19:15:00+05:30,1787.4035000000001,1790.776898110356,3.3733981103557653,2022-12-08 19:30:00+05:30,1790.956898110356,initial_stop,-1.0533586591655144,3,1.8654233225029868,0.8996032351422248,1,9337.775371624204,2022
2022-12-08,short,2022-12-08 20:05:00+05:30,1788.324,1792.0180902830552,3.694090283055175,2022-12-08 20:20:00+05:30,1788.5271,breakeven,-0.054979706622648325,3,0.9936669405711517,0.28783658636294157,2,9332.641490119804,2022
2022-12-09,long,2022-12-09 15:35:00+05:30,1794.007,1791.5879706047158,2.4190293952842694,2022-12-09 18:15:00+05:30,1799.9668000000001,trail,2.463715410659459,32,4.058954262800871,0.2905639064782967,1,9562.571216733484,2022
2022-12-12,short,2022-12-12 16:05:00+05:30,1790.6018000000001,1792.6882996079835,2.0864996079833418,2022-12-12 16:40:00+05:30,1792.8782996079835,initial_stop,-1.0910616034975893,7,0.7307960745656599,0.9667433827897398,1,9458.237673880592,2022
2022-12-12,short,2022-12-12 18:20:00+05:30,1790.9938000000002,1792.9276670122313,1.933867012231076,2022-12-12 18:50:00+05:30,1790.9989999999998,trail,-0.002688912922510126,6,4.420353100701569,0.6065793326595563,2,9457.983350105538,2022
2022-12-13,long,2022-12-13 15:20:00+05:30,1784.0099,1781.8916509442322,2.1182490557678193,2022-12-13 17:45:00+05:30,1787.018,trail,1.4200879692636719,29,0.3427519141520749,0.46519990739872025,1,9592.295033795348,2022
2022-12-14,long,2022-12-14 18:35:00+05:30,1807.7085,1805.1356672649488,2.572832735051179,2022-12-14 20:30:00+05:30,1808.8356,trail,0.4380774485045312,23,2.256269123389872,0.3991159378809463,1,9634.316715132425,2022
2022-12-16,short,2022-12-16 21:05:00+05:30,1787.6471,1792.421091491031,4.7739914910309835,2022-12-17 01:25:00+05:30,1792.577791491031,initial_stop,-1.032823686488423,52,2.331335220936327,0.31510977451351446,1,9534.811210067224,2022
2022-12-19,short,2022-12-19 15:30:00+05:30,1795.2354,1797.6944717364047,2.459071736404667,2022-12-19 19:00:00+05:30,1793.4557,trail,0.7237283783360028,42,2.227240710784681,0.4260846239354919,1,9603.817344615243,2022
2022-12-21,short,2022-12-21 19:40:00+05:30,1815.6266999999998,1818.089481340961,2.462781340961101,2022-12-21 20:05:00+05:30,1818.2584813409608,initial_stop,-1.0686216015969638,5,3.30355937254395,0.27867649360474145,1,9501.18887789277,2022
2022-12-23,short,2022-12-23 15:35:00+05:30,1796.9786,1799.2066146677544,2.228014667754451,2022-12-23 16:30:00+05:30,1799.3663146677543,initial_stop,-1.0716781636634765,11,1.43285748117869,0.6480357463964974,1,9399.366711399969,2022
2022-12-23,short,2022-12-23 17:05:00+05:30,1797.4062000000001,1799.396443294793,1.99024329479289,2022-12-23 18:55:00+05:30,1799.6025432947931,initial_stop,-1.1035551786755564,22,2.102994388574938,0.2660909327902077,2,9295.639513293609,2022
2022-12-27,short,2022-12-27 15:35:00+05:30,1807.5278,1809.423676423061,1.8958764230608267,2022-12-27 16:30:00+05:30,1809.5887764230608,initial_stop,-1.087083734990169,11,1.5908124639835737,0.9371331606015874,1,9194.588128081274,2022
2022-12-27,short,2022-12-27 18:55:00+05:30,1807.4474,1809.6863881229356,2.2389881229355524,2022-12-27 20:05:00+05:30,1806.3675000000003,trail,0.48231609133498254,14,3.11890838524513,0.8334205088326561,2,9238.935106154986,2022
2022-12-29,long,2022-12-29 16:40:00+05:30,1806.1114000000002,1804.0084850864664,2.102914913533823,2022-12-29 19:45:00+05:30,1808.8171,trail,1.2866426418808283,37,1.273938033091563,0.2974415513019995,1,9357.807184886475,2022
2022-12-30,long,2022-12-30 16:50:00+05:30,1817.877,1815.8292109206184,2.047789079381573,2022-12-30 17:20:00+05:30,1817.6838,breakeven,-0.09434565402520816,6,4.005780864486916,0.6429294280769025,1,9348.978500495476,2022
2023-01-03,long,2023-01-03 18:50:00+05:30,1839.459,1836.0013018004602,3.457698199539891,2023-01-03 20:30:00+05:30,1843.6665,trail,1.216849984350822,20,3.9076020964261713,1.179253076423525,1,9462.741543915716,2023
2023-01-05,long,2023-01-05 14:45:00+05:30,1847.9209,1844.5263469188803,3.3945530811197386,2023-01-05 18:45:00+05:30,1844.3220469188805,initial_stop,-1.0601846532128714,48,0.8597060226255451,0.9897585686285799,1,9362.419010293923,2023
2023-01-06,long,2023-01-06 15:20:00+05:30,1835.4367000000002,1832.833599001583,2.603100998417176,2023-01-06 17:05:00+05:30,1837.3686,trail,0.7421533014564214,21,0.25272374362088296,0.5255179304146231,1,9431.902512075003,2023
2023-01-09,long,2023-01-09 18:55:00+05:30,1876.6875,1873.852215672058,2.835284327941963,2023-01-09 19:40:00+05:30,1876.5108,breakeven,-0.06232179194819699,9,3.807567809126306,0.6194362257058115,1,9426.02438141467,2023
2023-01-10,short,2023-01-10 15:40:00+05:30,1875.6668000000002,1878.242968027261,2.576168027260792,2023-01-10 18:35:00+05:30,1872.8858,trail,1.079510331069973,35,0.6075872545990296,0.5326225013043902,1,9527.779288421216,2023
2023-01-11,long,2023-01-11 18:45:00+05:30,1879.3867000000002,1876.3410901491204,3.0456098508798277,2023-01-11 19:05:00+05:30,1876.1469901491205,initial_stop,-1.0637310783401435,4,1.2694383395811206,0.7173721605823267,1,9426.429339054625,2023
2023-01-11,long,2023-01-11 19:15:00+05:30,1880.1742000000002,1876.8679090545666,3.3062909454336022,2023-01-11 19:30:00+05:30,1876.6945090545667,initial_stop,-1.0524454752656867,3,1.3377665983824967,1.1617614895698156,2,9327.221309996627,2023
2023-01-12,long,2023-01-12 20:30:00+05:30,1882.6265,1874.6071751341656,8.019324865834506,2023-01-12 23:50:00+05:30,1897.0271,trail,1.795737202436104,40,0.31287674730044746,0.2792860757724432,1,9494.713693013784,2023
2023-01-13,short,2023-01-13 17:30:00+05:30,1899.608,1902.411317007371,2.8033170073711062,2023-01-13 18:45:00+05:30,1897.0536000000002,trail,0.9112062579020358,15,6.594058930221112,0.41002272615415203,1,9581.230118354408,2023
2023-01-20,short,2023-01-20 15:20:00+05:30,1930.5124,1933.7852528506976,3.272852850697518,2023-01-20 17:55:00+05:30,1929.0414,trail,0.4494549761644495,31,0.39104755118083445,0.6101634517601795,1,9624.293433899118,2023
2023-01-23,long,2023-01-23 21:00:00+05:30,1917.9370999999999,1912.3629764893565,5.574123510643403,2023-01-23 22:00:00+05:30,1922.2603,trail,0.7755838190067356,12,1.9655341420725316,0.3832671806047394,1,9698.937896466168,2023
2023-01-24,long,2023-01-24 21:00:00+05:30,1930.9674,1925.2723989482981,5.695001051701865,2023-01-24 22:05:00+05:30,1933.094,trail,0.37341520759939995,13,4.032157997930552,0.8858144838277139,1,9735.155205547195,2023
2023-01-27,short,2023-01-27 15:05:00+05:30,1927.2454,1929.5279690241473,2.2825690241472785,2023-01-27 15:35:00+05:30,1927.1451,trail,0.04394171608349551,6,0.3172330080429819,0.31440477914497816,1,9739.432999807905,2023
2023-01-30,long,2023-01-30 16:05:00+05:30,1929.0307000000003,1926.3847897032042,2.645910296796046,2023-01-30 16:50:00+05:30,1926.2236897032042,initial_stop,-1.060886417878607,9,4.502440786745136,0.9083907130420016,1,9636.108677934555,2023
2023-01-30,long,2023-01-30 21:00:00+05:30,1929.0898000000002,1925.7630038628572,3.326796137142992,2023-01-30 21:15:00+05:30,1925.5956038628572,initial_stop,-1.0503186829307203,3,2.3374553324638923,0.7480997749692367,2,9534.8988281827,2023
2023-01-31,long,2023-01-31 18:20:00+05:30,1909.9571,1905.8835119177863,4.073588082213746,2023-01-31 18:25:00+05:30,1905.7258119177864,initial_stop,-1.0387127998259158,1,4.153563531997819,0.4227780009158682,1,9435.858613603916,2023
2023-01-31,long,2023-01-31 18:40:00+05:30,1909.8614000000002,1905.5277216494144,4.333678350585842,2023-01-31 20:40:00+05:30,1920.8308000000002,trail,2.531198467582872,24,1.521376655607342,0.3503485673798779,2,9674.698922234744,2023
2023-02-01,long,2023-02-01 15:10:00+05:30,1925.1389000000001,1922.8556573892547,2.2832426107454467,2023-02-01 17:55:00+05:30,1928.6291,trail,1.528615480271042,33,0.8130607475390734,0.518644196431024,1,9822.58786762964,2023
2023-02-02,short,2023-02-02 16:20:00+05:30,1953.4229,1956.1866545032635,2.763754503263499,2023-02-02 17:05:00+05:30,1956.3563545032634,initial_stop,-1.0614019804579369,9,0.46393554504865603,1.423325040029273,1,9718.330725470398,2023
2023-02-02,short,2023-02-02 17:20:00+05:30,1954.8243000000002,1957.2430767770436,2.4187767770433766,2023-02-02 21:05:00+05:30,1927.5034999999998,trail,11.295296142786832,45,1.1190939235063466,0.3998978286212827,2,10816.044961047723,2023
2023-02-03,long,2023-02-03 14:45:00+05:30,1913.665,1910.167410185815,3.4975898141849484,2023-02-03 15:50:00+05:30,1909.986310185815,initial_stop,-1.0517785130965156,13,1.4242678168114367,0.4273105010420718,1,10702.284124180564,2023
2023-02-03,long,2023-02-03 17:05:00+05:30,1913.4352,1910.648593242162,2.7866067578379443,2023-02-03 18:25:00+05:30,1915.2071,trail,0.6358629523223285,16,2.6127501404773312,0.3785876097318861,2,10770.335983978503,2023
2023-02-06,long,2023-02-06 15:05:00+05:30,1875.3828,1871.1924040620727,4.190395937927406,2023-02-06 16:40:00+05:30,1871.0188040620726,initial_stop,-1.0414280661234943,19,2.1212749191446325,0.37522551635813,1,10658.170682225553,2023
2023-02-07,long,2023-02-07 17:55:00+05:30,1872.2721000000001,1868.7285201593938,3.5435798406062986,2023-02-07 18:40:00+05:30,1868.529820159394,initial_stop,-1.0560732391924659,9,3.047835972747314,0.508568524484621,1,10545.612593863112,2023
2023-02-07,long,2023-02-07 21:05:00+05:30,1871.8938,1868.0130096362348,3.8807903637653,2023-02-07 22:15:00+05:30,1875.6043,trail,0.9561196694994454,14,2.9137635888527433,0.27055416634149365,2,10646.441270142248,2023
2023-02-08,short,2023-02-08 16:25:00+05:30,1879.5525,1882.5678327784278,3.015332778427819,2023-02-08 17:05:00+05:30,1882.757632778428,initial_stop,-1.0629449596269986,8,4.017462403367841,0.5154108587850497,1,10533.275459281622,2023
2023-02-08,short,2023-02-08 18:25:00+05:30,1878.516,1881.3174428012956,2.8014428012954795,2023-02-08 19:15:00+05:30,1876.9551000000001,trail,0.557177180015289,10,0.5361253708727309,1.3471382197386572,2,10591.96446644889,2023
2023-02-09,short,2023-02-09 14:55:00+05:30,1880.7469999999998,1883.90621375722,3.1592137572201864,2023-02-09 16:00:00+05:30,1884.06401375722,initial_stop,-1.0499491367557228,13,1.439883722654,1.6648760015829933,1,10480.754226967936,2023
2023-02-09,short,2023-02-09 16:50:00+05:30,1880.641,1883.6303077585492,2.989307758549103,2023-02-09 17:55:00+05:30,1883.7951077585492,initial_stop,-1.0551298204504715,13,1.9643246320216157,1.840224700395894,2,10370.168663711074,2023
2023-02-10,short,2023-02-10 14:50:00+05:30,1861.7283,1866.259992533588,4.531692533588057,2023-02-10 19:15:00+05:30,1866.421992533588,initial_stop,-1.035748232873109,53,2.8980576490473053,0.8563588531337287,1,10262.759825030726,2023
2023-02-10,short,2023-02-10 20:10:00+05:30,1861.9850000000001,1865.8683490665683,3.883349066568144,2023-02-10 20:15:00+05:30,1866.0303490665683,initial_stop,-1.0417165691837227,1,2.6253246271664668,0.8696471757307079,2,10155.85095547785,2023
2023-02-14,long,2023-02-14 20:30:00+05:30,1856.5066000000002,1847.223353597903,9.28324640209712,2023-02-14 22:00:00+05:30,1847.042253597903,initial_stop,-1.019508261674397,18,2.4437085929767632,0.41184864230671536,1,10052.311215943415,2023
2023-02-16,short,2023-02-16 14:50:00+05:30,1839.1935,1841.9892680325897,2.795768032589649,2023-02-16 15:35:00+05:30,1836.6265,trail,0.9181734571956817,9,0.25257803478703394,0.3355084540049953,1,10144.608869362912,2023
2023-02-20,short,2023-02-20 19:05:00+05:30,1845.4070000000002,1847.4729459185824,2.0659459185822016,2023-02-20 21:20:00+05:30,1844.2708,trail,0.5499659936790046,27,0.4009572697519508,0.275362528636555,1,10200.400768336152,2023
2023-02-21,long,2023-02-21 19:20:00+05:30,1836.9142,1834.2172647435548,2.6969352564451583,2023-02-21 20:15:00+05:30,1838.6693,trail,0.6507757261898414,11,4.877758986065825,0.25541317216461684,1,10266.782500510566,2023
2023-02-22,long,2023-02-22 20:50:00+05:30,1834.9574,1831.1163953113223,3.8410046886776854,2023-02-22 23:05:00+05:30,1830.9399953113223,initial_stop,-1.0459254841630474,27,1.0932041796378806,0.7360617783220376,1,10159.399605934133,2023
2023-02-23,long,2023-02-23 17:10:00+05:30,1825.2501,1822.9266420791755,2.323457920824467,2023-02-23 18:30:00+05:30,1826.0618,trail,0.3493499893950935,16,0.26159514415765656,0.2518202366354593,1,10194.89146738007,2023
2023-02-24,long,2023-02-24 16:00:00+05:30,1824.027,1821.4747894609523,2.552210539047792,2023-02-24 16:35:00+05:30,1821.3013894609521,initial_stop,-1.0679411033483244,7,1.32593312575723,0.9566380631651835,1,10086.016030958168,2023
2023-02-28,long,2023-02-28 15:20:00+05:30,1810.7858,1807.9439327712594,2.841867228740739,2023-02-28 16:35:00+05:30,1807.7642327712595,initial_stop,-1.063233073727916,15,0.445139253914885,0.32852846699471466,1,9978.778172695522,2023
2023-02-28,long,2023-02-28 16:55:00+05:30,1810.7293,1808.4016848562583,2.3276151437416956,2023-02-28 17:30:00+05:30,1808.2373848562584,initial_stop,-1.070587270598264,7,2.0969528271213966,0.3608602337658964,2,9871.946643817406,2023
2023-03-01,short,2023-03-01 20:35:00+05:30,1840.3276,1844.5956572631449,4.268057263144783,2023-03-01 20:50:00+05:30,1840.4920000000002,breakeven,-0.038518695946216354,3,1.5919300813257555,0.3882160781145039,1,9868.144098705701,2023
2023-03-03,short,2023-03-03 17:00:00+05:30,1847.0155000000002,1849.5153079964807,2.499807996480513,2023-03-03 20:15:00+05:30,1845.6287,trail,0.5547626065492633,39,0.7542102180634704,1.0502916008117718,1,9922.888872125719,2023
2023-03-06,long,2023-03-06 15:10:00+05:30,1852.6490000000001,1850.1661721690762,2.482827830923952,2023-03-06 16:25:00+05:30,1850.0098721690763,initial_stop,-1.062952411783506,15,0.34888316812977016,0.7292477593414457,1,9817.41328554086,2023
2023-03-06,long,2023-03-06 18:30:00+05:30,1852.506,1850.59398003861,1.912019961390115,2023-03-06 18:35:00+05:30,1850.42528003861,initial_stop,-1.0882312964333765,1,4.962250683369161,0.8058160564198035,2,9710.577121667397,2023
2023-03-08,short,2023-03-08 17:20:00+05:30,1815.31,1817.171452881723,1.861452881723153,2023-03-08 19:45:00+05:30,1815.2095,trail,0.053990085371904625,29,0.4967879224581191,0.9267118270172372,1,9715.819870545489,2023
2023-03-09,short,2023-03-09 14:35:00+05:30,1816.3518,1818.579139406701,2.2273394067010486,2023-03-09 15:05:00+05:30,1818.755139406701,initial_stop,-1.0790180425445834,6,0.20428472414384588,0.6147859428741089,1,9610.98442116117,2023
2023-03-09,short,2023-03-09 18:45:00+05:30,1816.5410000000002,1818.4431753590472,1.902175359047078,2023-03-09 19:00:00+05:30,1818.6306753590472,initial_stop,-1.0985713536389887,3,3.8035832177469264,0.5075659636200154,2,9505.400899507587,2023
2023-03-10,short,2023-03-10 15:20:00+05:30,1833.3659999999998,1836.3212142208472,2.955214220847438,2023-03-10 17:00:00+05:30,1836.4850142208472,initial_stop,-1.055427453903178,20,2.165303713856115,0.2691824606985255,1,9405.078288810624,2023
2023-03-13,short,2023-03-13 17:30:00+05:30,1889.523,1894.4286227904176,4.905622790417738,2023-03-13 17:55:00+05:30,1894.5923227904177,initial_stop,-1.0333698710630221,5,0.6625737624730673,0.2803764250999437,1,9307.889043424166,2023
2023-03-15,long,2023-03-15 15:15:00+05:30,1897.1188,1892.6887207578948,4.430079242105194,2023-03-15 15:15:00+05:30,1892.5199207578949,initial_stop,-1.0381031558974336,0,4.318421524262539,0.4970338435162253,1,9211.263553516948,2023
2023-03-16,short,2023-03-16 16:55:00+05:30,1923.7303000000002,1926.5857571084553,2.8554571084550844,2023-03-16 17:00:00+05:30,1926.7628571084551,initial_stop,-1.0620215934869006,1,0.2711668635527435,0.4484825417721604,1,9113.43794554561,2023
2023-03-16,short,2023-03-16 20:25:00+05:30,1921.3149,1928.0099253112987,6.69502531129865,2023-03-16 21:25:00+05:30,1920.0739,trail,0.1853615098221736,12,2.4323650069246905,0.9224626662894972,2,9130.33075171818,2023
2023-03-20,long,2023-03-20 16:20:00+05:30,1978.9660999999999,1971.4374071883879,7.528692811612018,2023-03-20 18:05:00+05:30,1980.9932,trail,0.26924992833729167,21,0.5097787503051675,0.42849781526447983,1,9154.91416072414,2023
2023-03-21,long,2023-03-21 17:55:00+05:30,1964.9890000000003,1960.689666577955,4.299333422045265,2023-03-21 18:35:00+05:30,1960.513666577955,initial_stop,-1.0409365784699258,8,0.2222580857758236,1.8720038335724294,1,9059.617310497639,2023
2023-03-21,long,2023-03-21 18:45:00+05:30,1961.794,1957.0716252259529,4.722374774047239,2023-03-21 19:10:00+05:30,1956.886525225953,initial_stop,-1.0391963808161044,5,0.9197573685059892,0.29472645380510604,2,8965.470095291157,2023
2023-03-24,short,2023-03-24 16:20:00+05:30,1993.8684,1998.5607029318946,4.692302931894574,2023-03-24 18:00:00+05:30,1998.7561029318947,initial_stop,-1.0416426651979114,20,2.1426033128893507,0.6699500874220914,1,8872.081933643045,2023
2023-03-24,short,2023-03-24 19:25:00+05:30,1993.6707,2000.57936611346,6.908666113460185,2023-03-24 19:35:00+05:30,1993.8357999999998,breakeven,-0.023897521936727183,2,2.228793710944588,0.5077982476414495,2,8869.961725916708,2023
2023-03-28,short,2023-03-28 18:25:00+05:30,1964.5163,1968.0134836086365,3.497183608636533,2023-03-28 19:00:00+05:30,1963.6163999999999,trail,0.2573213478919871,7,1.0973319275356808,0.5821596702886346,1,8892.78603098734,2023
2023-03-29,short,2023-03-29 17:00:00+05:30,1964.4478,1967.2047799546322,2.756979954632243,2023-03-29 17:25:00+05:30,1967.3674799546322,initial_stop,-1.0590138494575267,5,3.0016041986116724,0.5822741957739573,1,8798.61019531656,2023
2023-03-29,short,2023-03-29 18:15:00+05:30,1962.6258999999998,1966.6086306315008,3.982730631500999,2023-03-29 19:15:00+05:30,1966.7740306315009,initial_stop,-1.041529296179831,12,1.261628139563804,1.350287330963729,2,8706.970092475673,2023
2023-03-30,short,2023-03-30 18:05:00+05:30,1971.5643,1974.8696352655093,3.3053352655092567,2023-03-30 18:25:00+05:30,1971.7447,breakeven,-0.05457842715152492,4,1.2826330638589167,0.7771603366815817,1,8702.217965146645,2023
2023-04-10,short,2023-04-10 17:40:00+05:30,1999.5125,2002.060946449084,2.54844644908394,2023-04-10 17:55:00+05:30,1999.685,breakeven,-0.06768829694730548,3,2.533866312836005,0.3053407607210615,1,8696.327582009395,2023
2023-04-11,short,2023-04-11 15:20:00+05:30,2003.3510999999999,2005.868149466049,2.5170494660492295,2023-04-11 17:25:00+05:30,2001.2816,trail,0.822192820567857,25,1.1774714046357568,0.2542895991234103,1,8767.828163041739,2023
2023-04-12,long,2023-04-12 14:45:00+05:30,2010.4298000000001,2008.0215509521734,2.4082490478267573,2023-04-12 15:55:00+05:30,2007.8564509521734,initial_stop,-1.068556032503751,14,0.9874032810904859,0.46492082741936386,1,8674.139006285994,2023
2023-04-12,long,2023-04-12 17:00:00+05:30,2010.2084,2008.1318566898772,2.0765433101228155,2023-04-12 17:10:00+05:30,2007.9714566898772,initial_stop,-1.0772437537026351,2,2.41316349712948,0.3080301569769405,2,8580.697385653293,2023
2023-04-14,long,2023-04-14 16:15:00+05:30,2039.2821999999999,2036.4668260943315,2.815373905668366,2023-04-14 16:30:00+05:30,2036.2960260943314,initial_stop,-1.0606668974434328,3,0.7014348714394315,0.32660205167169126,1,8489.684768913874,2023
2023-04-17,long,2023-04-17 17:25:00+05:30,2010.2906,2007.8784089213932,2.4121910786068383,2023-04-17 17:55:00+05:30,2007.6955089213932,initial_stop,-1.0758231806850276,6,3.8828460731957617,0.6851821609553579,1,8398.350772202812,2023
2023-04-18,long,2023-04-18 19:20:00+05:30,1998.2085000000002,1993.6852293764218,4.523270623578355,2023-04-18 20:40:00+05:30,2007.2020000000002,trail,1.9882736958341198,16,2.1055918586984874,0.9684527496785692,1,8565.332971490401,2023
2023-04-24,short,2023-04-24 14:35:00+05:30,1984.1554000000003,1986.8378771894543,2.682477189453948,2023-04-24 15:00:00+05:30,1987.0302771894542,initial_stop,-1.0717247478399146,5,0.39100260093455,0.40576494403116964,1,8473.536178300046,2023
2023-04-24,short,2023-04-24 15:30:00+05:30,1982.9769000000001,1985.8838180633768,2.906918063376679,2023-04-24 19:40:00+05:30,1979.3401000000001,trail,1.2510844546390423,50,0.34011123017262684,1.2307383627052013,2,8579.547272184973,2023
2023-04-25,long,2023-04-25 18:20:00+05:30,1993.7669,1988.6194461831783,5.1474538168217805,2023-04-25 18:50:00+05:30,1988.4256461831783,initial_stop,-1.0376496821334609,6,5.587426700797688,1.4320732452814922,1,8490.521627186656,2023
2023-04-26,short,2023-04-26 19:35:00+05:30,1999.7471,2005.8990091232088,6.151909123208725,2023-04-26 23:15:00+05:30,1987.4526999999998,trail,1.998469053064894,44,2.421959181254367,0.7636626702957419,1,8660.202074349763,2023
2023-04-28,long,2023-04-28 15:20:00+05:30,1983.5009,1980.7630336119907,2.7378663880092518,2023-04-28 17:55:00+05:30,1980.5650336119907,initial_stop,-1.0723190879099334,31,0.6535855242266907,0.5054498402700609,1,8567.33707445494,2023
2023-04-28,long,2023-04-28 18:30:00+05:30,1984.5078999999998,1979.4220555251713,5.085844474828491,2023-04-28 19:10:00+05:30,1984.8792999999998,trail,0.0730262204906529,8,2.6486566051492004,0.667218839464795,2,8573.593476917109,2023
2023-05-02,short,2023-05-02 17:30:00+05:30,1986.2579,1988.8768682549924,2.6189682549922964,2023-05-02 19:00:00+05:30,1989.0484682549925,initial_stop,-1.065521985489141,18,2.677708530744109,0.44996292618280065,1,8482.239953474094,2023
2023-05-04,long,2023-05-04 19:05:00+05:30,2034.1249,2029.2158827506798,4.909017249320186,2023-05-04 20:35:00+05:30,2051.3115,trail,3.5010266061664006,18,0.20221135427054246,0.42637467184360184,1,8779.205431044098,2023
2023-05-08,short,2023-05-08 15:50:00+05:30,2023.6236,2025.7914368472213,2.1678368472214515,2023-05-08 18:10:00+05:30,2025.9378368472214,initial_stop,-1.06753275745254,28,0.5832274378704354,0.7392184221051018,1,8685.48453722365,2023
2023-05-08,short,2023-05-08 19:35:00+05:30,2023.2751000000003,2027.1481838948184,3.873083894818137,2023-05-08 20:55:00+05:30,2027.2936838948185,initial_stop,-1.0375669631620297,16,0.3560399424766865,0.5878423823669844,2,8595.366819074872,2023
2023-05-09,short,2023-05-09 17:50:00+05:30,2030.1113,2032.4785224180107,2.3672224180106696,2023-05-09 19:00:00+05:30,2026.7111,trail,1.436366931189106,14,2.0459459819561348,0.3289736931341647,1,8718.827825678465,2023
2023-05-10,short,2023-05-10 19:55:00+05:30,2035.5462000000002,2042.0388624432771,6.492662443276913,2023-05-10 21:25:00+05:30,2025.3786000000002,trail,1.5660139563436632,18,0.3175173646075984,0.27676140437427493,1,8855.365886258165,2023
2023-05-11,long,2023-05-11 14:55:00+05:30,2023.8182000000002,2020.2924041780382,3.5257958219619923,2023-05-11 15:50:00+05:30,2026.6709999999998,trail,0.8091222929670866,11,0.2778855615769171,0.6706146207651438,1,8927.016625767683,2023
2023-05-15,short,2023-05-15 19:35:00+05:30,2018.9500999999998,2022.6180732563034,3.6679732563036396,2023-05-15 20:50:00+05:30,2016.1000000000001,trail,0.7770231135414041,15,1.4079683669962422,0.3822319621745142,1,8996.381608299582,2023
2023-05-17,long,2023-05-17 15:50:00+05:30,1987.2545,1984.8939183828109,2.3605816171891547,2023-05-17 17:50:00+05:30,1984.7347183828108,initial_stop,-1.0674410064201134,24,1.9103569699316625,1.0766397320477414,1,8900.350541918555,2023
2023-05-17,long,2023-05-17 18:40:00+05:30,1986.7058000000002,1983.329877267863,3.375922732137269,2023-05-17 19:00:00+05:30,1983.169377267863,initial_stop,-1.047542557319831,4,2.449898997878511,0.3969456604159801,2,8807.115582241311,2023
2023-05-22,short,2023-05-22 14:55:00+05:30,1980.4134000000001,1982.9958982858552,2.582498285855081,2023-05-22 17:45:00+05:30,1973.9233,trail,2.513109122103947,34,1.2038129340874963,0.5279221304690205,1,9028.448007332856,2023
2023-05-23,long,2023-05-23 16:25:00+05:30,1957.9889,1955.4704457982482,2.518454201751865,2023-05-23 18:00:00+05:30,1959.066,trail,0.42768298079462,19,2.0938345414187864,0.6367737832394463,1,9067.06114289011,2023
2023-05-25,long,2023-05-25 18:50:00+05:30,1952.225,1946.2665698788915,5.958430121108449,2023-05-25 19:10:00+05:30,1946.0848698788914,initial_stop,-1.0304946095375689,4,3.5840597997973385,0.8349112527267363,1,8973.625566569151,2023
2023-05-25,long,2023-05-25 19:40:00+05:30,1950.6276,1944.408444253906,6.219155746093975,2023-05-25 20:25:00+05:30,1944.219344253906,initial_stop,-1.0304060563395312,9,1.7475070315900736,0.2717940634977459,2,8881.160785257991,2023
2023-05-29,long,2023-05-29 16:25:00+05:30,1945.1921,1943.757027404798,1.435072595201973,2023-05-29 17:30:00+05:30,1945.5606,trail,0.2567814347734632,13,0.5297027049842257,0.6104645523816051,1,8903.965957346914,2023
2023-05-31,short,2023-05-31 19:35:00+05:30,1961.6389,1967.1087184548655,5.469818454865617,2023-05-31 19:50:00+05:30,1967.2808184548655,initial_stop,-1.031463567103751,3,1.9038475075970038,2.601817972858575,1,8812.12479246956,2023
2023-06-01,short,2023-06-01 17:50:00+05:30,1962.2579,1965.5563531338987,3.298453133898647,2023-06-01 18:00:00+05:30,1962.4613,breakeven,-0.06166526906491559,2,2.5114853833064603,1.3362780191940897,1,8806.690772005948,2023
2023-06-02,long,2023-06-02 19:00:00+05:30,1976.4115000000002,1971.73117588191,4.680324118090084,2023-06-02 19:05:00+05:30,1971.5070758819102,initial_stop,-1.047881299317227,1,2.831743814360167,0.5213890528105367,1,8714.407106317401,2023
2023-06-05,long,2023-06-05 18:25:00+05:30,1941.8217000000002,1939.1567343872616,2.6649656127385697,2023-06-05 19:05:00+05:30,1944.3013,trail,0.9304435254801682,8,1.4118030513937292,1.355651793668608,1,8795.489743022115,2023
2023-06-06,short,2023-06-06 15:50:00+05:30,1961.9903000000002,1964.2275515964138,2.237251596413671,2023-06-06 16:00:00+05:30,1964.4025515964138,initial_stop,-1.0782209744672797,2,0.3589777939849582,0.9920139038066802,1,8700.654927805732,2023
2023-06-06,short,2023-06-06 17:30:00+05:30,1962.6266,1964.7370377763427,2.1104377763426783,2023-06-06 17:35:00+05:30,1964.9117377763428,initial_stop,-1.0827790337902212,1,1.9080266675558442,0.403690164387051,2,8606.446060445016,2023
2023-06-07,short,2023-06-07 19:35:00+05:30,1965.7965,1969.880509108583,4.084009108583132,2023-06-07 22:50:00+05:30,1942.7504999999999,trail,5.642984476103535,39,0.4375626948072144,1.7507604620421306,1,9092.106475580153,2023
2023-06-09,long,2023-06-09 15:50:00+05:30,1963.7261,1961.75646307056,1.9696369294401848,2023-06-09 17:35:00+05:30,1965.0114999999998,trail,0.6526075850766536,21,1.3723359158722803,0.6908848424030513,1,9151.442252083034,2023
2023-06-12,short,2023-06-12 16:55:00+05:30,1961.7575,1963.862555253837,2.1050552538370084,2023-06-12 17:00:00+05:30,1964.0250552538369,initial_stop,-1.077195123360164,1,3.9226085836287288,1.3255676235462202,1,9052.863362426475,2023
2023-06-12,short,2023-06-12 18:05:00+05:30,1962.6607999999999,1965.208209577232,2.5474095772322016,2023-06-12 20:15:00+05:30,1952.4982,trail,3.9893859593013308,26,2.354679436200056,0.3259810344414943,2,9414.01702232185,2023
2023-06-14,short,2023-06-14 16:05:00+05:30,1948.6018,1950.597187023968,1.9953870239680782,2023-06-14 17:25:00+05:30,1946.9861999999998,trail,0.8096674883588558,16,3.936400870983492,0.6052229958012786,1,9490.23925750016,2023
2023-06-15,long,2023-06-15 18:05:00+05:30,1931.2633,1926.9197254948954,4.343574505104698,2023-06-15 20:15:00+05:30,1955.0175,trail,5.46881375514181,26,0.7763009716800757,1.7032096079310417,1,10009.242767410196,2023
2023-06-19,long,2023-06-19 20:05:00+05:30,1953.012,1951.0294633086144,1.982536691385576,2023-06-19 21:20:00+05:30,1950.8495633086143,initial_stop,-1.0907423306624193,15,1.4841777223086077,0.7354973982869385,1,9900.067719567287,2023
2023-06-21,long,2023-06-21 19:00:00+05:30,1929.5715000000002,1925.2826472404417,4.288852759558495,2023-06-21 19:05:00+05:30,1925.1176472404418,initial_stop,-1.0384718266749147,1,1.418570810201405,0.4110397779686153,1,9797.258305477842,2023
2023-06-21,long,2023-06-21 20:00:00+05:30,1930.8758,1924.3316688733746,6.544131126625416,2023-06-22 00:25:00+05:30,1935.4868,trail,0.7046007958550199,53,1.3436801306114179,0.669406146639627,2,9866.289865470211,2023
2023-06-22,long,2023-06-22 18:00:00+05:30,1926.4619000000002,1923.5166388944356,2.9452611055646685,2023-06-22 18:10:00+05:30,1926.2949000000003,breakeven,-0.056701254664448135,2,0.94712995689777,0.902908810804468,1,9860.695555327658,2023
2023-06-23,short,2023-06-23 17:10:00+05:30,1918.8499,1920.706868415046,1.8569684150461399,2023-06-23 17:35:00+05:30,1920.868868415046,initial_stop,-1.0872389636180264,5,1.4132304727340783,0.5845608270744096,1,9753.486231166386,2023
2023-06-23,short,2023-06-23 17:45:00+05:30,1919.0540999999998,1921.0811920564113,2.0270920564114476,2023-06-23 17:45:00+05:30,1921.2455920564114,initial_stop,-1.0811013981728836,0,1.3641546337483201,0.31245100229912187,2,9648.041155150646,2023
2023-06-26,short,2023-06-26 14:40:00+05:30,1931.4770000000003,1933.8711483595055,2.3941483595051523,2023-06-26 19:40:00+05:30,1925.1294,trail,2.6512976837042266,60,0.31303826377405974,0.2593745614120835,1,9903.839446819986,2023
2023-06-27,long,2023-06-27 17:30:00+05:30,1923.3017,1921.2195106279032,2.0821893720967637,2023-06-27 18:15:00+05:30,1925.4903,trail,1.0511051633099213,9,2.4539216203798278,1.0412937246268608,1,10007.939214611435,2023
2023-06-29,short,2023-06-29 18:05:00+05:30,1901.1309999999999,1904.6407718529651,3.5097718529652866,2023-06-29 19:05:00+05:30,1897.0919999999999,trail,1.150787050898358,12,3.3983214911883297,3.099584351232225,1,10123.109283154963,2023
2023-06-30,short,2023-06-30 18:20:00+05:30,1909.0102000000002,1913.0758414711834,4.0656414711831985,2023-06-30 18:40:00+05:30,1913.2550414711834,initial_stop,-1.0440766853816763,4,1.9907899335585684,0.42794369374300895,1,10017.416259293834,2023
2023-07-03,short,2023-07-03 18:35:00+05:30,1920.144,1922.845807438127,2.7018074381269344,2023-07-03 18:45:00+05:30,1923.0146074381269,initial_stop,-1.0624766952736433,2,0.9055956029734115,0.5135628744137631,1,9910.983546070283,2023
2023-07-05,short,2023-07-05 18:20:00+05:30,1928.878,1931.3858090193248,2.5078090193248954,2023-07-05 18:40:00+05:30,1931.5498090193248,initial_stop,-1.0653957293941532,4,0.08635325044767599,0.6550936240844171,1,9805.392350629494,2023
2023-07-05,short,2023-07-05 19:05:00+05:30,1928.4947,1932.2968443839966,3.8021443839966196,2023-07-05 20:30:00+05:30,1923.0380000000002,trail,1.4351638046590762,17,2.894173527475048,0.6302317092591552,2,9946.115792550538,2023
2023-07-06,long,2023-07-06 14:35:00+05:30,1918.8186,1916.9216104180798,1.896989581920252,2023-07-06 15:15:00+05:30,1916.7569104180798,initial_stop,-1.0868217735984187,8,0.09185427231470979,0.4879758216725484,1,9838.019240489788,2023
2023-07-06,long,2023-07-06 15:45:00+05:30,1918.7894999999999,1917.0158942818919,1.7736057181080014,2023-07-06 17:05:00+05:30,1924.3738,trail,3.1485577335402812,16,1.9057347439702244,0.4756544356065519,2,10147.77495611341,2023
2023-07-07,short,2023-07-07 16:20:00+05:30,1916.1203,1917.989672226267,1.8693722262669326,2023-07-07 17:00:00+05:30,1918.152472226267,initial_stop,-1.0870880596772141,8,1.3394380307616702,0.4737750239818979,1,10037.459706242586,2023
2023-07-07,short,2023-07-07 17:50:00+05:30,1914.2939999999999,1916.5540736375244,2.260073637524556,2023-07-07 17:55:00+05:30,1916.7835736375243,initial_stop,-1.1015453639162334,1,1.881782482227642,2.1247468027185863,2,9926.89253419351,2023
2023-07-12,short,2023-07-12 18:25:00+05:30,1942.747,1947.564927240885,4.817927240884956,2023-07-12 18:45:00+05:30,1947.727927240885,initial_stop,-1.0338319762525245,4,2.632409760301236,0.4737480106077462,1,9824.265144926792,2023
2023-07-17,short,2023-07-17 17:55:00+05:30,1954.4167000000002,1957.3931044048163,2.976404404816094,2023-07-17 18:45:00+05:30,1950.875,trail,1.1899256681213832,10,2.3570800968328802,1.4408370713870993,1,9941.166597590578,2023
2023-07-18,short,2023-07-18 17:05:00+05:30,1963.2909,1966.7065483365345,3.4156483365345593,2023-07-18 17:55:00+05:30,1966.9278483365345,initial_stop,-1.0647900422396688,10,4.299201807296904,1.1365096161845485,1,9835.314045576977,2023
2023-07-18,short,2023-07-18 18:05:00+05:30,1962.737,1967.484668811464,4.747668811463882,2023-07-18 18:20:00+05:30,1967.658768811464,initial_stop,-1.0366706286629694,3,0.8675385488031111,1.046603444997216,2,9733.354233629718,2023
2023-07-20,long,2023-07-20 18:45:00+05:30,1977.701,1974.0738373917839,3.6271626082161674,2023-07-20 19:10:00+05:30,1973.9148373917837,initial_stop,-1.0438359172649008,5,2.6484620133632686,0.2740783129296888,1,9631.753986184467,2023
2023-07-21,long,2023-07-21 17:50:00+05:30,1967.2484000000002,1964.9898528528522,2.258547147147965,2023-07-21 18:00:00+05:30,1964.8258528528522,initial_stop,-1.0726130513622805,2,1.6898815898781643,0.4909179822947559,1,9528.442535853546,2023
2023-07-24,short,2023-07-24 15:15:00+05:30,1964.6063,1966.8413362407805,2.2350362407805733,2023-07-24 16:30:00+05:30,1966.9977362407806,initial_stop,-1.0699764939585295,15,0.831271913527667,0.30052935923576146,1,9426.490440479567,2023
2023-07-24,short,2023-07-24 17:55:00+05:30,1964.6570000000002,1966.7315933197901,2.074593319789983,2023-07-24 18:00:00+05:30,1966.8862933197902,initial_stop,-1.0745688316473074,1,1.4626542011078145,0.2688856435508558,2,9325.19631228796,2023
2023-07-25,long,2023-07-25 17:25:00+05:30,1959.8017,1957.166667368194,2.6350326318058706,2023-07-25 17:45:00+05:30,1959.6343,breakeven,-0.06352862502705282,4,3.9954087132657348,1.1585064413010777,1,9319.27214328969,2023
2023-07-28,short,2023-07-28 17:50:00+05:30,1954.5564000000002,1957.252847772495,2.696447772494821,2023-07-28 18:00:00+05:30,1957.455047772495,initial_stop,-1.0749875454894746,2,2.3635630255986455,0.4440322314511647,1,9219.091128419057,2023
2023-07-28,short,2023-07-28 18:35:00+05:30,1952.8652000000002,1956.8242877984735,3.9590877984733197,2023-07-28 19:15:00+05:30,1956.9951877984736,initial_stop,-1.0431665092312365,8,1.5698725041254193,1.1846147313280455,2,9122.92065731188,2023
2023-07-31,short,2023-07-31 17:15:00+05:30,1959.0328000000002,1961.0163897597577,1.9835897597574785,2023-07-31 17:55:00+05:30,1961.1794897597576,initial_stop,-1.0822246632387975,8,1.3661638892639505,0.7311089997984895,1,9024.190159950746,2023
2023-08-02,long,2023-08-02 18:20:00+05:30,1948.6003999999998,1944.8821160689697,3.7182839310301006,2023-08-02 18:30:00+05:30,1944.7240160689698,initial_stop,-1.0425196146750626,2,1.6867987010940926,0.8773154599215574,1,8930.111207467682,2023
2023-08-03,short,2023-08-03 14:40:00+05:30,1936.7232999999999,1939.6720060055325,2.9487060055325856,2023-08-03 16:40:00+05:30,1935.3667,trail,0.4600662112311259,24,0.4658552743265587,0.2742217923317701,1,8971.195631758605,2023
2023-08-04,short,2023-08-04 18:30:00+05:30,1938.9365,1944.1534562769625,5.216956276962492,2023-08-04 18:35:00+05:30,1944.3192562769625,initial_stop,-1.0317809832396228,1,0.922232401108607,0.3679034406998504,1,8878.632541260895,2023
2023-08-04,short,2023-08-04 20:25:00+05:30,1939.2192,1943.724106158024,4.504906158023914,2023-08-04 21:10:00+05:30,1943.876806158024,initial_stop,-1.0338963775589673,9,3.2036467940184585,0.3012113184644802,2,8786.836681040028,2023
2023-08-07,long,2023-08-07 15:35:00+05:30,1935.7832,1933.947692900086,1.835507099914139,2023-08-07 15:55:00+05:30,1933.801692900086,initial_stop,-1.0795420513528864,4,0.18092224194294812,1.4248368037615895,1,8691.9790840845,2023
2023-08-07,long,2023-08-07 16:20:00+05:30,1935.1332,1933.2482110711135,1.8849889288865143,2023-08-07 19:15:00+05:30,1938.2948000000001,trail,1.6772512302593365,35,0.9794866267553475,0.6231511358351121,2,8837.765410206192,2023
2023-08-08,short,2023-08-08 14:35:00+05:30,1934.1725000000001,1936.2338748546817,2.061374854681617,2023-08-08 16:40:00+05:30,1932.7105,trail,0.7092353904870082,25,0.1291587783614448,0.7791359504401019,1,8900.445970223593,2023
2023-08-10,short,2023-08-10 19:00:00+05:30,1920.2315000000003,1924.5371745907978,4.30567459079748,2023-08-10 19:10:00+05:30,1924.7005745907977,initial_stop,-1.0379499185445054,2,4.4294359332400015,0.29524748582947535,1,8808.06379852556,2023
2023-08-10,long,2023-08-10 20:40:00+05:30,1914.401,1910.3250159332338,4.075984066766296,2023-08-10 21:55:00+05:30,1919.5565,trail,1.2648479276539448,15,0.04240119427543009,0.30498208412536626,2,8919.472410947648,2023
2023-08-11,short,2023-08-11 17:50:00+05:30,1918.6294,1920.0853369208203,1.4559369208202497,2023-08-11 17:50:00+05:30,1920.2474369208203,initial_stop,-1.111337241113911,0,1.1879395117469955,1.0356792099820156,1,8820.346992333907,2023
2023-08-11,short,2023-08-11 18:05:00+05:30,1916.4770000000003,1918.9091121410504,2.4321121410500837,2023-08-11 18:30:00+05:30,1916.6367000000002,breakeven,-0.06566309065460199,5,1.3473390096692186,2.485805294276086,2,8814.55527989228,2023
2023-08-14,long,2023-08-14 21:10:00+05:30,1911.2511000000002,1908.3081824013968,2.9429175986033442,2023-08-15 00:20:00+05:30,1908.1577824013968,initial_stop,-1.0511057462401827,38,5.685491388055542,0.3224510479947753,1,8721.904982839815,2023
2023-08-15,long,2023-08-15 18:15:00+05:30,1903.416,1899.400571699662,4.015428300338044,2023-08-15 19:00:00+05:30,1903.253,breakeven,-0.040593428099883776,9,2.8861787635811567,0.6557966110622467,1,8718.364462611666,2023
2023-08-16,long,2023-08-16 19:10:00+05:30,1905.8060000000003,1902.5427792234368,3.2632207765634575,2023-08-16 21:00:00+05:30,1902.3957792234369,initial_stop,-1.0450475190203778,22,2.746569735372802,1.3217038159036785,1,8627.253411095988,2023
2023-08-17,short,2023-08-17 19:05:00+05:30,1898.5296,1902.0653737223613,3.5357737223612276,2023-08-17 19:10:00+05:30,1902.2293737223613,initial_stop,-1.0463830586676983,1,1.2451954496641282,1.6306342505237414,1,8536.979292973949,2023
2023-08-18,short,2023-08-18 16:15:00+05:30,1894.285,1895.8597264424552,1.5747264424551304,2023-08-18 18:35:00+05:30,1891.7156999999997,trail,1.6315849729395446,28,0.5455589103184805,1.0911178206382333,1,8676.267364261072,2023
2023-08-21,short,2023-08-21 19:20:00+05:30,1890.3693,1893.8865938639683,3.5172938639682343,2023-08-21 20:35:00+05:30,1887.8649,trail,0.7120246692082053,15,4.583242540135909,0.3578659554608773,1,8738.04452826107,2023
2023-08-22,long,2023-08-22 19:35:00+05:30,1893.3917,1889.8817932931079,3.509906706892025,2023-08-22 21:45:00+05:30,1897.5686,trail,1.1900316301280693,26,1.0558724929340968,1.3600714519463493,1,8842.030022002053,2023
2023-08-23,short,2023-08-23 18:10:00+05:30,1906.141,1908.6267444762009,2.485744476200807,2023-08-23 18:10:00+05:30,1908.7857444762008,initial_stop,-1.0639647403513062,0,1.3925035744749867,0.27506243446435413,1,8747.953940236674,2023
2023-08-23,short,2023-08-23 18:25:00+05:30,1905.788,1908.7459448302527,2.9579448302527,2023-08-23 18:50:00+05:30,1908.9076448302526,initial_stop,-1.0546663339850284,5,1.4864868172137624,0.4846852245051529,2,8655.69221511648,2023
2023-08-24,long,2023-08-24 15:20:00+05:30,1920.333,1918.7634766811339,1.5695233188662314,2023-08-24 16:40:00+05:30,1918.607376681134,initial_stop,-1.0994569485674703,16,0.36215429225021906,0.38615672097643267,1,8560.526605610768,2023
2023-08-25,short,2023-08-25 15:15:00+05:30,1916.4004,1918.0774017348263,1.6770017348262627,2023-08-25 17:25:00+05:30,1918.2369017348262,initial_stop,-1.0951102176507315,26,1.400483367458155,0.6271701369481053,1,8466.779404068016,2023
2023-08-25,short,2023-08-25 18:20:00+05:30,1916.489,1918.427920534897,1.938920534897079,2023-08-25 19:25:00+05:30,1916.0222999999999,trail,0.24070094240605208,13,3.669066869561678,0.43626099973461363,2,8487.159021885049,2023
2023-08-28,long,2023-08-28 15:55:00+05:30,1914.355,1913.1730216672397,1.181978332760309,2023-08-28 17:40:00+05:30,1914.3515,trail,-0.002961137190947713,21,0.43874457152507385,0.29249638101731507,1,8486.907705462796,2023
2023-08-29,long,2023-08-29 19:20:00+05:30,1921.2451,1918.7390995646936,2.5060004353065324,2023-08-29 21:40:00+05:30,1936.1658000000002,trail,5.953989388742877,28,5.312432552411224,0.2811688619702566,1,8992.217289678452,2023
2023-08-30,short,2023-08-30 15:05:00+05:30,1937.5909,1939.1056101150623,1.5147101150623712,2023-08-30 17:10:00+05:30,1939.2503101150623,initial_stop,-1.0955298301378933,25,0.9687977449843946,0.36393989361827367,1,8893.704866879209,2023
2023-09-01,short,2023-09-01 19:25:00+05:30,1941.4532,1946.4904521785552,5.0372521785552635,2023-09-01 20:20:00+05:30,1938.9019999999998,trail,0.5064666031335796,11,4.366535019815695,0.3371350215141129,1,8938.748511811218,2023
2023-09-06,long,2023-09-06 15:25:00+05:30,1925.1467,1923.501663828701,1.645036171298898,2023-09-06 16:05:00+05:30,1926.7841,trail,0.9953580526482905,8,0.7170718170563412,1.3649641638216543,1,9027.72106492951,2023
2023-09-07,short,2023-09-07 16:45:00+05:30,1920.8813,1922.504587178521,1.6232871785209682,2023-09-07 17:30:00+05:30,1922.665687178521,initial_stop,-1.0992430680976712,9,1.2349218998545783,0.5628693997138953,1,8928.48446691608,2023
2023-09-07,short,2023-09-07 17:55:00+05:30,1920.6905000000002,1922.3856244209744,1.6951244209742526,2023-09-07 18:20:00+05:30,1920.8442000000002,breakeven,-0.09067181033928731,5,2.3950524613919817,0.758763176473781,2,8920.388848414064,2023
2023-09-08,long,2023-09-08 16:35:00+05:30,1924.0187,1922.8656058268691,1.1530941731309667,2023-09-08 17:15:00+05:30,1922.706505826869,initial_stop,-1.1379765883024804,8,0.2952120897304287,0.5713458471302139,1,8818.876911733567,2023
2023-09-08,long,2023-09-08 17:35:00+05:30,1923.9247,1922.6358275930384,1.2888724069616728,2023-09-08 18:15:00+05:30,1923.7683,breakeven,-0.12134637932762175,8,1.5941653451023456,0.35484162835008787,2,8808.17552390382,2023
2023-09-11,long,2023-09-11 16:45:00+05:30,1925.6399999999999,1924.3865071660355,1.2534928339644011,2023-09-11 18:00:00+05:30,1924.2294071660356,initial_stop,-1.1253297950679484,15,0.15606776579787712,0.3581439481030507,1,8709.054500331447,2023
2023-09-11,long,2023-09-11 18:05:00+05:30,1926.1502,1924.255776697672,1.8944233023280503,2023-09-11 19:05:00+05:30,1928.1798000000001,trail,1.0713550648927854,12,0.6089439105881725,0.7963112676925493,2,8802.35939682502,2023
2023-09-13,short,2023-09-13 14:40:00+05:30,1911.155,1912.4557368142575,1.3007368142575615,2023-09-13 15:05:00+05:30,1912.5987368142576,initial_stop,-1.1099376894945894,5,1.2952775939406884,0.41791521567993656,1,8704.658692314892,2023
2023-09-13,short,2023-09-13 15:15:00+05:30,1911.113,1912.4532606335615,1.3402606335614564,2023-09-13 16:25:00+05:30,1912.6232606335616,initial_stop,-1.1268410007300849,14,1.6651852446263804,0.47181645330851874,2,8606.571029196271,2023
2023-09-14,long,2023-09-14 18:45:00+05:30,1907.431,1903.5820468567028,3.8489531432971944,2023-09-14 18:55:00+05:30,1903.426046856703,initial_stop,-1.0405305012017663,2,2.739271148988481,0.556194438515331,1,8517.01703252989,2023
2023-09-14,short,2023-09-14 20:55:00+05:30,1908.6113,1912.4398463848079,3.8285463848078507,2023-09-15 07:00:00+05:30,1912.6065463848079,initial_stop,-1.0435413295922122,109,1.0969081860196914,0.3539029644942573,2,8428.138439747032,2023
2023-09-18,long,2023-09-18 17:45:00+05:30,1927.2459999999999,1925.8843009812388,1.3616990187611009,2023-09-18 17:50:00+05:30,1925.7363009812389,initial_stop,-1.1086877481446407,1,1.6854500730683568,0.37097998191989934,1,8334.696701468887,2023
2023-09-18,long,2023-09-18 20:15:00+05:30,1927.51,1924.7540730712356,2.7559269287644383,2023-09-18 23:30:00+05:30,1931.9430000000002,trail,1.608533213900436,39,0.64191761995907,0.3757286307757679,2,8468.763066189878,2023
2023-09-22,short,2023-09-22 14:50:00+05:30,1925.9950000000001,1927.4492895343997,1.4542895343995497,2023-09-22 16:35:00+05:30,1925.6775,trail,0.21831966227495356,21,1.5733723869904537,0.7790484634612994,1,8487.25204111485,2023
2023-09-25,long,2023-09-25 20:20:00+05:30,1918.857,1915.4301897392488,3.4268102607511537,2023-09-26 00:10:00+05:30,1915.2841897392489,initial_stop,-1.042605218524108,46,1.7924702601408462,0.3450581591070558,1,8398.763508424894,2023
2023-09-26,long,2023-09-26 18:15:00+05:30,1908.6364,1905.7516606975319,2.8847393024682333,2023-09-26 18:55:00+05:30,1905.592960697532,initial_stop,-1.055013636713781,8,1.48995414714391,0.7961029511702395,1,8310.15540809567,2023
2023-09-26,long,2023-09-26 19:45:00+05:30,1908.1652,1904.8668334822773,3.2983665177225703,2023-09-26 20:35:00+05:30,1904.7017334822774,initial_stop,-1.0500550800260777,10,1.725635674901293,0.3899364591352664,2,8222.894199074899,2023
2023-09-29,short,2023-09-29 19:10:00+05:30,1872.8551,1876.7577866435029,3.902686643502875,2023-09-29 21:25:00+05:30,1855.719,trail,4.390847015229323,27,2.950361724887899,0.7387254938935288,1,8583.948903580444,2023
2023-10-02,long,2023-10-02 15:10:00+05:30,1834.1457,1831.0076567358044,3.1380432641956304,2023-10-02 17:45:00+05:30,1836.5606,trail,0.7695559929187261,31,1.5208816630280024,0.35423743414826886,1,8650.007196797029,2023
2023-10-03,short,2023-10-03 19:20:00+05:30,1827.55,1831.7198733590767,4.169873359076746,2023-10-03 19:40:00+05:30,1827.73,breakeven,-0.04316677858051727,4,0.9619706031954312,0.8788834086085331,1,8646.27326734319,2023
2023-10-04,short,2023-10-04 16:50:00+05:30,1824.8397,1827.2092052029445,2.369505202944538,2023-10-04 17:20:00+05:30,1827.3592052029446,initial_stop,-1.0633043556155475,6,1.3833029163282213,0.4680416281029667,1,8554.337067093107,2023
2023-10-04,short,2023-10-04 17:30:00+05:30,1824.8956999999998,1827.3389693650329,2.443269365033075,2023-10-04 17:45:00+05:30,1827.5029693650329,initial_stop,-1.0671231761618585,3,1.481372031312573,0.4104744056138331,2,8463.051753683152,2023
2023-10-05,long,2023-10-05 19:00:00+05:30,1819.3135,1815.4708115239425,3.8426884760574467,2023-10-05 21:10:00+05:30,1815.3127115239427,initial_stop,-1.0411430697505006,26,2.814771385216554,0.48729712709401635,1,8374.939276860281,2023
2023-10-06,short,2023-10-06 16:00:00+05:30,1823.6954,1825.536333533703,1.840933533703037,2023-10-06 17:20:00+05:30,1822.2775000000001,trail,0.7702070574747001,16,1.0729604064312361,0.49652329870424056,1,8439.44365022988,2023
2023-10-09,long,2023-10-09 18:20:00+05:30,1847.3414,1844.610316396344,2.7310836036560886,2023-10-09 18:45:00+05:30,1844.4622163963438,initial_stop,-1.054227560006531,5,0.6283716335223014,0.8408007853853855,1,8350.472709357935,2023
2023-10-09,long,2023-10-09 19:15:00+05:30,1848.0777,1844.7209535102313,3.3567464897687387,2023-10-09 20:20:00+05:30,1849.8353,trail,0.5236022456140261,13,1.1359634852517053,1.1344005195317322,2,8394.19597198352,2023
2023-10-16,short,2023-10-16 18:05:00+05:30,1919.3694,1923.1622796496556,3.7928796496555606,2023-10-16 19:15:00+05:30,1918.9234000000001,trail,0.11758875608943059,14,1.8230244296506843,0.9587472487706656,1,8404.066602610685,2023
2023-10-19,short,2023-10-19 15:50:00+05:30,1949.145,1951.3802389402397,2.2352389402396966,2023-10-19 16:20:00+05:30,1951.5269389402397,initial_stop,-1.0656305674346735,6,0.7764662540514865,0.9410407404303911,1,8314.510299985697,2023
2023-10-19,short,2023-10-19 17:00:00+05:30,1949.7469,1951.508965209465,1.7620652094649358,2023-10-19 17:20:00+05:30,1951.655965209465,initial_stop,-1.083424835363824,4,1.5441962467042076,0.47375940848837594,2,8224.428830456769,2023
2023-10-23,short,2023-10-23 17:35:00+05:30,1978.6046,1981.3048600993802,2.70026009938033,2023-10-23 17:55:00+05:30,1981.4648600993803,initial_stop,-1.0592535511807917,4,0.5319190613412705,0.4315198306658384,1,8137.311276005818,2023
2023-10-23,short,2023-10-23 18:10:00+05:30,1977.3986,1980.9831931569186,3.5845931569185723,2023-10-23 19:45:00+05:30,1975.8739,trail,0.4253481310862677,19,1.585091548600278,1.0256131551116283,2,8171.923177438981,2023
2023-10-25,short,2023-10-25 19:40:00+05:30,1977.4793,1982.9897025834018,5.510402583401856,2023-10-25 21:00:00+05:30,1976.9444,trail,0.09707094752225132,16,2.5670277786097313,1.053379474750324,1,8179.855740698112,2023
2023-10-26,short,2023-10-26 16:10:00+05:30,1986.7,1989.0521510398337,2.352151039833643,2023-10-26 17:45:00+05:30,1986.7920000000001,trail,-0.039113134506279394,19,4.40663066753546,0.8302347634483039,1,8176.6563427198325,2023
2023-10-27,long,2023-10-27 17:55:00+05:30,1984.9575,1982.3548469427308,2.602653057269208,2023-10-27 18:00:00+05:30,1982.1891469427308,initial_stop,-1.0636658042212792,1,3.216810920381988,0.7238856923528487,1,8089.684045273631,2023
2023-10-27,long,2023-10-27 18:05:00+05:30,1985.3777,1982.3817940475585,2.9959059524414897,2023-10-27 18:20:00+05:30,1982.2197940475585,initial_stop,-1.0540737935608473,3,0.33870216090864774,0.9320464448677193,2,8004.412805770529,2023
2023-10-31,short,2023-10-31 15:35:00+05:30,1996.829,1998.8284164019867,1.999416401986764,2023-10-31 16:15:00+05:30,1998.9874164019868,initial_stop,-1.0795232047922143,8,1.3380695224999004,0.339912822248015,1,7918.003312124877,2023
2023-10-31,short,2023-10-31 18:20:00+05:30,1996.3944000000001,1999.17607416683,2.7816741668298164,2023-10-31 19:15:00+05:30,1999.33297416683,initial_stop,-1.0564048808702726,11,3.240984778176779,0.5600146842855179,2,7834.35713866812,2023
2023-11-01,short,2023-11-01 15:00:00+05:30,1981.3652000000002,1983.9915122637299,2.6263122637296874,2023-11-01 15:40:00+05:30,1984.15351226373,initial_stop,-1.061683449541516,8,1.0934468235411718,0.7581555654508497,1,7751.181065548906,2023
2023-11-02,short,2023-11-02 15:40:00+05:30,1986.4288000000001,1988.362679042842,1.9338790428419088,2023-11-02 16:05:00+05:30,1988.535179042842,initial_stop,-1.089198960316776,5,2.8608554223489793,0.5637732701181937,1,7666.755281970677,2023
2023-11-02,short,2023-11-02 19:00:00+05:30,1985.7243,1989.2669620468462,3.5426620468460897,2023-11-02 20:10:00+05:30,1984.2924,trail,0.40418758014889195,14,2.3679413558805713,0.7053505313828692,2,7697.743354620811,2023
2023-11-03,short,2023-11-03 15:05:00+05:30,1988.7640000000001,1990.7915329610246,2.0275329610244626,2023-11-03 17:55:00+05:30,1991.0607329610245,initial_stop,-1.1327721941762836,34,1.2048686081831559,0.3475889147556834,1,7610.545458320614,2023
2023-11-06,short,2023-11-06 16:20:00+05:30,1986.0605,1987.9891957035582,1.9286957035581054,2023-11-06 17:30:00+05:30,1988.1445957035583,initial_stop,-1.0805725857704842,14,1.6076776279200347,0.8532022582232389,1,7528.307990470401,2023
2023-11-06,short,2023-11-06 17:45:00+05:30,1986.2013,1987.983755157588,1.7824551575879468,2023-11-06 18:50:00+05:30,1986.0322,trail,0.09486914679451088,13,1.5353117202100024,0.7591127901203464,2,7535.4500320290235,2023
2023-11-08,long,2023-11-08 18:00:00+05:30,1963.4856000000002,1961.601712737218,1.8838872627823093,2023-11-08 18:50:00+05:30,1963.3249000000003,breakeven,-0.08530234434653411,10,0.5214494801930367,0.9468731074485162,1,7529.0221164946415,2023
2023-11-09,long,2023-11-09 17:30:00+05:30,1948.9892000000002,1947.067782885161,1.921417114839187,2023-11-09 17:40:00+05:30,1946.917082885161,initial_stop,-1.0784316944176529,2,0.8802990523116659,0.6066543886516066,1,7447.826755710648,2023
2023-11-09,long,2023-11-09 19:25:00+05:30,1949.6204,1946.0980706018067,3.5223293981932784,2023-11-09 21:35:00+05:30,1961.1116,trail,3.262386534857915,26,2.0345459972108375,0.6900799288786096,2,7690.803652928497,2023
2023-11-10,long,2023-11-10 15:20:00+05:30,1955.21,1953.4606297638873,1.7493702361127816,2023-11-10 15:30:00+05:30,1953.3089297638871,initial_stop,-1.0867169206772413,2,1.4959140639602688,0.3552795901903017,1,7607.22638829606,2023
2023-11-13,long,2023-11-13 15:05:00+05:30,1939.3767,1937.2183803004561,2.158319699543881,2023-11-13 15:55:00+05:30,1937.0415803004562,initial_stop,-1.0819155753604623,10,0.24855592740164625,1.6041799554518412,1,7524.922621148154,2023
2023-11-13,long,2023-11-13 16:20:00+05:30,1938.105,1936.49720347882,1.6077965211800347,2023-11-13 16:45:00+05:30,1937.9635,breakeven,-0.08800864918907626,5,0.268663477325309,0.46964836876025956,2,7518.300038396758,2023
2023-11-14,short,2023-11-14 15:25:00+05:30,1946.387,1948.2992452381022,1.9122452381022867,2023-11-14 18:45:00+05:30,1946.547,trail,-0.08367127647229282,40,0.884230812309,0.7935404725855684,1,7512.009380785615,2023
2023-11-15,short,2023-11-15 16:00:00+05:30,1973.0756000000001,1975.1498944875498,2.0742944875496505,2023-11-15 18:30:00+05:30,1972.4072,trail,0.32223004207546047,30,0.5318000580869032,0.4427326634419005,1,7536.215331774033,2023
2023-11-16,short,2023-11-16 19:15:00+05:30,1970.4495000000002,1973.5960220816246,3.1465220816244255,2023-11-16 19:45:00+05:30,1973.7571220816246,initial_stop,-1.0511993864403022,6,1.304221843339486,0.33349812203363677,1,7456.994682445605,2023
2023-11-17,short,2023-11-17 19:15:00+05:30,1985.0896,1988.2999291074884,3.2103291074884055,2023-11-17 21:05:00+05:30,1983.6071,trail,0.46179066082103454,22,4.624120991957592,0.8026502966761717,1,7491.4303874670595,2023
2023-11-21,long,2023-11-21 15:55:00+05:30,1988.6977,1986.1075622129633,2.5901377870366105,2023-11-21 20:35:00+05:30,2003.309,trail,5.641128465492521,56,2.8518714998464816,0.6084431050559584,1,7914.03159952702,2023
2023-11-23,long,2023-11-23 15:15:00+05:30,1994.8527000000001,1992.6277634483652,2.2249365516349826,2023-11-23 15:45:00+05:30,1992.4797634483652,initial_stop,-1.0665187507891647,6,1.3786520936592133,0.9723125292122686,1,7829.626968574685,2023
2023-11-23,long,2023-11-23 16:40:00+05:30,1994.1629999999998,1992.466399873841,1.696600126158728,2023-11-23 18:00:00+05:30,1992.3193998738411,initial_stop,-1.0866438695444147,16,1.8332686095290949,0.41973391905363483,2,7744.5468071124715,2023
2023-11-24,short,2023-11-24 16:40:00+05:30,1995.015,1996.6472661891412,1.6322661891410917,2023-11-24 17:35:00+05:30,1996.7932661891411,initial_stop,-1.0894461950944314,11,0.6206017502036865,0.845174864578833,1,7660.1741365950775,2023
2023-11-24,short,2023-11-24 18:15:00+05:30,1995.2220000000002,1996.9795135217548,1.7575135217546176,2023-11-24 18:55:00+05:30,1997.1402135217547,initial_stop,-1.0914359963725746,8,1.0953620309308605,0.5200329097499489,2,7576.568238683457,2023
2023-11-27,short,2023-11-27 15:40:00+05:30,2013.0192000000002,2015.2988893320316,2.2796893320314666,2023-11-27 19:00:00+05:30,2015.4626893320317,initial_stop,-1.0718518956502168,40,0.1245935764596996,1.1355005490978551,1,7495.358648391896,2023
2023-11-27,short,2023-11-27 19:10:00+05:30,2013.3173000000002,2015.8447394007803,2.5274394007801675,2023-11-27 19:20:00+05:30,2013.4810000000002,breakeven,-0.06476910977550315,2,1.7222240721397357,0.7611009925102468,2,7490.503971320852,2023
2023-11-28,long,2023-11-28 16:30:00+05:30,2014.8560000000002,2013.090539506563,1.765460493437331,2023-11-28 18:40:00+05:30,2012.927439506563,initial_stop,-1.092383828811956,26,0.802898447908483,0.6990160298631031,1,7408.678917241626,2023
2023-11-29,long,2023-11-29 18:20:00+05:30,2041.9918000000002,2039.9122586640287,2.0795413359714985,2023-11-29 19:00:00+05:30,2039.7572586640288,initial_stop,-1.0745356667447832,8,5.985761567013286,0.7008201644018055,1,7329.070019841263,2023
2023-11-29,long,2023-11-29 20:10:00+05:30,2044.774,2041.2175394273393,3.556460572660626,2023-11-29 20:40:00+05:30,2041.0498394273393,initial_stop,-1.0471536227026157,6,2.370092353104374,2.031255181787465,2,7252.3233976180845,2023
2023-11-30,long,2023-11-30 15:55:00+05:30,2038.0610000000001,2035.575893975023,2.4851060249770853,2023-11-30 16:30:00+05:30,2038.2105000000001,trail,0.060158399077306,7,0.36973470389323987,0.42714426394134547,1,7256.68627927,2023
2023-12-01,short,2023-12-01 16:10:00+05:30,2043.7975,2046.1612705437963,2.363770543796363,2023-12-01 18:00:00+05:30,2038.7287,trail,2.144370574928648,22,5.078249089813062,0.3009801453961555,1,7412.296524557551,2023
2023-12-05,long,2023-12-05 14:50:00+05:30,2031.4967000000001,2027.4648372505349,4.03186274946529,2023-12-05 15:35:00+05:30,2027.2974372505348,initial_stop,-1.041519270471755,9,0.8759321556874318,0.545196710471981,1,7335.096027869776,2023
2023-12-06,long,2023-12-06 17:35:00+05:30,2022.4285,2019.927536168278,2.500963831721947,2023-12-06 18:45:00+05:30,2025.1105000000002,trail,1.072386559926239,14,0.6117341229266611,0.5110528818619725,1,7413.756611830335,2023
2023-12-07,short,2023-12-07 16:55:00+05:30,2032.1509999999998,2034.3133083577109,2.1623083577110265,2023-12-07 17:10:00+05:30,2032.3201,breakeven,-0.07820346223841865,3,2.39754629811847,0.4966949032767851,1,7407.958797477954,2023
2023-12-12,long,2023-12-12 16:40:00+05:30,1986.92,1984.9376604974043,1.982339502595778,2023-12-12 18:00:00+05:30,1987.239,trail,0.16092097220594398,16,0.5206458730209647,0.3852997760513373,1,7419.879756795472,2023
2023-12-13,short,2023-12-13 19:15:00+05:30,1983.2393000000002,1986.277654019582,3.0383540195819023,2023-12-13 21:10:00+05:30,1981.1461,trail,0.6889256441184197,23,1.987012693171511,0.4020672145435754,1,7470.997211202787,2023
2023-12-14,long,2023-12-14 19:00:00+05:30,2033.7217000000003,2029.6637357493012,4.057964250699115,2023-12-14 19:00:00+05:30,2029.492035749301,initial_stop,-1.0423118562393743,0,0.5033111167484217,0.7472471794678032,1,7393.126121491107,2023
2023-12-14,long,2023-12-14 19:15:00+05:30,2033.8500000000001,2028.9640176535038,4.885982346496348,2023-12-14 19:50:00+05:30,2035.2193000000002,trail,0.28025070556834236,7,1.9075559107388986,0.6709100602023751,2,7413.845409610143,2023
2023-12-15,short,2023-12-15 19:05:00+05:30,2035.8183000000001,2039.2953052489636,3.477005248963451,2023-12-15 19:35:00+05:30,2033.5800000000002,trail,0.6437436356091936,6,4.60169043467211,0.8207702298302898,1,7461.571567588413,2023
2023-12-21,short,2023-12-21 18:15:00+05:30,2037.643,2039.8246354543514,2.181635454351408,2023-12-21 19:00:00+05:30,2037.8147,breakeven,-0.07870242466834092,9,0.2928569527185742,1.2012098738623662,1,7455.699129846357,2023
2023-12-26,long,2023-12-26 19:45:00+05:30,2060.4217000000003,2058.163049427225,2.258650572775423,2023-12-26 20:05:00+05:30,2057.990349427225,initial_stop,-1.0764615837800284,4,1.282815167379868,0.48642062108719675,1,7375.441392911339,2023
2023-12-27,short,2023-12-27 18:20:00+05:30,2067.6135,2069.7067717844507,2.093271784450735,2023-12-27 18:25:00+05:30,2067.7765,breakeven,-0.07786853155467405,1,1.5021145987636628,1.1832963299521826,1,7369.698245003004,2023
2024-01-02,short,2024-01-02 15:30:00+05:30,2076.9576,2079.690323195933,2.7327231959329765,2024-01-02 16:15:00+05:30,2076.3720000000003,trail,0.21429173685480304,9,0.6433302628973756,0.8099760538886395,1,7385.490899373179,2024
2024-01-04,long,2024-01-04 19:20:00+05:30,2041.026,2037.484648030675,3.541351969324978,2024-01-04 19:35:00+05:30,2037.312648030675,initial_stop,-1.048569021517737,3,0.82065515690628,0.3525558255299606,1,7308.04892971534,2024
2024-01-04,long,2024-01-04 20:35:00+05:30,2041.6997999999999,2037.6594151470229,4.040384852977013,2024-01-04 21:25:00+05:30,2043.438,trail,0.43020654300282885,10,2.0340155870785934,0.6553849538471688,2,7339.488634376824,2024
2024-01-05,long,2024-01-05 15:45:00+05:30,2038.5987000000002,2036.3445274510684,2.2541725489318196,2024-01-05 18:30:00+05:30,2039.6851000000001,trail,0.4819506831962454,33,0.6665166848820362,0.28088917434350263,1,7374.8613499933135,2024
2024-01-08,long,2024-01-08 14:40:00+05:30,2029.6867,2026.5625262990368,3.1241737009631834,2024-01-08 16:35:00+05:30,2026.3991262990367,initial_stop,-1.0523018294244528,23,0.875747432397164,0.6187713518478675,1,7297.255549089817,2024
2024-01-09,short,2024-01-09 16:20:00+05:30,2036.7269000000001,2039.1832727267345,2.456372726734344,2024-01-09 16:55:00+05:30,2035.8917,trail,0.3400135455463149,7,0.9508209664359158,0.5383643828226726,1,7322.067206409853,2024
2024-01-10,short,2024-01-10 20:20:00+05:30,2027.1709999999998,2030.723202380418,3.5522023804180662,2024-01-11 00:25:00+05:30,2023.6425000000002,trail,0.9933274127203278,49,6.713716850921877,0.9784267567298089,1,7394.799307148927,2024
2024-01-11,short,2024-01-11 19:05:00+05:30,2032.4117999999999,2038.1386033471115,5.726803347111627,2024-01-11 19:45:00+05:30,2031.0159999999998,trail,0.24373108615716563,8,0.9209882977593804,1.6216934295634766,1,7412.822731819384,2024
2024-01-15,long,2024-01-15 21:00:00+05:30,2051.9039,2049.6150879906622,2.288812009337562,2024-01-15 22:35:00+05:30,2053.7373000000002,trail,0.8010269050148285,19,1.9385633132052182,0.26720991405345124,1,7472.2014363223125,2024
2024-01-17,short,2024-01-17 15:35:00+05:30,2022.9903000000002,2025.5844975013242,2.594197501324061,2024-01-17 15:55:00+05:30,2025.7584975013242,initial_stop,-1.0670727652428813,4,0.6449893441530433,0.3346371006992653,1,7392.467609831229,2024
2024-01-17,short,2024-01-17 19:05:00+05:30,2021.594,2025.4657323154067,3.871732315406689,2024-01-17 19:05:00+05:30,2025.6417323154067,initial_stop,-1.0454576880998665,0,2.976406043842579,0.9694966231896339,2,7315.182488863957,2024
2024-01-18,short,2024-01-18 18:05:00+05:30,2014.6234,2017.1742480920518,2.550848092051865,2024-01-18 19:40:00+05:30,2011.8846999999998,trail,1.0736429223416193,19,0.564204817249585,1.2734311690065037,1,7393.721427912018,2024
2024-01-19,short,2024-01-19 20:40:00+05:30,2026.1662999999999,2030.3894974353382,4.223197435338307,2024-01-22 04:30:00+05:30,2029.0475000000001,eod_data,-0.6822318975407928,82,6.032766466807669,0.4384779220464987,1,7343.279101915494,2024
2024-01-23,long,2024-01-23 20:40:00+05:30,2025.8392,2022.1241412263917,3.7150587736082343,2024-01-24 01:30:00+05:30,2028.7958999999998,trail,0.7958689700966086,58,1.2909732074561735,0.9731562098070248,1,7401.721981675229,2024
2024-01-24,short,2024-01-24 15:30:00+05:30,2030.7165000000002,2033.4443040737026,2.727804073702373,2024-01-24 17:20:00+05:30,2033.6090040737026,initial_stop,-1.0603782366878338,22,1.9615458445757625,0.6473491256452575,1,7323.235732641405,2024
2024-01-24,short,2024-01-24 20:10:00+05:30,2027.4113,2031.7404896940436,4.3291896940436345,2024-01-24 22:25:00+05:30,2015.2687,trail,2.804820499482025,27,2.444155340987387,1.9852724212368738,2,7528.639349695924,2024
2024-01-25,long,2024-01-25 15:00:00+05:30,2014.722,2012.4319512207412,2.2900487792587683,2024-01-25 15:55:00+05:30,2017.4758,trail,1.202507136503569,11,0.3923602736489459,0.964179447970374,1,7619.1717751576325,2024
2024-01-29,short,2024-01-29 20:05:00+05:30,2029.163,2032.3126771556028,3.1496771556028307,2024-01-29 21:10:00+05:30,2024.22,trail,1.5693671940970473,13,3.242652902383438,2.3135029790744697,1,7738.744557458858,2024
2024-01-30,short,2024-01-30 20:40:00+05:30,2038.0923,2042.6798425081154,4.587542508115348,2024-01-30 21:25:00+05:30,2033.7656000000002,trail,0.9431411245445525,9,4.305369174763052,0.39389161785335586,1,7811.731839903706,2024
2024-01-31,short,2024-01-31 16:25:00+05:30,2036.6510999999998,2038.2953038864764,1.644203886476589,2024-01-31 16:35:00+05:30,2038.4760038864765,initial_stop,-1.1099012120615663,2,0.6246551155219952,0.4551058698807032,1,7725.0293335296155,2024
2024-01-31,short,2024-01-31 18:35:00+05:30,2036.7048,2038.5361171587338,1.831317158733782,2024-01-31 18:45:00+05:30,2038.6991171587338,initial_stop,-1.089006974691764,2,2.9565744330748824,0.37136005479955203,2,7640.9032252904935,2024
2024-02-01,long,2024-02-01 19:15:00+05:30,2041.5087,2037.477514609185,4.031185390815153,2024-02-01 20:20:00+05:30,2046.8695999999998,trail,1.3298569726448717,13,5.460654111365321,0.3674222023889268,1,7742.516309605066,2024
2024-02-05,long,2024-02-05 17:25:00+05:30,2028.2696,2026.3328984943983,1.9367015056018317,2024-02-05 17:30:00+05:30,2026.1860984943983,initial_stop,-1.0757989806768733,1,8.017437061909881,0.2588614616224395,1,7659.222398067594,2024
2024-02-06,long,2024-02-06 15:35:00+05:30,2024.9637,2023.0077831234,1.9559168765999857,2024-02-06 17:45:00+05:30,2026.0175,trail,0.5387754523759488,26,0.23516823326665962,1.1077807129415147,1,7700.488408191263,2024
2024-02-07,short,2024-02-07 17:10:00+05:30,2035.0140000000001,2036.5744992360821,1.5604992360820233,2024-02-07 18:10:00+05:30,2033.1702,trail,1.1815449552089283,12,0.2120891919543103,0.39589982498017906,1,7791.473140504695,2024
2024-02-08,long,2024-02-08 15:10:00+05:30,2031.7341,2029.8535948036529,1.8805051963470305,2024-02-08 16:20:00+05:30,2035.9544,trail,2.2442373507918565,14,1.384958760005103,0.6076209699901542,1,7966.332290900817,2024
2024-02-09,long,2024-02-09 19:05:00+05:30,2032.6437,2029.1374460764787,3.506253923521399,2024-02-09 19:10:00+05:30,2028.9223460764786,initial_stop,-1.0613475249345579,1,3.007963053677791,1.1129070258910307,1,7881.781820303278,2024
2024-02-12,long,2024-02-12 14:45:00+05:30,2023.7513,2022.0647144628788,1.6865855371211183,2024-02-12 15:10:00+05:30,2021.8950144628789,initial_stop,-1.1006174879748978,5,0.3150049585760472,0.8971078716123078,1,7795.033551224994,2024
2024-02-12,long,2024-02-12 18:40:00+05:30,2024.4406999999999,2022.7613335196097,1.679366480390172,2024-02-12 18:50:00+05:30,2024.272,breakeven,-0.10045454757483893,2,3.7727781219992247,1.8089117736363933,2,7787.203085537804,2024
2024-02-13,short,2024-02-13 15:55:00+05:30,2026.1718,2027.5393707352505,1.3675707352504105,2024-02-13 16:15:00+05:30,2027.6874707352504,initial_stop,-1.1082942155622888,4,0.48198875546519765,0.8514860978131733,1,7700.897964186701,2024
2024-02-13,short,2024-02-13 16:30:00+05:30,2026.4821000000002,2027.871142003701,1.3890420037007516,2024-02-13 16:45:00+05:30,2028.0235420037009,initial_stop,-1.1097159046262906,3,2.079467025610045,0.3228581967794036,2,7615.4398746790785,2024
2024-02-14,long,2024-02-14 19:35:00+05:30,1990.1450000000002,1987.1773946484402,2.967605351559996,2024-02-14 20:25:00+05:30,1987.0033946484402,initial_stop,-1.058633133246141,10,0.5891141356745819,0.2596518772111945,1,7534.820304923287,2024
2024-02-15,short,2024-02-15 14:45:00+05:30,1994.2533000000003,1995.6973764912916,1.4440764912912982,2024-02-15 15:10:00+05:30,1995.8600764912917,initial_stop,-1.112667162010649,5,0.5331263796902259,0.8078141370067107,1,7450.982833673895,2024
2024-02-16,short,2024-02-16 15:05:00+05:30,2005.5023,2007.1156746350646,1.6133746350644742,2024-02-16 16:10:00+05:30,2007.2777746350646,initial_stop,-1.1004726344873592,13,0.15731537424985703,0.5777389945121796,1,7368.986806588962,2024
2024-02-16,short,2024-02-16 18:45:00+05:30,2005.612,2007.0399636884633,1.427963688463251,2024-02-16 20:10:00+05:30,1999.6200000000001,trail,4.196185133004639,17,3.3221422299926004,0.48899035904769567,2,7678.203135420122,2024
2024-02-21,long,2024-02-21 17:05:00+05:30,2028.2393000000002,2026.7452870987568,1.4940129012434227,2024-02-21 18:05:00+05:30,2028.4121000000002,trail,0.11566165182123642,12,0.25712362825878987,0.4209481114059967,1,7687.083871996739,2024
2024-02-22,long,2024-02-22 19:15:00+05:30,2027.6374999999998,2024.7198757556987,2.9176242443011233,2024-02-22 19:25:00+05:30,2024.5524757556987,initial_stop,-1.0573754486469664,2,2.876761837948424,0.5164821557669651,1,7605.802534417345,2024
2024-02-23,short,2024-02-23 18:55:00+05:30,2026.365,2028.9141654877378,2.5491654877378096,2024-02-23 21:20:00+05:30,2029.0688654877379,initial_stop,-1.060686526921927,29,1.9461736292484666,0.3523245363295345,1,7525.128811670494,2024
2024-02-27,short,2024-02-27 15:05:00+05:30,2035.6183999999998,2037.2751444538496,1.6567444538497966,2024-02-27 15:20:00+05:30,2037.4301444538496,initial_stop,-1.0935569753318306,3,3.2004929344965953,0.6768474619303289,1,7442.837240647766,2024
2024-02-27,short,2024-02-27 17:00:00+05:30,2035.544,2037.0994650884033,1.5554650884032526,2024-02-27 17:05:00+05:30,2037.2592650884033,initial_stop,-1.1027345462082636,1,1.5165916316377792,0.8401775236303388,2,7360.762503177089,2024
2024-02-28,long,2024-02-28 15:15:00+05:30,2026.3307,2024.8395411796143,1.4911588203856354,2024-02-28 15:30:00+05:30,2024.6771411796144,initial_stop,-1.108908586918954,3,1.1883118633779608,0.4802854400370658,1,7279.138375716647,2024
2024-02-28,long,2024-02-28 15:40:00+05:30,2026.2939000000001,2024.6351766827115,1.6587233172886044,2024-02-28 19:45:00+05:30,2034.502,trail,4.94844433333042,49,1.7492886680446584,0.37775558417157296,2,7639.342486185077,2024
2024-02-29,long,2024-02-29 19:05:00+05:30,2038.0714,2035.0853132851767,2.9860867148233865,2024-02-29 20:05:00+05:30,2047.0921,trail,3.02091026198935,12,4.45500732309937,2.4413326843686023,1,7870.1201672987545,2024
2024-03-01,long,2024-03-01 14:40:00+05:30,2043.2561999999998,2040.898208598571,2.3579914014287624,2024-03-01 16:50:00+05:30,2054.1343,trail,4.613290783591943,26,3.0210592050372607,0.5478723055827509,1,8233.19169563436,2024
2024-03-05,short,2024-03-05 17:50:00+05:30,2122.374,2125.1047470525314,2.7307470525315694,2024-03-05 18:30:00+05:30,2125.2697470525313,initial_stop,-1.0604230259433947,8,3.342629828363572,0.45501563159981934,1,8145.885035123793,2024
2024-03-07,short,2024-03-07 19:35:00+05:30,2156.4173,2161.130106342648,4.712806342648037,2024-03-07 20:30:00+05:30,2155.948,trail,0.0995797335768548,11,2.4096140121463585,0.9325056779947976,1,8153.9966857392465,2024
2024-03-08,short,2024-03-08 18:40:00+05:30,2165.44,2167.6455879610835,2.205587961083438,2024-03-08 18:55:00+05:30,2167.9395879610834,initial_stop,-1.133297789608649,3,0.5753243782614601,0.5356299364920958,1,8061.587621535001,2024
2024-03-08,short,2024-03-08 19:00:00+05:30,2164.6333000000004,2167.5508282162773,2.917528216276878,2024-03-08 19:00:00+05:30,2167.762528216277,initial_stop,-1.072561423337318,0,0.708470696131658,0.9656932336954961,2,7975.12214259788,2024
2024-03-11,short,2024-03-11 19:35:00+05:30,2176.3453000000004,2181.194810828187,4.849510828186794,2024-03-11 19:50:00+05:30,2181.361810828187,initial_stop,-1.0344364629581324,3,1.603269934504724,2.087050173304181,1,7892.6245711894,2024
2024-03-11,short,2024-03-11 20:10:00+05:30,2180.5139,2185.172274554674,4.658374554674083,2024-03-11 21:05:00+05:30,2185.339274554674,initial_stop,-1.03584941443413,11,0.22352097866548598,0.3180104053388734,2,7810.86886578525,2024
2024-03-12,short,2024-03-12 14:45:00+05:30,2177.301,2179.619528924563,2.3185289245629974,2024-03-12 17:40:00+05:30,2173.071,trail,1.824432706095008,35,0.14388296043061755,1.3831329744641354,1,7953.372912002828,2024
2024-03-14,short,2024-03-14 15:25:00+05:30,2169.905,2172.0180781045187,2.113078104518536,2024-03-14 17:40:00+05:30,2169.3397000000004,trail,0.2675244226850551,27,0.9554149399764601,1.0619134970602866,1,7974.650126969654,2024
2024-03-15,long,2024-03-15 20:25:00+05:30,2166.1919999999996,2161.2698717605826,4.922128239416907,2024-03-15 20:35:00+05:30,2161.105871760583,initial_stop,-1.033318920601546,2,3.520073232744194,0.4363327825497463,1,7892.2465583559015,2024
2024-03-19,long,2024-03-19 19:25:00+05:30,2152.6287,2148.930147914923,3.6985520850771536,2024-03-19 19:35:00+05:30,2148.762147914923,initial_stop,-1.0454231807841676,2,0.6855811353203901,0.4447778439887523,1,7809.739183350208,2024
2024-03-19,long,2024-03-19 21:00:00+05:30,2153.6220000000003,2150.219383006185,3.4026169938151725,2024-03-19 23:45:00+05:30,2155.6479000000004,trail,0.5953946634847548,33,0.5330265411156904,1.1030260214997771,2,7856.237953679953,2024
2024-03-20,long,2024-03-20 15:00:00+05:30,2155.8296,2153.920048421952,1.9095515780481946,2024-03-20 15:25:00+05:30,2153.761348421952,initial_stop,-1.083108517111732,5,0.9633958174238871,0.3732437687877821,1,7771.146371279081,2024
2024-03-25,short,2024-03-25 17:55:00+05:30,2173.6560000000004,2176.877552775543,3.2215527755424773,2024-03-25 18:00:00+05:30,2177.0415527755426,initial_stop,-1.050907128154107,1,0.9467136655218693,0.34682238854563907,1,7689.47884012402,2024
2024-03-25,short,2024-03-25 18:55:00+05:30,2173.6817,2176.8937814649685,3.212081464968378,2024-03-25 19:00:00+05:30,2177.0539814649683,initial_stop,-1.0498742020546423,1,1.7938415249562176,0.3379416673514405,2,7608.748985509108,2024
2024-03-26,short,2024-03-26 21:10:00+05:30,2173.161,2178.5251261632257,5.364126163225592,2024-03-26 22:05:00+05:30,2178.698126163226,initial_stop,-1.03225129214638,11,9.013113599326566,1.3499187806556767,1,7530.207575790016,2024
2024-04-01,long,2024-04-01 18:55:00+05:30,2257.3705,2252.8107344277464,4.559765572253582,2024-04-01 19:00:00+05:30,2252.6370344277466,initial_stop,-1.038094063663448,1,0.4286594823699781,0.7029559490151409,1,7452.036937964204,2024
2024-04-02,short,2024-04-02 15:45:00+05:30,2256.1710000000003,2260.088984061985,3.917984061984498,2024-04-02 15:55:00+05:30,2260.2563840619846,initial_stop,-1.0427260543563892,2,4.6851160981447535,0.9318949926700252,1,7374.33260723179,2024
2024-04-02,short,2024-04-02 16:50:00+05:30,2257.2513,2261.3247055753295,4.073405575329616,2024-04-02 17:30:00+05:30,2261.5047055753294,initial_stop,-1.0441890689918032,8,3.4422171103318897,0.3343882759737474,2,7297.330632235977,2024
2024-04-03,long,2024-04-03 19:35:00+05:30,2278.3697,2271.908646619925,6.4610533800751,2024-04-03 21:10:00+05:30,2282.4063,trail,0.6247588067370198,19,1.6567396812639361,0.4018271411730109,1,7342.9213480175895,2024
2024-04-04,long,2024-04-04 15:25:00+05:30,2294.152,2291.0419720476784,3.110027952321616,2024-04-04 17:20:00+05:30,2290.8729720476786,initial_stop,-1.0543403476080373,23,1.6473634963804331,0.3573825766941534,1,7265.501965552316,2024
2024-04-04,long,2024-04-04 19:50:00+05:30,2294.6548000000003,2288.922962083891,5.731837916109271,2024-04-04 21:50:00+05:30,2288.741962083891,initial_stop,-1.0315780038879574,24,3.8472785516794463,0.3659610824193806,2,7190.552645403631,2024
2024-04-05,short,2024-04-05 14:45:00+05:30,2286.8987,2291.142018874722,4.243318874721808,2024-04-05 15:05:00+05:30,2291.3359188747218,initial_stop,-1.0456953638706847,4,0.45504646688553385,0.45184884306486434,1,7115.361369753964,2024
2024-04-05,short,2024-04-05 18:05:00+05:30,2285.8981,2291.924874145995,6.026774145995205,2024-04-05 18:30:00+05:30,2292.115874145995,initial_stop,-1.03169191268379,5,2.8132325778669465,0.6484535483582774,2,7041.952761943986,2024
2024-04-08,long,2024-04-08 20:00:00+05:30,2326.367,2318.2856017291765,8.081398270823684,2024-04-09 00:20:00+05:30,2338.9851000000003,trail,1.561375838331757,52,1.4335481453760348,0.43144516949301004,1,7151.904110915715,2024
2024-04-09,short,2024-04-09 18:00:00+05:30,2347.7073,2353.507713111507,5.800413111507169,2024-04-09 18:45:00+05:30,2353.6597131115072,initial_stop,-1.0262050300690648,9,5.826105876343978,0.4014810188412621,1,7078.510911183782,2024
2024-04-09,short,2024-04-09 20:15:00+05:30,2346.1058000000003,2354.3898674113207,8.284067411320393,2024-04-10 02:05:00+05:30,2354.5932674113205,initial_stop,-1.024553156064607,70,3.78816362112977,0.67314378837902,2,7005.987804240871,2024
2024-04-12,short,2024-04-12 20:55:00+05:30,2401.2318,2413.202000400695,11.970200400694921,2024-04-13 00:50:00+05:30,2341.2014000000004,trail,5.014987050385106,47,4.526614767460643,0.5902362271277106,1,7357.3371853751105,2024
2024-04-15,long,2024-04-15 15:10:00+05:30,2349.6004,2344.5988934866105,5.001506513389359,2024-04-15 16:55:00+05:30,2356.3895,trail,1.3574110084282713,21,0.7573698148091241,0.49520334045253445,1,7457.206490256579,2024
2024-04-17,short,2024-04-17 15:45:00+05:30,2388.5074,2392.6245279724103,4.117127972410344,2024-04-17 18:30:00+05:30,2384.2462,trail,1.0349933323800053,33,2.5488865770499047,0.3318875996700487,1,7534.388080212543,2024
2024-04-18,short,2024-04-18 17:50:00+05:30,2382.8602000000005,2386.9874077498853,4.127207749884747,2024-04-18 18:30:00+05:30,2387.1864077498853,initial_stop,-1.0482166181253236,8,1.475018732182627,0.7969633405369771,1,7455.411372281702,2024
2024-04-18,short,2024-04-18 19:10:00+05:30,2379.1488000000004,2386.5543818708925,7.405581870892092,2024-04-18 20:25:00+05:30,2379.3076,breakeven,-0.02144328464234122,15,2.2676544200463202,1.4657584312246257,2,7453.812687199886,2024
2024-04-22,long,2024-04-22 17:10:00+05:30,2347.3647,2341.3920851708162,5.97261482918384,2024-04-22 17:30:00+05:30,2341.2126851708163,initial_stop,-1.0300370951636442,4,2.2621952256138362,0.3986924664238476,1,7377.035651517713,2024
2024-04-22,long,2024-04-22 18:00:00+05:30,2347.0011,2341.044118744304,5.956981255696064,2024-04-22 18:15:00+05:30,2340.859118744304,initial_stop,-1.0310559983419536,3,0.6485962471068091,0.26778504572211853,2,7300.974282932915,2024
2024-04-23,short,2024-04-23 20:35:00+05:30,2315.6186,2324.4435405224904,8.824940522490579,2024-04-23 20:50:00+05:30,2324.6529405224906,initial_stop,-1.0237282052458627,3,3.458849492837487,0.34260115822946907,1,7226.232149940784,2024
2024-04-24,long,2024-04-24 18:55:00+05:30,2320.6283,2315.063976616674,5.5643233833257,2024-04-24 21:00:00+05:30,2329.9433999999997,trail,1.6740759582582578,25,0.626201319990733,0.46441394191670243,1,7347.204765050872,2024
2024-04-25,short,2024-04-25 14:45:00+05:30,2326.0364,2328.8951545517357,2.8587545517357285,2024-04-25 16:30:00+05:30,2329.0785545517356,initial_stop,-1.0641538112772007,21,0.5198876568022359,0.5748685816579221,1,7269.019205521243,2024
2024-04-25,short,2024-04-25 17:50:00+05:30,2325.4473000000003,2328.590202426197,3.1429024261965424,2024-04-25 18:00:00+05:30,2328.8190024261967,initial_stop,-1.0727989510882627,2,2.5016898789959847,0.9170268594720558,2,7191.037243730007,2024
2024-04-26,short,2024-04-26 17:10:00+05:30,2345.5995000000003,2348.484177073345,2.8846770733448466,2024-04-26 18:00:00+05:30,2345.8245,breakeven,-0.07799833197239531,10,4.7474513237383835,0.3278472231723965,1,7185.428354628383,2024
2024-04-29,short,2024-04-29 17:15:00+05:30,2338.2396,2341.3142030156023,3.0746030156024062,2024-04-29 18:30:00+05:30,2333.5815000000002,trail,1.515024858936785,15,3.4952297890814266,0.697236760632954,1,7294.289380422096,2024
2024-04-30,long,2024-04-30 15:10:00+05:30,2317.1585,2313.5879118994567,3.5705881005433184,2024-04-30 16:35:00+05:30,2313.4055118994565,initial_stop,-1.0510840216972628,17,3.321842602524825,0.37279668379607384,1,7217.620270248119,2024
2024-05-03,short,2024-05-03 18:15:00+05:30,2302.8934,2311.764939697652,8.871539697652224,2024-05-03 19:30:00+05:30,2293.7177,trail,1.034284950833061,15,1.6542095834073631,2.4234100911775593,1,7292.271030511572,2024
2024-05-06,short,2024-05-06 17:40:00+05:30,2315.8743,2319.133001133404,3.2587011334039744,2024-05-06 18:05:00+05:30,2319.302801133404,initial_stop,-1.0521066501802063,5,3.7637473915239408,0.45037406103001126,1,7215.548562050395,2024
2024-05-07,long,2024-05-07 18:35:00+05:30,2320.1339000000003,2315.7507318970315,4.383168102968739,2024-05-07 20:25:00+05:30,2315.5446318970316,initial_stop,-1.0470207838618568,22,1.1378291937842915,1.5769829461047467,1,7140.000268936082,2024
2024-05-08,long,2024-05-08 19:15:00+05:30,2311.942,2305.8588980957365,6.083101904263458,2024-05-08 21:45:00+05:30,2318.411,trail,1.0634377167783642,30,0.44775345522612686,0.5410354250651089,1,7215.929724774025,2024
2024-05-09,short,2024-05-09 18:45:00+05:30,2314.6156,2320.6143956274236,5.998795627423533,2024-05-09 19:00:00+05:30,2320.809195627424,initial_stop,-1.0324731849689435,3,3.3543749100385165,1.6863524137895203,1,7141.42718531953,2024
2024-05-13,long,2024-05-13 17:20:00+05:30,2344.5707,2340.8657954493947,3.7049045506055336,2024-05-13 18:00:00+05:30,2344.8145999999997,trail,0.06583165549018573,8,0.41456163483733954,0.7337826062212754,1,7146.128505061251,2024
2024-05-14,short,2024-05-14 19:40:00+05:30,2350.8359,2357.436757812884,6.600857812883987,2024-05-14 23:30:00+05:30,2357.615957812884,initial_stop,-1.027147986682922,46,1.5114419918552395,0.4037894249215714,1,7072.72718999574,2024
2024-05-15,short,2024-05-15 19:20:00+05:30,2359.0872,2367.6218262944913,8.534626294491318,2024-05-15 19:55:00+05:30,2367.815826294491,initial_stop,-1.0227309308346844,7,4.443777366991309,0.30983013304572893,1,7000.392221370099,2024
2024-05-16,long,2024-05-16 16:25:00+05:30,2385.2331,2382.1924539479037,3.0406460520962355,2024-05-16 16:55:00+05:30,2381.9977539479037,initial_stop,-1.064032444639778,6,2.133880289569103,0.7128045941949975,1,6925.9057768826815,2024
2024-05-16,long,2024-05-16 17:10:00+05:30,2385.2594,2381.906821711582,3.3525782884180444,2024-05-16 17:50:00+05:30,2381.712421711582,initial_stop,-1.0579852230957416,8,1.5611495155059714,0.6546348756892114,2,6852.630717197729,2024
2024-05-20,long,2024-05-20 20:30:00+05:30,2423.2668,2415.686171305719,7.580628694280676,2024-05-20 23:30:00+05:30,2433.6798000000003,trail,1.3736327710994096,36,0.8768329321717483,0.5068555125692854,1,6946.760698411581,2024
2024-05-22,long,2024-05-22 17:40:00+05:30,2411.7196000000004,2407.4864511357046,4.233148864295799,2024-05-22 19:00:00+05:30,2407.2928511357045,initial_stop,-1.0457342763522839,16,3.025844748392408,0.27778812572796646,1,6874.116040692122,2024
2024-05-24,short,2024-05-24 14:55:00+05:30,2340.709,2344.1310348590696,3.422034859069754,2024-05-24 15:40:00+05:30,2339.7864999999997,trail,0.26957644734539604,9,0.6347274023462182,0.8609301572238978,1,6892.64703850102,2024
2024-05-28,short,2024-05-28 19:10:00+05:30,2358.0833000000002,2363.614000033038,5.530700033037647,2024-05-28 20:00:00+05:30,2354.4316999999996,trail,0.6602419184167935,10,1.87997755428863,0.3241727405663902,1,6938.155183537718,2024
2024-05-31,short,2024-05-31 18:10:00+05:30,2348.0266,2351.843330136675,3.816730136674778,2024-05-31 18:10:00+05:30,2352.026730136675,initial_stop,-1.0480516026631306,0,0.44669764071749624,0.5983491502892955,1,6865.4397369413955,2024
2024-05-31,short,2024-05-31 19:25:00+05:30,2346.116,2353.040537226479,6.92453722647906,2024-05-31 21:15:00+05:30,2333.0192,trail,1.891361050081201,22,3.105608833906753,0.8900699526839561,2,6995.289990042702,2024
2024-06-03,short,2024-06-03 17:35:00+05:30,2327.6980999999996,2330.7439830742787,3.045883074279118,2024-06-03 17:55:00+05:30,2330.9617830742786,initial_stop,-1.071506356182581,4,0.6111343233137762,1.473767152015757,1,6920.335013165991,2024
2024-06-06,long,2024-06-06 15:25:00+05:30,2361.0962,2358.327516392564,2.7686836074358325,2024-06-06 17:35:00+05:30,2358.123316392564,initial_stop,-1.0737534615554156,26,0.9994221550505853,0.8089632954165258,1,6846.027676410889,2024
2024-06-06,long,2024-06-06 17:50:00+05:30,2360.8934,2357.595697122277,3.2977028777227133,2024-06-06 17:55:00+05:30,2357.3529971222774,initial_stop,-1.0735966850256038,1,1.8668714315046877,0.5410894211255168,2,6772.528950221007,2024
2024-06-10,short,2024-06-10 19:05:00+05:30,2301.8943,2306.164189464348,4.269889464348125,2024-06-10 19:05:00+05:30,2306.349889464348,initial_stop,-1.0434905871804219,0,3.0111237755622304,0.28206331024992826,1,6701.858248111382,2024
2024-06-10,short,2024-06-10 20:35:00+05:30,2301.6976,2306.2025189757323,4.50491897573238,2024-06-10 20:45:00+05:30,2306.3819189757323,initial_stop,-1.0398231357692336,2,2.1503664997616254,0.3590498986158034,2,6632.170775521061,2024
2024-06-13,long,2024-06-13 17:35:00+05:30,2309.5443,2305.683379661046,3.8609203389542017,2024-06-13 17:40:00+05:30,2305.4708796610457,initial_stop,-1.0550386906085845,1,2.026472267153873,0.876304937449832,1,6562.1988078120785,2024
2024-06-13,long,2024-06-13 18:05:00+05:30,2320.2277,2314.266469944875,5.961230055124815,2024-06-13 18:10:00+05:30,2320.0097,breakeven,-0.03656963378093999,1,0.727727144880589,4.269726544335394,2,6559.799035740084,2024
2024-06-14,short,2024-06-14 14:50:00+05:30,2316.2952999999998,2319.528982901399,3.233682901399334,2024-06-14 15:10:00+05:30,2319.720082901399,initial_stop,-1.0590967036122527,4,1.0154713271267284,0.2513999008185476,1,6490.324420388973,2024
2024-06-17,short,2024-06-17 14:40:00+05:30,2320.7846,2323.958501459247,3.1739014592471904,2024-06-17 18:15:00+05:30,2320.3615,trail,0.13330596599565847,43,0.0288735799454293,0.7903303161696194,1,6498.976410053824,2024
2024-06-18,long,2024-06-18 18:40:00+05:30,2318.7164000000002,2313.3897328439316,5.326667156068652,2024-06-18 20:10:00+05:30,2322.9836,trail,0.8011013031174982,18,1.4805461466623473,0.6420308622317977,1,6551.039794764064,2024
2024-06-19,short,2024-06-19 17:40:00+05:30,2330.9566,2333.557507238968,2.6009072389679204,2024-06-19 18:20:00+05:30,2329.5388999999996,trail,0.5450790319469401,8,0.9869400437604577,0.5537807217406716,1,6586.748139059823,2024
2024-06-20,long,2024-06-20 16:00:00+05:30,2337.6477,2334.835182341163,2.812517658836896,2024-06-20 16:50:00+05:30,2338.2773,trail,0.22385637225139338,10,3.482460801511645,0.9537949965927092,1,6601.492994493258,2024
2024-06-24,short,2024-06-24 14:40:00+05:30,2326.0115,2329.402407871773,3.3909078717729244,2024-06-24 14:45:00+05:30,2329.607207871773,initial_stop,-1.0603968045563261,1,2.2759060751181996,0.9914280964858853,1,6531.490973726642,2024
2024-06-24,short,2024-06-24 17:25:00+05:30,2326.6425,2329.696351487794,3.0538514877939633,2024-06-24 18:00:00+05:30,2326.8345,breakeven,-0.0628714267106368,7,0.19432369071682692,0.6698410882884019,2,6527.384532165983,2024
2024-06-25,short,2024-06-25 14:45:00+05:30,2329.8346,2332.931488764092,3.096888764092,2024-06-25 14:45:00+05:30,2333.121888764092,initial_stop,-1.061481058734694,0,0.4875298392705243,0.2969218428304592,1,6458.097581726262,2024
2024-06-25,short,2024-06-25 17:10:00+05:30,2329.1257,2332.128136669217,3.002436669216877,2024-06-25 18:05:00+05:30,2329.3204,breakeven,-0.06484732950280517,11,4.795630089139403,0.8079477904827198,2,6453.909677907828,2024
2024-06-28,short,2024-06-28 19:05:00+05:30,2327.7081000000003,2333.311644045493,5.6035440454925265,2024-06-28 19:40:00+05:30,2333.512644045493,initial_stop,-1.0358701561669184,7,3.7710062448822557,0.6317954909860319,1,6387.055553648413,2024
2024-06-28,short,2024-06-28 19:55:00+05:30,2328.4958,2334.3318620190635,5.83606201906332,2024-07-01 03:30:00+05:30,2323.408,eod_data,0.8717864860553398,79,1.4797527329790565,0.32649159426335406,2,6442.737040821967,2024
2024-07-02,long,2024-07-02 15:50:00+05:30,2324.5315000000005,2321.4028977078533,3.1286022921472068,2024-07-02 17:10:00+05:30,2321.2037977078535,initial_stop,-1.0636386416066874,16,0.3320754695064669,0.276333016078381,1,6374.209600078677,2024
2024-07-02,long,2024-07-02 18:10:00+05:30,2325.1371,2321.3792140009227,3.757885999077189,2024-07-02 19:30:00+05:30,2329.638,trail,1.197721272307162,16,2.6904440653913646,0.5665419323706331,2,6450.554864400265,2024
2024-07-03,short,2024-07-03 15:40:00+05:30,2345.7137,2349.025487032705,3.3117870327050696,2024-07-03 16:05:00+05:30,2349.215987032705,initial_stop,-1.057521814693669,5,0.3072996110261356,0.7298365761859803,1,6382.338839540448,2024
2024-07-03,short,2024-07-03 16:35:00+05:30,2345.8557,2349.0364722316795,3.1807722316793843,2024-07-03 17:25:00+05:30,2345.8602000000005,trail,-0.0014147507814748852,10,1.716209568032964,0.6677858241365721,2,6382.248545351839,2024
2024-07-04,short,2024-07-04 20:00:00+05:30,2360.2393,2362.61966134961,2.380361349609757,2024-07-04 21:40:00+05:30,2359.1513999999997,trail,0.45703145036311343,20,0.8649496972927054,0.4159471474245901,1,6411.41742844444,2024
2024-07-05,short,2024-07-05 18:10:00+05:30,2365.6273000000006,2372.944072161947,7.316772161946574,2024-07-05 18:10:00+05:30,2373.131272161947,initial_stop,-1.0255850525144745,0,2.1879293239021576,0.7296370499993631,1,6345.662889644006,2024
2024-07-08,long,2024-07-08 15:35:00+05:30,2372.2598000000003,2368.8868307299354,3.372969270064914,2024-07-08 18:00:00+05:30,2374.2054000000003,trail,0.5768211460647459,29,1.3461487151716773,0.9818745239782949,1,6382.266015049456,2024
2024-07-09,long,2024-07-09 18:35:00+05:30,2362.5051000000003,2359.080112384712,3.424987615288501,2024-07-09 19:30:00+05:30,2364.1333999999997,trail,0.4754177774923839,11,2.840839279908295,0.9648482821592976,1,6412.608442291856,2024
2024-07-10,short,2024-07-10 20:20:00+05:30,2375.9368999999997,2380.818285534622,4.8813855346224955,2024-07-10 21:20:00+05:30,2381.0143855346223,initial_stop,-1.0401730202642723,12,0.13671294146755825,0.3778209906498382,1,6345.906219379946,2024
2024-07-12,long,2024-07-12 18:40:00+05:30,2403.9497,2398.1523325316602,5.797367468339871,2024-07-12 21:00:00+05:30,2409.8693,trail,1.0210841441960292,28,2.653640195863163,1.7097039962066143,1,6410.703261591585,2024
2024-07-15,short,2024-07-15 16:00:00+05:30,2412.6975,2415.6367872663777,2.939287266377505,2024-07-15 16:20:00+05:30,2415.8244872663777,initial_stop,-1.063859018527059,4,0.5651585684583275,0.37930834690790605,1,6342.502416792135,2024
2024-07-15,short,2024-07-15 18:40:00+05:30,2412.0161000000003,2415.9621174489153,3.946017448914972,2024-07-15 18:55:00+05:30,2416.148217448915,initial_stop,-1.0471614741721602,3,4.0020077239125635,0.6337623157723391,2,6276.086174985049,2024
2024-07-16,short,2024-07-16 18:10:00+05:30,2432.3416,2437.1248285696206,4.783228569620405,2024-07-16 18:40:00+05:30,2437.3023285696204,initial_stop,-1.0371088266881354,6,2.667348747730819,2.4005265334442996,1,6210.996331293725,2024
2024-07-16,short,2024-07-16 19:05:00+05:30,2437.008,2442.4082949796566,5.400294979656792,2024-07-16 19:05:00+05:30,2442.6052949796567,initial_stop,-1.036479488757971,0,0.09340235406585622,0.32171921956102595,2,6146.620628272356,2024
2024-07-17,short,2024-07-17 16:15:00+05:30,2468.3713,2472.543621338682,4.172321338682195,2024-07-17 17:10:00+05:30,2472.7263213386823,initial_stop,-1.0437885735948613,11,2.8721911393259094,1.076348155866129,1,6082.462904492225,2024
2024-07-17,short,2024-07-17 17:30:00+05:30,2469.9620999999997,2473.7824614711,3.8203614711001137,2024-07-17 17:50:00+05:30,2473.9672614711,initial_stop,-1.0483723860681644,4,1.467469524852028,0.31145619337143987,2,6018.696043008688,2024
2024-07-19,long,2024-07-19 17:45:00+05:30,2408.0104,2403.5574475559374,4.452952444062703,2024-07-19 18:00:00+05:30,2403.3543475559372,initial_stop,-1.0456101884202644,3,0.7448184543995656,0.3422517944887085,1,5955.763943972942,2024
2024-07-22,long,2024-07-22 18:35:00+05:30,2399.2964,2393.6989968577677,5.5974031422324515,2024-07-22 19:05:00+05:30,2393.5058968577678,initial_stop,-1.0344981404935831,6,3.238878766250754,0.5411412712396554,1,5894.151676720355,2024
2024-07-24,long,2024-07-24 14:55:00+05:30,2412.3674,2409.3161845167665,3.051215483233591,2024-07-24 16:05:00+05:30,2413.3983000000003,trail,0.3378653542055585,14,0.5332047434409724,0.43997247985312526,1,5914.065973160319,2024
2024-07-25,long,2024-07-25 18:10:00+05:30,2370.3052000000002,2362.555355171774,7.749844828226287,2024-07-25 19:25:00+05:30,2362.368955171774,initial_stop,-1.0240520944782208,15,0.16366450076207445,1.1930176260087988,1,5853.502856693347,2024
2024-07-25,long,2024-07-25 20:25:00+05:30,2366.9601000000002,2359.5906257004604,7.369474299539888,2024-07-25 21:30:00+05:30,2359.4029257004604,initial_stop,-1.0254699307400623,13,1.1620525570479299,0.323373147697388,2,5793.476945002946,2024
2024-07-30,short,2024-07-30 19:35:00+05:30,2389.3738,2394.804221550182,5.430421550182018,2024-07-30 20:15:00+05:30,2394.998221550182,initial_stop,-1.0357246667145863,8,1.990935111868411,1.1634168806301877,1,5733.472475223128,2024
2024-07-30,short,2024-07-30 20:30:00+05:30,2391.5483999999997,2397.297324998539,5.7489249985392235,2024-07-30 21:35:00+05:30,2386.9754000000003,trail,0.7954530631659641,13,1.239708399349866,0.3174731509638875,2,5779.079557653067,2024
2024-08-01,short,2024-08-01 18:20:00+05:30,2449.3023000000003,2455.133671797066,5.831371797065913,2024-08-01 18:55:00+05:30,2455.310371797066,initial_stop,-1.0303016178952764,7,1.5349935842307603,0.38928557134405883,1,5719.537607471112,2024
2024-08-01,short,2024-08-01 20:20:00+05:30,2445.9574000000002,2455.1341972958976,9.176797295897359,2024-08-01 23:20:00+05:30,2439.4717,trail,0.7067498377565472,36,0.5293576615622027,0.9895865249944968,2,5759.960430232339,2024
2024-08-02,long,2024-08-02 17:15:00+05:30,2459.9154999999996,2456.1764119478453,3.7390880521543295,2024-08-02 17:50:00+05:30,2455.9934119478453,initial_stop,-1.0489424152219562,7,0.7627979814064447,0.3929480000232004,1,5699.5417621796305,2024
2024-08-02,long,2024-08-02 18:05:00+05:30,2473.7894,2467.6244308338914,6.164969166108676,2024-08-02 18:30:00+05:30,2467.4207308338914,initial_stop,-1.0330415277857101,5,1.01605074825041,4.891373590568335,2,5640.663128882826,2024
2024-08-09,short,2024-08-09 17:55:00+05:30,2424.2266,2427.9075302773617,3.6809302773617674,2024-08-09 18:05:00+05:30,2428.1075302773615,initial_stop,-1.0543340908220526,2,4.185545545388454,0.5567403692708466,1,5581.191694566584,2024
2024-08-09,short,2024-08-09 19:15:00+05:30,2422.6016999999997,2427.9830319212374,5.381331921237688,2024-08-09 19:30:00+05:30,2428.185731921237,initial_stop,-1.0376672546809196,3,3.0250730430274424,0.9951685452594531,2,5523.2774959310955,2024
2024-08-13,short,2024-08-13 18:50:00+05:30,2466.0998,2471.293340755293,5.1935407552928154,2024-08-13 18:55:00+05:30,2466.3089,breakeven,-0.04026154984668946,1,1.8069486672700297,0.3279351406120158,1,5521.053738808901,2024
2024-08-14,short,2024-08-14 15:00:00+05:30,2472.0577,2475.3712091882016,3.313509188201806,2024-08-14 16:25:00+05:30,2475.5620091882015,initial_stop,-1.0575824568947094,17,1.0296973771392122,0.9823956538754751,1,5462.664043031528,2024
2024-08-14,short,2024-08-14 16:35:00+05:30,2472.5036,2475.599022708381,3.095422708381193,2024-08-14 18:00:00+05:30,2475.804422708381,initial_stop,-1.0663560422438214,17,1.6651032517495856,0.7534824770476658,2,5404.412594941181,2024
2024-08-15,short,2024-08-15 17:15:00+05:30,2461.525,2464.3872437721393,2.862243772139209,2024-08-15 17:30:00+05:30,2464.564343772139,initial_stop,-1.061874534141276,3,0.7879887029504155,0.6933850092182522,1,5347.024513875577,2024
2024-08-15,short,2024-08-15 18:05:00+05:30,2458.9733,2463.7478163243827,4.774516324382603,2024-08-15 18:55:00+05:30,2447.5655,trail,2.3893100839853356,10,3.274405722996562,1.5195895944920295,2,5474.781509778774,2024
2024-08-19,long,2024-08-19 20:00:00+05:30,2499.3636,2493.4277771086445,5.935822891355656,2024-08-19 21:05:00+05:30,2502.1513,trail,0.4696400231313486,13,1.2666349391839724,0.5288231323232837,1,5500.49327492769,2024
2024-08-20,short,2024-08-20 20:45:00+05:30,2509.8463,2517.900983055663,8.054683055662736,2024-08-20 21:40:00+05:30,2510.0334000000003,breakeven,-0.023228722807232285,11,5.015687609929175,0.51746224420768,1,5499.215580591827,2024
2024-08-21,long,2024-08-21 18:25:00+05:30,2510.1896,2506.4054214332277,3.7841785667724253,2024-08-21 18:55:00+05:30,2506.211721433228,initial_stop,-1.0511868022562734,6,0.2059598156077782,1.359223302735068,1,5441.408552181026,2024
2024-08-21,long,2024-08-21 21:05:00+05:30,2509.1380000000004,2502.1075962491223,7.030403750878122,2024-08-22 00:10:00+05:30,2515.1192,trail,0.8507619493763277,37,3.9825057861329243,0.4065870762194751,2,5487.7019856530915,2024
2024-08-26,short,2024-08-26 19:20:00+05:30,2518.4103,2523.139121779057,4.728821779056943,2024-08-26 20:00:00+05:30,2518.1711999999998,trail,0.05056227770290766,8,2.8882238983953488,0.7710742673064304,1,5490.476692770585,2024
2024-08-27,long,2024-08-27 16:50:00+05:30,2511.0031999999997,2507.6072792757695,3.395920724230109,2024-08-27 17:50:00+05:30,2510.8160999999996,breakeven,-0.05509551464647867,12,0.1466815305341538,0.46906880934729783,1,5487.451686380158,2024
2024-08-29,long,2024-08-29 18:50:00+05:30,2514.0119999999997,2508.1910317353572,5.820968264642488,2024-08-29 19:50:00+05:30,2515.9295,trail,0.3294125500816902,12,3.290559108653501,0.30298890744341456,1,5505.528040914764,2024
2024-08-30,long,2024-08-30 20:55:00+05:30,2505.9703999999997,2499.3730099146496,6.597390085350071,2024-08-30 22:05:00+05:30,2499.18290991465,initial_stop,-1.0288144247256095,14,0.2784853980608711,0.25786841962905,1,5448.886374272519,2024
2024-09-03,long,2024-09-03 17:30:00+05:30,2489.9209,2484.9722342709492,4.948665729050845,2024-09-03 18:45:00+05:30,2492.2809,trail,0.47689622399546794,15,1.5138598707177224,0.2878849864955344,1,5474.871907641228,2024
2024-09-04,long,2024-09-04 14:40:00+05:30,2476.411,2471.926221999258,4.484778000742153,2024-09-04 17:05:00+05:30,2487.6774,trail,2.512142183656712,29,1.686060549939289,0.33939877792011086,1,5612.408474334255,2024
2024-09-05,short,2024-09-05 19:35:00+05:30,2509.8343,2515.8021986054578,5.967898605457776,2024-09-05 19:45:00+05:30,2516.0005986054575,initial_stop,-1.0332445326430855,2,4.157697819306785,0.5192162982249001,1,5554.4185706235985,2024
2024-09-06,long,2024-09-06 17:55:00+05:30,2516.237,2512.7847060480312,3.4522939519688407,2024-09-06 18:00:00+05:30,2512.507206048031,initial_stop,-1.0803813359641312,1,1.5893898025286022,0.7371840860416901,1,5494.409669065256,2024
2024-09-06,short,2024-09-06 18:25:00+05:30,2521.6767,2529.2790291152087,7.602329115208704,2024-09-06 20:10:00+05:30,2510.4579,trail,1.4757056462547156,21,1.5563874062966885,0.45060761975162483,2,5575.490982780017,2024
2024-09-09,short,2024-09-09 19:40:00+05:30,2497.2033000000006,2501.673642359089,4.4703423590885905,2024-09-09 21:40:00+05:30,2501.8713423590893,initial_stop,-1.0442248007243176,24,2.953273244060298,0.7448624429263648,1,5517.27032317568,2024
2024-09-10,long,2024-09-10 14:55:00+05:30,2502.1159,2499.2310609621964,2.884839037803431,2024-09-10 16:05:00+05:30,2505.9143000000004,trail,1.3166765806430416,14,1.007861680276485,0.253831830588363,1,5589.914929411702,2024
2024-09-16,long,2024-09-16 17:25:00+05:30,2582.7725,2579.623097296646,3.1494027033540988,2024-09-16 18:05:00+05:30,2579.428097296646,initial_stop,-1.0619165023871002,8,1.1301348022670492,0.5291713807212712,1,5530.55470030688,2024
2024-09-16,long,2024-09-16 18:30:00+05:30,2583.6594999999998,2579.674320138614,3.985179861385859,2024-09-16 19:30:00+05:30,2583.4631,breakeven,-0.049282593717492475,12,1.6981072810661897,0.8728588827908298,2,5527.829099503604,2024
2024-09-18,short,2024-09-18 19:25:00+05:30,2569.3443,2573.4116025063777,4.067302506377473,2024-09-18 19:35:00+05:30,2573.6013025063776,initial_stop,-1.0466402485928832,2,4.827282220656638,0.9418461323660523,1,5469.97261527477,2024
2024-09-18,short,2024-09-18 19:50:00+05:30,2570.1075,2574.8256106800745,4.71811068007446,2024-09-18 22:25:00+05:30,2575.0203106800745,initial_stop,-1.0412665181472467,31,1.5628757220308118,0.46555153923188736,2,5413.01562188009,2024
2024-09-19,short,2024-09-19 18:15:00+05:30,2579.1303000000003,2584.010423233745,4.880123233744598,2024-09-19 18:30:00+05:30,2579.3251000000005,breakeven,-0.039917024769626705,3,5.8771486249740885,0.8025022218839822,1,5410.8549070935205,2024
2024-09-20,short,2024-09-20 18:05:00+05:30,2615.9293,2620.0210453926043,4.09174539260448,2024-09-20 19:35:00+05:30,2609.5271,trail,1.5646623593861644,18,1.1116400256064076,0.5515849492104576,1,5495.516517145812,2024
2024-09-23,long,2024-09-23 15:10:00+05:30,2620.1403000000005,2616.5910970096174,3.549202990383037,2024-09-23 17:15:00+05:30,2621.7706,trail,0.4593425635042098,25,2.068665378206006,0.5959904002391958,1,5520.759763593467,2024
2024-09-24,short,2024-09-24 15:45:00+05:30,2631.7732,2634.948616464432,3.1754164644316916,2024-09-24 16:00:00+05:30,2635.154116464432,initial_stop,-1.0647159206680021,3,0.12025804083426436,0.7013368095693329,1,5461.979355448654,2024
2024-09-24,short,2024-09-24 16:35:00+05:30,2631.7556000000004,2635.02090772794,3.265307727939671,2024-09-24 17:50:00+05:30,2627.6152,trail,1.2679968765494325,15,2.1026529059704795,0.688975277996437,2,5531.237083073518,2024
2024-09-25,short,2024-09-25 18:45:00+05:30,2663.1027999999997,2667.3114251449997,4.208625145000042,2024-09-25 19:35:00+05:30,2667.5135251449997,initial_stop,-1.0480204325728733,10,0.5589438922859999,0.3356653691086041,1,5473.26858826886,2024
2024-09-25,short,2024-09-25 20:10:00+05:30,2663.1024,2668.7552544309256,5.652854430925345,2024-09-25 22:30:00+05:30,2655.0018999999998,trail,1.4329928532538654,28,1.015953462561736,0.2506969397360497,2,5551.700135978142,2024
2024-09-26,short,2024-09-26 19:10:00+05:30,2661.6889,2671.8429570343,10.154057034299967,2024-09-26 21:00:00+05:30,2672.0718570343,initial_stop,-1.0225427136391743,22,0.8770496749902823,0.5845650753937032,1,5494.931630754601,2024
2024-09-27,long,2024-09-27 15:10:00+05:30,2663.3494,2659.4418720769227,3.907527923077396,2024-09-27 17:20:00+05:30,2666.6588,trail,0.8469293285033672,26,1.3476381278050027,1.2103561244296857,1,5541.46981831667,2024
2024-10-01,short,2024-10-01 15:00:00+05:30,2646.963,2649.827072926432,2.864072926431618,2024-10-01 15:35:00+05:30,2650.0210729264318,initial_stop,-1.0677357054038659,7,0.7136781264970116,0.29303092451370544,1,5482.301566462324,2024
2024-10-02,short,2024-10-02 16:10:00+05:30,2650.6518000000005,2653.71695238717,3.0651523871692916,2024-10-02 17:55:00+05:30,2650.8606000000004,breakeven,-0.06812059357111194,21,2.647705915095428,0.6754848467741071,1,5478.566990093892,2024
2024-10-03,long,2024-10-03 17:20:00+05:30,2648.3458,2645.0050709858974,3.340729014102635,2024-10-03 18:05:00+05:30,2648.1598,breakeven,-0.055676470379657915,9,2.416588726143107,0.41018413904268036,1,5475.516717366422,2024
2024-10-04,long,2024-10-04 19:25:00+05:30,2655.1551999999997,2646.5042504820867,8.650949517912977,2024-10-04 20:55:00+05:30,2658.2078,trail,0.352863000030183,18,4.951569762680025,0.4370285152137477,1,5494.837789922475,2024
2024-10-07,short,2024-10-07 18:10:00+05:30,2642.434,2646.7582072348596,4.3242072348593865,2024-10-07 18:30:00+05:30,2642.6217,breakeven,-0.04340680032326281,4,6.234425389954304,2.023396482973484,1,5492.452656654917,2024
2024-10-10,short,2024-10-10 18:10:00+05:30,2617.7742000000003,2624.3382189321674,6.564018932167073,2024-10-10 18:15:00+05:30,2624.5817189321674,initial_stop,-1.0370961757600614,1,1.263704698860656,0.6799701537075702,1,5435.490640197317,2024
2024-10-14,long,2024-10-14 19:55:00+05:30,2650.47,2644.848913263699,5.62108673630064,2024-10-14 20:25:00+05:30,2644.643213263699,initial_stop,-1.0365943472587926,6,0.4805668049004969,0.42532924111832626,1,5379.14665147525,2024
2024-10-15,short,2024-10-15 16:10:00+05:30,2654.4049999999997,2657.4754372920193,3.0704372920195055,2024-10-15 17:45:00+05:30,2650.9404,trail,1.1283734759881823,19,0.9176506800276933,0.6399724162938256,1,5439.843515525004,2024
2024-10-17,long,2024-10-17 15:05:00+05:30,2679.0615,2675.7735683642,3.2879316357998505,2024-10-17 16:40:00+05:30,2686.7618,trail,2.3419890840057516,19,0.3872199166737846,0.8186843108987145,1,5567.244056845594,2024
2024-10-22,short,2024-10-22 21:00:00+05:30,2741.2156,2746.3131851714375,5.0975851714374585,2024-10-22 22:30:00+05:30,2746.5081851714376,initial_stop,-1.0382534069450724,18,0.3934311312419828,0.3291144020788221,1,5509.441955752448,2024
2024-10-23,long,2024-10-23 18:05:00+05:30,2746.3729999999996,2742.0912669122276,4.281733087771954,2024-10-23 18:25:00+05:30,2741.8971669122275,initial_stop,-1.0453321110917646,4,0.7805088516949698,0.8041458665604804,1,5451.849989847005,2024
2024-10-25,long,2024-10-25 15:15:00+05:30,2720.5905000000002,2717.101788496159,3.4887115038413867,2024-10-25 17:25:00+05:30,2724.4792,trail,1.1146522134943406,26,1.5535395431741175,0.4566207967763458,1,5512.619156435226,2024
2024-10-28,long,2024-10-28 14:40:00+05:30,2733.4491000000003,2729.1282632283965,4.320836771603808,2024-10-28 14:55:00+05:30,2728.9392632283966,initial_stop,-1.0437415273916255,3,0.5342375215093452,0.3335962804002358,1,5455.081661052565,2024
2024-10-28,long,2024-10-28 17:35:00+05:30,2733.3774,2729.9700160352118,3.407383964788096,2024-10-28 19:30:00+05:30,2739.8134000000005,trail,1.8888390819790857,23,0.2597822114747478,0.3693289271576832,2,5558.1193754204005,2024
2024-10-29,short,2024-10-29 19:30:00+05:30,2760.6423,2765.970385873348,5.328085873347845,2024-10-29 19:30:00+05:30,2766.163085873348,initial_stop,-1.0361668345031718,0,0.7047182216203306,0.5432892617631574,1,5500.527985830199,2024
2024-10-29,short,2024-10-29 21:00:00+05:30,2760.8506,2766.5812742497546,5.730674249754429,2024-10-29 21:30:00+05:30,2766.7759742497547,initial_stop,-1.0339750597424648,6,3.4234327697997147,0.43936146076524957,2,5443.65389830256,2024
2024-10-30,long,2024-10-30 19:25:00+05:30,2776.5561,2769.9534775218967,6.602622478103058,2024-10-30 22:30:00+05:30,2784.5195000000003,trail,1.206096520952148,37,1.1384551024407137,0.37100316666186645,1,5509.3096185826635,2024
2024-10-31,long,2024-10-31 15:55:00+05:30,2776.4777000000004,2773.0592619598556,3.4184380401447925,2024-10-31 16:40:00+05:30,2779.5813000000003,trail,0.907900030233825,9,0.5868015293673676,1.215895060849985,1,5559.328642275451,2024
2024-11-04,short,2024-11-04 19:40:00+05:30,2745.9711,2750.199700397569,4.228600397568698,2024-11-04 20:15:00+05:30,2745.8296,trail,0.033462608593031386,7,0.13669455342853234,0.3949779215909181,1,5561.188938659416,2024
2024-11-05,short,2024-11-05 14:55:00+05:30,2742.6429999999996,2746.3705185183285,3.727518518328907,2024-11-05 16:00:00+05:30,2739.6097,trail,0.8137585326764427,13,0.43289451725568323,0.8514249353708102,1,5606.443588166016,2024
2024-11-07,short,2024-11-07 15:05:00+05:30,2663.7042,2668.2296878518,4.5254878517998804,2024-11-07 16:10:00+05:30,2668.4236878518,initial_stop,-1.0428683064352504,13,0.7621796565842773,0.2725369681114356,1,5547.975764866861,2024
2024-11-11,long,2024-11-11 17:00:00+05:30,2666.2372000000005,2661.369922499437,4.867277500563432,2024-11-11 17:30:00+05:30,2661.158522499437,initial_stop,-1.0434329047348683,6,2.700395131020015,0.2891440573515938,1,5490.086360189524,2024
2024-11-12,long,2024-11-12 17:35:00+05:30,2603.7589,2597.3939209590667,6.364979040933122,2024-11-12 19:15:00+05:30,2605.753,trail,0.31329246917802955,20,3.648271039683985,0.8445777452432313,1,5507.286387307368,2024
2024-11-13,short,2024-11-13 18:45:00+05:30,2607.8759999999997,2611.3282819412448,3.452281941245019,2024-11-13 19:00:00+05:30,2611.6177819412446,initial_stop,-1.0838575773725647,3,2.342645645049429,0.5453794459914247,1,5447.59524649093,2024
2024-11-13,short,2024-11-13 20:10:00+05:30,2607.3312,2614.005496915013,6.6742969150127465,2024-11-13 21:00:00+05:30,2600.8696999999997,trail,0.968116954081897,10,3.0744020857682317,0.4386699695731816,2,5500.3343396619675,2024
2024-11-14,long,2024-11-14 16:00:00+05:30,2545.8702,2539.424946643689,6.445253356310786,2024-11-14 18:15:00+05:30,2553.0425,trail,1.112803423464729,27,2.5362403635096613,0.28018930513294993,1,5561.542248495732,2024
2024-11-15,short,2024-11-15 17:25:00+05:30,2569.7806,2574.1998342048405,4.41923420484045,2024-11-15 18:40:00+05:30,2574.4217342048405,initial_stop,-1.0502123195364832,15,0.9273155361067682,0.6619628119262028,1,5503.134246645803,2024
2024-11-15,short,2024-11-15 19:00:00+05:30,2570.0324,2575.4567661198207,5.424366119820661,2024-11-15 19:15:00+05:30,2570.2238,breakeven,-0.035285228867716234,3,1.7083981838333084,0.4277248747225375,2,5501.192453131976,2024
2024-11-18,short,2024-11-18 15:45:00+05:30,2591.3855000000003,2596.162661054515,4.777161054514636,2024-11-18 18:15:00+05:30,2596.350661054515,initial_stop,-1.0393539170764263,30,1.8770350785910304,0.6435049903113664,1,5444.015593884436,2024
2024-11-19,short,2024-11-19 17:30:00+05:30,2629.4530000000004,2633.4864142057377,4.033414205737245,2024-11-19 17:50:00+05:30,2633.674214205738,initial_stop,-1.046561049875071,4,2.6162029000907734,0.9741540561103478,1,5387.0406471297165,2024
2024-11-19,short,2024-11-19 19:00:00+05:30,2630.079,2634.9994402043058,4.920440204305578,2024-11-19 19:05:00+05:30,2635.1884402043056,initial_stop,-1.0384111974035308,1,3.3887493659545225,0.522731487888976,2,5331.101013841242,2024
2024-11-20,long,2024-11-20 15:45:00+05:30,2623.5236999999997,2619.966193469181,3.557506530818955,2024-11-20 17:55:00+05:30,2627.375,trail,1.0825840983385846,26,0.7094781965367981,0.6871488365944248,1,5388.814665683454,2024
2024-11-21,short,2024-11-21 17:45:00+05:30,2663.9603,2668.065404987222,4.105104987221694,2024-11-21 19:35:00+05:30,2668.249404987222,initial_stop,-1.0448222397655964,22,3.4964454621371153,1.3229793640516743,1,5332.511131596643,2024
2024-11-21,short,2024-11-21 20:20:00+05:30,2664.3556000000003,2669.7880401246857,5.4324401246853995,2024-11-21 21:00:00+05:30,2669.965040124686,initial_stop,-1.032582043416518,8,1.8804743311492065,0.8361906162874837,2,5277.448579188589,2024
2024-11-22,short,2024-11-22 18:00:00+05:30,2698.1730000000002,2703.803411105731,5.630411105730673,2024-11-22 18:15:00+05:30,2703.9818111057307,initial_stop,-1.0316850753257087,3,0.34712218890099894,0.32273378365912697,1,5223.001929839112,2024
2024-11-25,short,2024-11-25 15:45:00+05:30,2670.1306999999997,2674.7362883206447,4.6055883206449835,2024-11-25 16:20:00+05:30,2674.944288320645,initial_stop,-1.0451625255057435,7,1.3859737619498527,0.832900557778956,1,5168.413070961991,2024
2024-11-25,short,2024-11-25 19:40:00+05:30,2667.0238000000004,2674.254363258698,7.230563258697657,2024-11-25 21:00:00+05:30,2638.8521,trail,3.896197155333997,16,4.731060762159359,1.4059552565430404,2,5369.784634008723,2024
2024-11-26,long,2024-11-26 14:45:00+05:30,2621.0477,2615.886118814701,5.161581185298928,2024-11-26 16:30:00+05:30,2629.0834999999997,trail,1.5568485143442081,21,2.643408539564528,0.5553007595285757,1,5453.384046306771,2024
2024-11-29,long,2024-11-29 14:40:00+05:30,2658.7344000000003,2654.577684476677,4.156715523323328,2024-11-29 15:50:00+05:30,2661.9560000000006,trail,0.7750349962425652,14,1.0272459210410625,0.28413723382447986,1,5495.649681145157,2024
2024-12-04,long,2024-12-04 17:00:00+05:30,2647.033,2643.8282267526934,3.204773247306548,2024-12-04 17:20:00+05:30,2643.632726752693,initial_stop,-1.0610027558625477,4,0.532799739833704,1.0821460554371811,1,5437.340686575656,2024
2024-12-04,long,2024-12-04 19:20:00+05:30,2646.8433999999997,2639.793254571288,7.050145428711858,2024-12-04 21:45:00+05:30,2651.8363,trail,0.708198157114108,29,1.037363009783212,0.41277884684448346,2,5475.847833114,2024
2024-12-06,short,2024-12-06 14:45:00+05:30,2643.003,2647.0234794111675,4.020479411167344,2024-12-06 16:40:00+05:30,2636.6027000000004,trail,1.5919245804921223,23,1.0468745054282071,0.28882918384039336,1,5563.019200759687,2024
2024-12-10,long,2024-12-10 14:40:00+05:30,2665.1977,2661.233534352809,3.964165647191294,2024-12-10 16:40:00+05:30,2672.107,trail,1.7429392752281194,24,1.254949784184583,0.5658277708528433,1,5659.979247298209,2024
2024-12-16,short,2024-12-16 15:20:00+05:30,2656.0297,2659.693932585592,3.66423258559189,2024-12-16 15:30:00+05:30,2659.973532585592,initial_stop,-1.0763051999207855,2,0.3837508085210876,0.3604842591173558,1,5599.060596345101,2024
2024-12-17,long,2024-12-17 15:25:00+05:30,2641.1916,2636.214607690347,4.976992309653269,2024-12-17 18:55:00+05:30,2642.0462,trail,0.17171013070334756,42,0.8897674430209112,0.2677024515167694,1,5608.674750613244,2024
2024-12-19,short,2024-12-19 16:25:00+05:30,2618.4441,2623.691894873541,5.247794873540897,2024-12-19 20:05:00+05:30,2600.2358999999997,trail,3.4696859230922428,44,1.2071403682829684,1.9397455368466519,1,5803.278148907301,2024
2024-12-23,long,2024-12-23 17:45:00+05:30,2618.8211,2615.1268852834983,3.694214716501847,2024-12-23 18:00:00+05:30,2614.908985283498,initial_stop,-1.0589841188782971,3,2.5445472865918495,0.6350429259324879,1,5741.822354936038,2024
2024-12-23,long,2024-12-23 19:10:00+05:30,2618.3982,2614.830312082428,3.5678879175720795,2024-12-23 20:15:00+05:30,2614.6420120824278,initial_stop,-1.052776321552273,13,1.8900134231339776,0.42153316961368115,2,5681.373808757677,2024
2024-12-24,long,2024-12-24 16:45:00+05:30,2616.2282999999998,2613.3930552877578,2.8352447122420017,2024-12-24 16:55:00+05:30,2613.1035552877574,initial_stop,-1.102107588368057,2,0.6969670098013593,0.38517619706019623,1,5618.758956887803,2024
2024-12-24,long,2024-12-24 17:25:00+05:30,2616.3197999999998,2613.510234203943,2.8095657960566314,2024-12-24 18:25:00+05:30,2613.257034203943,initial_stop,-1.090120687102429,12,2.3962544493017504,0.44250144269147484,2,5557.507703140348,2024
2024-12-26,short,2024-12-26 16:45:00+05:30,2628.9593,2631.252267809709,2.292967809708898,2024-12-26 18:25:00+05:30,2627.5834999999997,trail,0.6000084232211343,20,0.34439070753728374,0.326135039659537,1,5590.853217480353,2024
2024-12-27,long,2024-12-27 14:40:00+05:30,2626.9116999999997,2623.857297282958,3.0544027170417394,2024-12-27 15:15:00+05:30,2623.624597282958,initial_stop,-1.0761851077140863,7,0.15081474449363236,0.3426344195183114,1,5530.685287759676,2024
2024-12-27,long,2024-12-27 16:00:00+05:30,2627.415,2624.4049851736136,3.0100148263863957,2024-12-27 16:05:00+05:30,2624.1452851736135,initial_stop,-1.0862786447839006,1,1.7748106784065931,0.6784136480494665,2,5470.606634568538,2024
2024-12-30,long,2024-12-30 14:50:00+05:30,2616.3385000000003,2612.8554197231547,3.4830802768456124,2024-12-30 15:15:00+05:30,2612.5799197231545,initial_stop,-1.079096655288604,5,2.059834740844072,1.0896473303133776,1,5411.573501350912,2024
2024-12-30,long,2024-12-30 15:50:00+05:30,2615.3469000000005,2611.793623312284,3.553276687716334,2024-12-30 16:00:00+05:30,2611.551923312284,initial_stop,-1.0680217222699244,2,1.0972317832511567,0.44220928292249734,2,5353.776720839881,2024
2024-12-31,short,2024-12-31 18:30:00+05:30,2610.9743000000003,2613.8210890358164,2.846789035816073,2024-12-31 18:50:00+05:30,2611.1764000000003,breakeven,-0.07099226442750374,4,0.8353513521911657,0.400216564232997,1,5349.975953513364,2024
2025-01-02,short,2025-01-02 15:30:00+05:30,2635.9467999999997,2639.2401463282868,3.2933463282870434,2025-01-02 15:45:00+05:30,2639.5168463282866,initial_stop,-1.084017887102633,3,2.1168112481560297,0.425266920006913,1,5291.98125722159,2025
2025-01-03,long,2025-01-03 14:35:00+05:30,2655.6797,2651.514122583101,4.165577416898941,2025-01-03 18:50:00+05:30,2651.284022583101,initial_stop,-1.0552384404300708,51,1.327599118668797,0.2897274852068149,1,5236.1382367350325,2025
2025-01-06,short,2025-01-06 19:05:00+05:30,2638.1739000000002,2644.461032413525,6.287132413524887,2025-01-06 20:15:00+05:30,2628.9355,trail,1.4694139382409899,14,3.339395085132477,0.3415667266817975,1,5313.078781811183,2025
2025-01-07,short,2025-01-07 20:35:00+05:30,2646.9741,2653.6136842018423,6.639584201842354,2025-01-07 20:55:00+05:30,2653.902484201842,initial_stop,-1.043496699675813,4,3.689611034045248,1.6572378161287336,1,5257.636980071808,2025
2025-01-09,short,2025-01-09 20:30:00+05:30,2672.2708000000002,2677.1517380239998,4.8809380239995335,2025-01-09 23:35:00+05:30,2667.0282,trail,1.0740968179112735,37,0.26011534046218515,1.1583977882547807,1,5314.109091572085,2025
2025-01-14,long,2025-01-14 19:20:00+05:30,2667.5536,2661.441072836466,6.112527163534196,2025-01-14 19:35:00+05:30,2661.1947728364657,initial_stop,-1.040294299462522,3,0.7567431160062441,0.638262272207588,1,5258.826717625241,2025
2025-01-14,long,2025-01-14 20:35:00+05:30,2669.0642,2662.8057555839137,6.258444416086149,2025-01-15 01:35:00+05:30,2672.952,trail,0.621208680867656,60,1.8401909884134229,1.1268949055638209,2,5291.495005706916,2025
2025-01-15,short,2025-01-15 15:30:00+05:30,2685.7328,2688.8268275383,3.094027538299997,2025-01-15 16:05:00+05:30,2689.0645275383004,initial_stop,-1.0768254312729018,7,1.4125581020580693,0.4424797762967333,1,5234.514841790929,2025
2025-01-15,short,2025-01-15 17:05:00+05:30,2685.6878,2688.913998544168,3.2261985441678007,2025-01-15 19:00:00+05:30,2686.1168000000002,breakeven,-0.13297383720404227,23,0.8093748731850939,0.45056961741298485,2,5227.554306546784,2025
2025-01-17,long,2025-01-17 18:55:00+05:30,2710.8639,2706.51219269843,4.351707301569604,2025-01-17 19:00:00+05:30,2706.2199926984304,initial_stop,-1.0671460600979468,1,1.8419593454859724,0.3768651776671653,1,5171.768666724989,2025
2025-01-17,long,2025-01-17 20:20:00+05:30,2711.8432000000003,2706.6705442896327,5.172655710367508,2025-01-17 22:25:00+05:30,2714.4919999999997,trail,0.512077383130394,25,2.837511484382155,0.7343957482333852,2,5198.252124375112,2025
2025-01-21,long,2025-01-21 14:50:00+05:30,2721.077,2715.683791503517,5.393208496483112,2025-01-21 18:55:00+05:30,2726.3243,trail,0.9729458824782571,49,0.7247788030188826,0.41836825214907486,1,5248.8283043800575,2025
2025-01-23,long,2025-01-23 16:10:00+05:30,2749.388,2745.9410171211903,3.4469828788096493,2025-01-23 17:30:00+05:30,2751.6428,trail,0.6541372786797283,16,4.614212508031109,0.43777457847581325,1,5283.162847012901,2025
2025-01-24,short,2025-01-24 19:45:00+05:30,2778.777,2782.9913044750497,4.21430447504963,2025-01-24 20:10:00+05:30,2779.1461,breakeven,-0.08758266095511352,5,1.1040402030443701,1.617079386235784,1,5278.535712408895,2025
2025-01-29,long,2025-01-29 17:45:00+05:30,2757.5299999999997,2754.9299763228664,2.600023677133322,2025-01-29 18:45:00+05:30,2754.696276322866,initial_stop,-1.0898837968498403,12,0.38749617716695717,0.474995313947045,1,5221.005806968418,2025
2025-01-29,long,2025-01-29 19:10:00+05:30,2757.8001000000004,2753.8222006875894,3.9778993124109547,2025-01-29 20:55:00+05:30,2753.5725006875896,initial_stop,-1.0627718251240774,21,2.3797153976278556,0.42595378613433177,2,5165.518428263866,2025
2025-02-04,short,2025-02-04 15:40:00+05:30,2817.3943,2821.947129442376,4.552829442376151,2025-02-04 16:35:00+05:30,2815.633,trail,0.38685833113064866,11,1.1612164309665092,0.8188034176287337,1,5185.501666649693,2025
2025-02-05,short,2025-02-05 19:05:00+05:30,2862.4822,2867.275537243328,4.7933372433280965,2025-02-05 20:00:00+05:30,2867.522237243328,initial_stop,-1.0514672737336666,11,4.965636257185578,1.3779822711297767,1,5130.977813645958,2025
2025-02-06,long,2025-02-06 20:25:00+05:30,2850.0764,2843.564567407079,6.51183259292111,2025-02-06 20:25:00+05:30,2843.283167407079,initial_stop,-1.0432136416261304,0,0.16114450883214784,0.41136790451981237,1,5077.450753145194,2025
2025-02-07,short,2025-02-07 15:40:00+05:30,2866.827,2870.228116996156,3.4011169961559062,2025-02-07 19:00:00+05:30,2864.8921,trail,0.5689013351164067,40,1.545943449432919,0.6228033937397855,1,5106.336438269715,2025
2025-02-10,short,2025-02-10 16:05:00+05:30,2898.8822999999998,2903.3717451872735,4.489445187273759,2025-02-10 16:30:00+05:30,2903.6311451872734,initial_stop,-1.0577799681651612,5,3.1025143780027395,0.32599313086395626,1,5052.322634318579,2025
2025-02-10,short,2025-02-10 16:55:00+05:30,2898.3103,2902.5565215422525,4.246221542252442,2025-02-10 17:05:00+05:30,2902.8203215422527,initial_stop,-1.0621258211271376,2,2.5870432517862985,0.6431308412850959,2,4998.66061105283,2025
2025-02-11,long,2025-02-11 16:35:00+05:30,2904.1620000000003,2899.1901033698387,4.971896630161609,2025-02-11 17:35:00+05:30,2898.9627033698384,initial_stop,-1.0457370731766047,12,0.3738201988876834,0.3955735776932236,1,4946.387763880774,2025
2025-02-11,long,2025-02-11 21:15:00+05:30,2904.3225,2896.1150196456188,8.20748035438146,2025-02-12 01:50:00+05:30,2895.870019645619,initial_stop,-1.0298508177200938,55,3.0102351933152534,0.2748328291725483,2,4895.447349046842,2025
2025-02-12,long,2025-02-12 19:30:00+05:30,2885.0997,2875.11537625659,9.984323743410187,2025-02-12 20:20:00+05:30,2890.5323000000003,trail,0.5441129654460269,10,3.1096318786104415,1.1468824187215412,1,4922.084112789589,2025
2025-02-13,long,2025-02-13 19:35:00+05:30,2910.2100000000005,2903.400613038013,6.809386961987457,2025-02-13 21:00:00+05:30,2915.664,trail,0.8009531592852617,17,0.33678506310049994,0.38916364044470964,1,4961.507700993655,2025
2025-02-14,long,2025-02-14 19:55:00+05:30,2926.5192999999995,2918.405606488895,8.11369351110443,2025-02-14 20:30:00+05:30,2918.146606488895,initial_stop,-1.0319213437931254,7,2.7836960966672835,0.2533867441226579,1,4910.308844053162,2025
2025-02-17,short,2025-02-17 15:00:00+05:30,2902.5820000000003,2907.453983708559,4.871983708558673,2025-02-17 16:20:00+05:30,2901.6415,trail,0.19304251743452439,16,1.275687209099308,0.3021250372888226,1,4919.787827859533,2025
2025-02-19,short,2025-02-19 17:20:00+05:30,2938.731,2942.6454442597533,3.914444259753054,2025-02-19 18:05:00+05:30,2936.294,trail,0.62256602426473,9,4.069073987553208,0.3597391799889587,1,4950.416755341698,2025
2025-02-20,short,2025-02-20 16:40:00+05:30,2950.877,2954.8149759874955,3.93797598749552,2025-02-20 18:25:00+05:30,2945.344,trail,1.4050365003669787,21,0.5429653964870066,0.5285768134796452,1,5019.971917674532,2025
2025-02-21,short,2025-02-21 17:05:00+05:30,2931.9339,2935.9893678334156,4.055467833415605,2025-02-21 17:45:00+05:30,2932.1731,trail,-0.058982097707460546,8,0.52957661353521,1.5729998421860536,1,5017.011032933162,2025
2025-02-24,short,2025-02-24 15:45:00+05:30,2942.9073,2946.9191116297175,4.011811629717613,2025-02-24 16:35:00+05:30,2940.219,trail,0.6700962677524881,10,0.2812915821791666,0.3686624524013146,1,5050.629836617578,2025
2025-02-25,short,2025-02-25 14:35:00+05:30,2939.7666,2944.44519936768,4.678599367679908,2025-02-25 18:35:00+05:30,2930.7706000000003,trail,1.922797677900065,48,0.6930026601499713,0.42604832803011045,1,5147.743229835389,2025
2025-02-26,long,2025-02-26 20:20:00+05:30,2902.4348999999997,2894.426102167061,8.008797832938853,2025-02-26 21:55:00+05:30,2909.8832999999995,trail,0.9300272219840204,19,1.9149791441006152,1.019148782093122,1,5195.618643190697,2025
2025-02-27,long,2025-02-27 14:45:00+05:30,2887.2520000000004,2879.508610435634,7.743389564366225,2025-02-27 16:35:00+05:30,2890.1326,trail,0.37200762999908205,22,1.9322526968336946,0.7384061909796161,1,5214.946740969021,2025
2025-02-28,long,2025-02-28 14:50:00+05:30,2862.2038,2856.9481248942907,5.255675105709088,2025-02-28 18:10:00+05:30,2856.6447248942904,initial_stop,-1.0577280737294175,40,0.5737485692797908,0.6145000499391452,1,5159.786785259755,2025
2025-02-28,long,2025-02-28 18:45:00+05:30,2861.5467000000003,2856.4869985952905,5.059701404709813,2025-02-28 18:50:00+05:30,2856.2418985952904,initial_stop,-1.048441593761233,1,2.4871142900325007,0.3679026782327025,2,5105.689434453696,2025
2025-03-03,short,2025-03-03 15:05:00+05:30,2868.4523000000004,2872.6868447828424,4.234544782842022,2025-03-03 16:20:00+05:30,2873.002844782842,initial_stop,-1.0746243141128666,15,1.134476784173727,0.3123559427785953,1,5050.822454387965,2025
2025-03-05,long,2025-03-05 20:10:00+05:30,2915.0016000000005,2906.467157733698,8.534442266302449,2025-03-05 21:20:00+05:30,2917.3205,trail,0.27171078409602595,14,4.094904735750531,0.8662485997436227,1,5064.546083682081,2025
2025-03-06,long,2025-03-06 20:35:00+05:30,2920.6025,2912.733917428289,7.868582571711158,2025-03-06 20:50:00+05:30,2912.463517428289,initial_stop,-1.0343645119734797,3,6.945080661123981,0.7228821425792059,1,5012.160216299931,2025
2025-03-07,short,2025-03-07 15:50:00+05:30,2918.1589,2921.5796343781108,3.420734378110865,2025-03-07 16:40:00+05:30,2921.887734378111,initial_stop,-1.0900683788755168,10,2.350916521326744,0.6077635293751931,1,4957.524242683467,2025
2025-03-07,short,2025-03-07 17:20:00+05:30,2917.679,2921.3828989283356,3.7038989283355477,2025-03-07 17:50:00+05:30,2921.643998928336,initial_stop,-1.07049328425317,6,0.13794521667950416,0.8431937979209879,2,4904.454278600318,2025
2025-03-10,long,2025-03-10 14:45:00+05:30,2909.0202,2902.4318628775636,6.5883371224363145,2025-03-10 16:00:00+05:30,2902.1723628775635,initial_stop,-1.039387784076258,15,2.555393498759824,1.2530000295703367,1,4853.477979952941,2025
2025-03-10,long,2025-03-10 18:00:00+05:30,2906.8321000000005,2900.2033625429053,6.6287374570952124,2025-03-10 19:00:00+05:30,2899.962262542905,initial_stop,-1.0363719338049995,12,1.3676197400225076,0.5582410950341877,2,4803.177896355302,2025
2025-03-11,short,2025-03-11 15:05:00+05:30,2909.3054000000006,2913.1618595380046,3.8564595380039464,2025-03-11 15:50:00+05:30,2913.386559538005,initial_stop,-1.058265877752866,9,0.37482503752885493,0.49967484782270555,1,4752.347503630406,2025
2025-03-13,short,2025-03-13 15:50:00+05:30,2943.9249,2947.627374080526,3.702474080525917,2025-03-13 17:10:00+05:30,2947.884074080526,initial_stop,-1.0693320181092116,16,2.443827964666748,0.31651467263680244,1,4701.529130162273,2025
2025-03-14,short,2025-03-14 16:10:00+05:30,2989.7344,2995.237348035853,5.502948035853024,2025-03-14 16:30:00+05:30,2995.548048035853,initial_stop,-1.056460645816699,4,4.786629383672474,0.9866724620284165,1,4651.8593251505,2025
2025-03-14,short,2025-03-14 19:05:00+05:30,2989.0307000000003,2995.16325640873,6.13255640872967,2025-03-14 21:15:00+05:30,2984.7381,trail,0.6999691016114783,26,2.410006329035593,1.1312170033452227,2,4684.420903076985,2025
2025-03-17,short,2025-03-17 17:40:00+05:30,2992.9433,2996.9998907584827,4.056590758482798,2025-03-17 17:55:00+05:30,2993.286,breakeven,-0.08447980592657141,3,3.5610594994795455,0.7569940757458827,1,4680.4635133892825,2025
2025-03-18,short,2025-03-18 15:05:00+05:30,3021.6568,3025.813176953332,4.156376953331801,2025-03-18 16:50:00+05:30,3026.062476953332,initial_stop,-1.0599801227846062,21,2.9666602910795112,0.45080976442159426,1,4630.85153049317,2025
2025-03-19,long,2025-03-19 15:10:00+05:30,3029.666,3025.0058214241226,4.66017857587758,2025-03-19 16:25:00+05:30,3033.9613999999997,trail,0.9217243352505285,15,2.666252032929675,0.36982904616253126,1,4673.535215979047,2025
2025-03-24,short,2025-03-24 16:05:00+05:30,3030.0794,3034.740604198258,4.6612041982580195,2025-03-24 17:45:00+05:30,3026.6447000000003,trail,0.73686967013447,20,0.4847404394382575,0.7981148925392135,1,4707.973079508651,2025
2025-03-25,short,2025-03-25 17:30:00+05:30,3020.4445,3023.838838255645,3.394338255644925,2025-03-25 18:00:00+05:30,3019.4829999999997,trail,0.28326581724768524,6,3.3190018513220636,0.40522881660030624,1,4721.309157928122,2025
2025-03-26,long,2025-03-26 15:50:00+05:30,3021.3430000000003,3017.6573966657666,3.685603334233747,2025-03-26 17:25:00+05:30,3027.5465,trail,1.6831708237233176,19,1.4440934525012274,0.9214580573455208,1,4800.776856172145,2025
2025-03-27,short,2025-03-27 14:55:00+05:30,3035.3268,3039.0579467796783,3.731146779678511,2025-03-27 15:25:00+05:30,3039.2940467796784,initial_stop,-1.0632781324192295,6,1.14973864992419,0.5110902904020189,1,4749.731245674223,2025
2025-03-27,short,2025-03-27 19:20:00+05:30,3034.7425999999996,3041.9866407539403,7.244040753940681,2025-03-27 19:30:00+05:30,3042.23564075394,initial_stop,-1.034373081054844,2,5.59225510870538,0.4187723942166199,2,4700.601304246517,2025
2025-03-28,long,2025-03-28 14:45:00+05:30,3072.3634,3067.4254101137426,4.937989886257583,2025-03-28 15:50:00+05:30,3067.2373101137428,initial_stop,-1.0380924230977733,13,0.2781360659708548,0.5159252334824039,1,4651.804718267099,2025
2025-03-28,long,2025-03-28 16:10:00+05:30,3073.4141000000004,3068.698928575372,4.715171424628352,2025-03-28 17:15:00+05:30,3076.934,trail,0.7465052026771681,13,1.5725625970019481,1.0153127776515156,2,4686.530682507345,2025
2025-03-31,long,2025-03-31 19:25:00+05:30,3111.2083,3102.3475352664736,8.860764733526139,2025-03-31 21:00:00+05:30,3119.7056,trail,0.9589804329020366,19,1.3451208063121882,1.207097296333832,1,4731.473594734541,2025
2025-04-02,short,2025-04-02 16:15:00+05:30,3116.984,3122.254391355935,5.270391355934862,2025-04-02 16:30:00+05:30,3117.2804,breakeven,-0.05623870790285945,3,4.785132080905025,1.6987959495794909,1,4728.812675120097,2025
2025-04-04,long,2025-04-04 14:55:00+05:30,3094.5836000000004,3087.0370321482187,7.546567851781674,2025-04-04 15:15:00+05:30,3086.7532321482186,initial_stop,-1.0376064994808405,4,2.3733604671104302,0.5160020165245062,1,4679.7462074547775,2025
2025-04-04,long,2025-04-04 15:35:00+05:30,3094.4482,3086.604297493819,7.8439025061807115,2025-04-04 17:05:00+05:30,3118.9457,trail,3.1231265279874725,18,1.5313706850803708,0.4591455731417076,2,4825.900602702285,2025
2025-04-09,short,2025-04-09 17:00:00+05:30,3060.112,3070.354172232557,10.242172232557095,2025-04-09 17:30:00+05:30,3070.631172232557,initial_stop,-1.0270450441283867,6,0.3972906699214019,0.4624302061575156,1,4776.336429727669,2025
2025-04-09,short,2025-04-09 17:50:00+05:30,3060.6934,3072.996128069122,12.302728069121713,2025-04-09 18:35:00+05:30,3052.2050000000004,trail,0.6899607918104389,9,1.7523352703907573,0.28913948588960076,2,4809.291278377749,2025
2025-04-10,long,2025-04-10 15:30:00+05:30,3116.9730000000004,3108.5057011115173,8.467298888483128,2025-04-10 18:05:00+05:30,3122.736,trail,0.6806184682860388,31,2.6537912289427164,0.5835883489574368,1,4842.024203012058,2025
2025-04-11,short,2025-04-11 14:50:00+05:30,3216.805,3227.917967363602,11.112967363602365,2025-04-11 15:20:00+05:30,3228.284767363602,initial_stop,-1.0330064858465384,6,0.20846908215340706,0.26962001291800647,1,4792.005778948685,2025
2025-04-11,short,2025-04-11 16:15:00+05:30,3215.375,3226.1482583701245,10.773258370124495,2025-04-11 17:55:00+05:30,3226.6802583701246,initial_stop,-1.0493815317263206,20,3.722444424021236,0.5478133417822946,2,4741.719355305139,2025
2025-04-14,long,2025-04-14 16:45:00+05:30,3223.474,3214.834659216831,8.639340783169246,2025-04-14 17:55:00+05:30,3214.493659216831,initial_stop,-1.039470604130377,14,3.7584047085805734,0.27146035926460554,1,4692.430576476382,2025
2025-04-15,long,2025-04-15 17:30:00+05:30,3220.508,3215.566743879148,4.941256120851904,2025-04-15 17:50:00+05:30,3220.1969999999997,breakeven,-0.06293946162550482,4,0.7990082613233022,0.6396373412746844,1,4689.477185934397,2025
2025-04-16,short,2025-04-16 16:40:00+05:30,3297.605,3305.5233803460387,7.9183803460387026,2025-04-16 17:15:00+05:30,3305.8533803460386,initial_stop,-1.0416751893163372,7,3.0559144110370444,0.3658674445600872,1,4640.628065579869,2025
2025-04-16,short,2025-04-16 19:10:00+05:30,3297.552,3307.810075449109,10.258075449108674,2025-04-16 19:20:00+05:30,3308.1310754491087,initial_stop,-1.0312924194789193,2,2.9566744130462888,0.2890209661255304,2,4592.769620123333,2025
2025-04-23,long,2025-04-23 19:50:00+05:30,3279.5649999999996,3259.775818914959,19.789181085040582,2025-04-23 22:40:00+05:30,3294.5920000000006,trail,0.7593543126127867,34,1.5207040932575782,0.4432591842918064,1,4627.645014302109,2025
2025-04-24,short,2025-04-24 15:05:00+05:30,3330.076,3338.848036554269,8.772036554269107,2025-04-24 16:50:00+05:30,3339.225036554269,initial_stop,-1.042977477085008,21,2.029097677182112,0.9423792856988678,1,4579.379719083491,2025
2025-04-24,short,2025-04-24 18:35:00+05:30,3332.358,3341.3318160000817,8.97381600008157,2025-04-24 19:55:00+05:30,3318.646,trail,1.5280010198420995,16,2.4118025744864955,0.3936451963171711,2,4649.352687893529,2025
2025-04-25,long,2025-04-25 19:15:00+05:30,3279.198,3265.069083932582,14.128916067417777,2025-04-26 00:05:00+05:30,3291.951,trail,0.902617011747237,58,1.128335130516589,0.8584367853059812,1,4691.3185361905835,2025
2025-04-30,long,2025-04-30 18:20:00+05:30,3303.9130000000005,3291.7270226661226,12.185977333877872,2025-04-30 19:30:00+05:30,3304.349,trail,0.03577882906343374,14,5.7566095629311365,0.429433058947868,1,4692.997035030468,2025
2025-05-06,short,2025-05-06 14:50:00+05:30,3372.7690000000002,3381.1207581412045,8.3517581412043,2025-05-06 15:25:00+05:30,3381.474758141205,initial_stop,-1.0423862849013517,7,1.4581437759803624,0.4420504188495992,1,4644.077877586484,2025
2025-05-07,long,2025-05-07 14:45:00+05:30,3383.8310000000006,3375.7144443804227,8.116555619577866,2025-05-07 14:50:00+05:30,3375.4194443804226,initial_stop,-1.036345466454823,1,0.8186476801182277,0.25750889468505445,1,4595.949187043485,2025
2025-05-07,long,2025-05-07 15:45:00+05:30,3384.385,3375.2147781921294,9.170221807870803,2025-05-07 18:30:00+05:30,3386.1580000000004,trail,0.19334319683285872,33,2.9766692854592165,0.34372362556938807,2,4604.835142126529,2025
2025-05-09,short,2025-05-09 17:05:00+05:30,3326.2110000000002,3334.393976437295,8.182976437294656,2025-05-09 17:35:00+05:30,3334.6989764372947,initial_stop,-1.0372725013125752,6,1.483858913855743,1.572275377634778,1,4557.070453466473,2025
2025-05-09,short,2025-05-09 18:05:00+05:30,3330.8034,3338.190183078502,7.386783078502049,2025-05-09 18:55:00+05:30,3338.5101830785015,initial_stop,-1.04332061691794,10,0.8804273998129355,0.4627166366430745,2,4509.525597897981,2025
2025-05-13,long,2025-05-13 19:50:00+05:30,3239.231,3229.0448292796154,10.18617072038478,2025-05-13 22:05:00+05:30,3252.4610000000002,trail,1.2988197786164983,27,0.4491576448794763,0.9681168156525346,1,4568.096208285254,2025
2025-05-19,short,2025-05-19 14:50:00+05:30,3235.1130000000003,3242.9956899305917,7.8826899305913685,2025-05-19 16:20:00+05:30,3243.3166899305916,initial_stop,-1.0407221396282718,18,2.2406954435031796,1.0018939460910263,1,4520.5550196861095,2025
2025-05-19,short,2025-05-19 18:20:00+05:30,3237.9000000000005,3244.9020494845904,7.002049484589861,2025-05-19 18:40:00+05:30,3238.2490000000003,breakeven,-0.04984254978028732,4,2.8111218949803565,0.2995334997315464,2,4518.301859800077,2025
2025-05-21,long,2025-05-21 19:30:00+05:30,3304.0566,3293.8370886787325,10.219511321267419,2025-05-21 21:30:00+05:30,3310.4130000000005,trail,0.6219866880300358,24,1.315309810730974,0.37319266080373437,1,4546.4050958930475,2025
2025-05-26,long,2025-05-26 15:25:00+05:30,3329.6013000000003,3323.174937348994,6.426362651006457,2025-05-26 18:40:00+05:30,3331.8026,trail,0.342542137682654,39,0.019818126898840403,0.6820738674462181,1,4561.978449096233,2025
2025-05-27,long,2025-05-27 17:40:00+05:30,3292.7135000000003,3285.642821695387,7.070678304613466,2025-05-27 19:25:00+05:30,3294.3191,trail,0.22707863812051074,21,0.8613062638923333,0.49280925408266363,1,4572.3377276297915,2025
2025-05-28,short,2025-05-28 16:10:00+05:30,3315.41,3320.5963470777538,5.186347077753908,2025-05-28 17:00:00+05:30,3314.0143000000003,trail,0.2691104122179238,10,3.7185591496759205,0.3670196978438045,1,4584.642364536612,2025
2025-05-30,long,2025-05-30 19:40:00+05:30,3283.7886,3271.5423504657674,12.246249534232447,2025-06-02 03:30:00+05:30,3302.6892000000003,eod_data,1.5433786439813078,82,1.1537929198607757,0.8466017466255938,1,4655.4007556937895,2025
2025-06-04,short,2025-06-04 15:05:00+05:30,3362.4106,3367.6696983302127,5.25909833021251,2025-06-04 17:20:00+05:30,3350.2882,trail,2.3050339124407198,27,0.38075352166987997,0.584822803929336,1,4762.709321872553,2025
2025-06-05,short,2025-06-05 20:20:00+05:30,3366.7916,3380.617728970996,13.826128970995796,2025-06-05 21:45:00+05:30,3350.7283,trail,1.1618074758088182,17,4.474382890630827,0.9298674315805883,1,4818.042834825112,2025
2025-06-06,long,2025-06-06 18:40:00+05:30,3355.7765,3345.39414110644,10.38235889355974,2025-06-06 19:15:00+05:30,3345.06874110644,initial_stop,-1.0313416250908087,7,0.8093742379403255,0.9379914875896773,1,4768.352353554855,2025
2025-06-10,short,2025-06-10 16:55:00+05:30,3339.8773,3344.6908292681187,4.8135292681186,2025-06-10 17:50:00+05:30,3336.3154,trail,0.7399768032141504,11,0.163686783134749,0.5131801849630838,1,4803.637054866676,2025
2025-06-11,short,2025-06-11 18:25:00+05:30,3342.5775000000003,3353.322623129462,10.745123129461717,2025-06-11 18:45:00+05:30,3342.8680000000004,breakeven,-0.027035520812558455,4,2.7693604231366487,0.6606782107025114,1,4802.338366570948,2025
2025-06-12,long,2025-06-12 14:40:00+05:30,3359.1527,3351.3042508355143,7.848449164485828,2025-06-12 16:45:00+05:30,3381.0991000000004,trail,2.796272173018277,25,0.4513423870953966,0.35795664882327904,1,4936.624817969552,2025
2025-06-18,short,2025-06-18 19:20:00+05:30,3390.9956,3397.255150775118,6.259550775117987,2025-06-18 20:10:00+05:30,3389.0678000000003,trail,0.3079773723799847,10,1.3721964568950549,0.5145736713355316,1,4951.828505368193,2025
2025-06-20,short,2025-06-20 16:35:00+05:30,3354.6855,3358.448947389915,3.763447389914745,2025-06-20 17:50:00+05:30,3350.6721000000002,trail,1.0664158640173622,15,1.476226179648532,0.2898305066989592,1,5004.635590108373,2025
2025-06-23,short,2025-06-23 14:50:00+05:30,3365.1444,3370.63706918023,5.492669180229768,2025-06-23 16:30:00+05:30,3370.89456918023,initial_stop,-1.0468806679504759,20,0.8025969659971344,0.26286680372223087,1,4952.2430276141595,2025
2025-06-23,short,2025-06-23 17:50:00+05:30,3362.0779,3368.9305854289028,6.852685428902532,2025-06-23 18:45:00+05:30,3369.2142854289027,initial_stop,-1.0413998282780343,11,4.884765578113403,1.1402759515072796,2,4900.670377228675,2025
2025-06-24,long,2025-06-24 19:35:00+05:30,3304.7971999999995,3294.270503233503,10.52669676649657,2025-06-24 21:30:00+05:30,3312.1732,trail,0.7006946398870662,23,1.4777087190239657,0.2945835894148466,1,4935.009111880449,2025
2025-06-25,long,2025-06-25 16:40:00+05:30,3328.182,3323.8432993700544,4.338700629945379,2025-06-25 17:15:00+05:30,3323.5825993700546,initial_stop,-1.0600871141466834,7,1.3599227838496404,0.5306413766378216,1,4882.69371620344,2025
2025-06-26,short,2025-06-26 14:35:00+05:30,3344.8019,3349.3536645939043,4.551764593904409,2025-06-26 15:30:00+05:30,3342.3441000000003,trail,0.5399664128700974,11,1.1031776391846786,1.374017658385985,1,4909.058622314257,2025
2025-06-27,long,2025-06-27 17:55:00+05:30,3279.8624,3271.8794178514904,7.982982148509564,2025-06-27 18:05:00+05:30,3271.55331785149,initial_stop,-1.0408493961196077,2,1.02385324988277,0.8225537345914159,1,4857.9627152887415,2025
2025-06-30,long,2025-06-30 15:10:00+05:30,3284.3171,3277.809962752044,6.507137247956052,2025-06-30 16:50:00+05:30,3277.521262752044,initial_stop,-1.0443666683211186,20,1.7349855792973863,0.37328818918401335,1,4807.227771930799,2025
2025-06-30,long,2025-06-30 17:55:00+05:30,3285.4,3280.0395532493753,5.36044675062476,2025-06-30 18:45:00+05:30,3279.7805532493753,initial_stop,-1.0483168683598671,10,3.2111239780446907,0.8888108010265444,2,4756.8327922971675,2025
2025-07-01,short,2025-07-01 14:35:00+05:30,3338.2090000000003,3343.0070793359446,4.798079335944294,2025-07-01 14:55:00+05:30,3343.2268793359444,initial_stop,-1.045809997003018,4,0.5768123609881399,0.42273384155620386,1,4707.085359414606,2025
2025-07-01,short,2025-07-01 21:25:00+05:30,3337.9286,3344.465345293688,6.536745293688,2025-07-02 05:40:00+05:30,3344.796445293688,initial_stop,-1.0506521189252387,87,6.004948244683932,0.377099166405943,2,4657.630267346296,2025
2025-07-02,short,2025-07-02 16:40:00+05:30,3344.5753,3348.8054693617682,4.230169361768276,2025-07-02 17:45:00+05:30,3343.4911,trail,0.25630179486396976,13,0.7771228476574071,0.7323180450398855,1,4669.567857319632,2025
2025-07-03,long,2025-07-03 16:05:00+05:30,3350.8316,3346.6978425759426,4.133757424057421,2025-07-03 16:30:00+05:30,3350.6696,breakeven,-0.039189527439856105,5,3.1008028079323324,0.2937549208855459,1,4667.737875742865,2025
2025-07-04,long,2025-07-04 15:20:00+05:30,3336.4129000000003,3331.9108721912025,4.50202780879772,2025-07-04 16:10:00+05:30,3331.5960721912024,initial_stop,-1.069924046089838,10,0.7872303270339385,0.6501957113720992,1,4617.79662580185,2025
2025-07-04,long,2025-07-04 16:20:00+05:30,3337.655,3333.22128016136,4.433719838640172,2025-07-04 18:10:00+05:30,3332.88318016136,initial_stop,-1.0762565097265226,22,1.5190630974195547,1.267465992949783,2,4568.097289010725,2025
2025-07-07,long,2025-07-07 16:40:00+05:30,3306.2511000000004,3299.270178090661,6.980921909339486,2025-07-07 20:35:00+05:30,3317.4139,trail,1.5990438146952137,47,2.567232417927873,0.27761931961322023,1,4641.143166159911,2025
2025-07-08,long,2025-07-08 18:05:00+05:30,3329.6602,3324.542003324283,5.118196675716717,2025-07-08 18:35:00+05:30,3324.218103324283,initial_stop,-1.0632840081227457,6,1.1463172195124345,0.5323213153264695,1,4591.7946330800505,2025
2025-07-09,short,2025-07-09 19:10:00+05:30,3293.2225000000003,3299.345020299049,6.122520299048574,2025-07-09 19:20:00+05:30,3299.6084202990487,initial_stop,-1.043021498849216,2,0.47772767420409595,1.4401933428137494,1,4543.901227874021,2025
2025-07-10,long,2025-07-10 19:45:00+05:30,3319.3662999999997,3311.7763133958506,7.5899866041490895,2025-07-11 06:30:00+05:30,3329.3667,trail,1.3175780830144819,117,1.5591500008403911,0.8736604586468565,1,4603.770674566315,2025
2025-07-11,short,2025-07-11 18:55:00+05:30,3350.6383000000005,3357.7465603916044,7.108260391603835,2025-07-11 19:05:00+05:30,3358.0934603916044,initial_stop,-1.0488023765153227,2,1.3442575656734201,0.8562696059270015,1,4555.4862183221485,2025
2025-07-14,long,2025-07-14 20:40:00+05:30,3348.8918000000003,3341.875812291928,7.015987708072316,2025-07-15 02:15:00+05:30,3341.624812291928,initial_stop,-1.035775433259584,67,1.5612006176575879,0.6741886366053425,1,4508.301611207242,2025
2025-07-15,long,2025-07-15 17:55:00+05:30,3355.5754,3350.7436003502744,4.831799649725781,2025-07-15 18:00:00+05:30,3350.4241003502743,initial_stop,-1.0661244304734767,1,1.7692790232623634,0.7237959640621068,1,4460.237506330732,2025
2025-07-16,long,2025-07-16 17:00:00+05:30,3336.3352,3332.725239537366,3.6099604626338078,2025-07-16 17:45:00+05:30,3337.172,trail,0.23180309276559624,9,0.4105917804183318,0.9211459492394141,1,4470.576474815098,2025
2025-07-18,short,2025-07-18 15:35:00+05:30,3349.3953,3353.350101620268,3.954801620267972,2025-07-18 16:35:00+05:30,3353.622501620268,initial_stop,-1.068878296854085,12,1.6975006810699669,1.1490145059501375,1,4422.791453131535,2025
2025-07-22,short,2025-07-22 14:45:00+05:30,3388.8436,3392.183245266068,3.3396452660676914,2025-07-22 15:35:00+05:30,3387.6335000000004,trail,0.36234387295409726,10,0.7100793549475906,0.32921861002145986,1,4438.817166975494,2025
2025-07-23,short,2025-07-23 15:35:00+05:30,3427.6626,3431.766356170554,4.103756170553879,2025-07-23 16:55:00+05:30,3423.9084000000003,trail,0.9148204337620661,16,2.122109625302091,0.9788759681133035,1,4479.4243734363245,2025
2025-07-24,long,2025-07-24 16:15:00+05:30,3365.359,3361.16846669831,4.190533301689811,2025-07-24 17:30:00+05:30,3360.8614666983103,initial_stop,-1.073260365184544,15,0.9223159307792972,0.28081686160633595,1,4431.348487047816,2025
2025-07-24,long,2025-07-24 19:15:00+05:30,3366.8969999999995,3359.7179217742014,7.179078225798094,2025-07-24 20:25:00+05:30,3373.0852,trail,0.8619769565629114,14,3.778250789801905,0.6108462298412726,2,4469.545689871167,2025
2025-07-29,short,2025-07-29 15:30:00+05:30,3324.3500000000004,3329.6688323734998,5.31883237349939,2025-07-29 17:35:00+05:30,3318.6234999999997,trail,1.0766460752800646,25,0.7031266777357295,0.7734986477309691,1,4517.666878124014,2025
2025-07-30,short,2025-07-30 15:05:00+05:30,3329.9756,3333.7379297093557,3.7623297093555266,2025-07-30 15:25:00+05:30,3334.002629709356,initial_stop,-1.07035534374937,4,1.6205846603874947,0.2524958007661147,1,4469.311789281219,2025
2025-07-30,short,2025-07-30 15:40:00+05:30,3329.8098000000005,3334.3350676867294,4.5252676867289665,2025-07-30 16:50:00+05:30,3329.4424,trail,0.08118856727039589,14,1.603599260353338,0.27397468648897905,2,4472.940359489783,2025
2025-07-31,short,2025-07-31 18:15:00+05:30,3308.3106000000002,3313.9162918173865,5.605691817386287,2025-07-31 20:45:00+05:30,3298.0806000000002,trail,1.8249308619270233,30,0.07836442997487743,0.5737328650206249,1,4554.568428545702,2025
2025-08-01,short,2025-08-01 18:00:00+05:30,3301.3707,3306.4619099259344,5.091209925934436,2025-08-01 18:00:00+05:30,3306.8477099259344,initial_stop,-1.0757776649583366,0,0.5208897925111554,0.4909242842517204,1,4505.571398656163,2025
2025-08-05,long,2025-08-05 18:00:00+05:30,3361.2284,3355.6583114406153,5.570088559384658,2025-08-05 19:40:00+05:30,3371.7598999999996,trail,1.8907239782132006,20,3.232901235490313,0.944091582525928,1,4590.759317446071,2025
2025-08-06,long,2025-08-06 19:25:00+05:30,3373.3635,3367.321828730863,6.041671269136714,2025-08-06 20:45:00+05:30,3375.7591,trail,0.39651280138957146,16,1.8231093790199902,0.888478449621813,1,4608.962265820729,2025
2025-08-08,long,2025-08-08 17:05:00+05:30,3387.5610000000006,3380.8964563764916,6.664543623508962,2025-08-08 18:30:00+05:30,3388.0902,trail,0.079405287127652,17,0.9599997012713573,1.2128404375677846,1,4612.622025541509,2025
2025-08-11,long,2025-08-11 15:35:00+05:30,3356.2389000000003,3349.5317003364853,6.707199663514984,2025-08-11 16:15:00+05:30,3360.0615000000003,trail,0.5699248854620631,8,0.24252111494614123,0.706461059724825,1,4638.9105063373745,2025
2025-08-13,short,2025-08-13 15:55:00+05:30,3363.5150000000003,3367.80912562762,4.294125627619451,2025-08-13 17:25:00+05:30,3362.5521000000003,trail,0.22423656956068067,18,0.3630413415612829,0.754977810307181,1,4649.312640121775,2025
2025-08-14,long,2025-08-14 14:40:00+05:30,3352.8343000000004,3346.2247505929113,6.609549407089162,2025-08-14 18:00:00+05:30,3345.9096505929115,initial_stop,-1.047673446492712,40,2.0030757758201942,0.34225782941212474,1,4600.60302614679,2025
2025-08-14,long,2025-08-14 18:15:00+05:30,3353.3173,3346.52298247602,6.794317523980226,2025-08-14 18:50:00+05:30,3346.23658247602,initial_stop,-1.0421528724539473,7,3.0579483246446637,0.47792916631303756,2,4552.6577095595985,2025
2025-08-19,short,2025-08-19 17:25:00+05:30,3340.437,3343.4753485104497,3.0383485104498504,2025-08-19 19:00:00+05:30,3335.3056,trail,1.6888780146027471,19,3.121780640921385,0.28318220368951813,1,4629.546544696467,2025
2025-08-21,long,2025-08-21 16:55:00+05:30,3331.2976000000003,3326.7853584424133,4.512241557587004,2025-08-21 19:15:00+05:30,3342.8637,trail,2.5632714588499814,28,2.3820250836722106,0.35484964028711374,1,4748.214389950847,2025
2025-08-26,long,2025-08-26 16:15:00+05:30,3369.6778,3365.2367571203645,4.441042879635461,2025-08-26 17:35:00+05:30,3376.6073,trail,1.5603317031176676,16,0.6478901002117402,0.36443818136879247,1,4822.302284409246,2025
2025-08-28,short,2025-08-28 18:20:00+05:30,3399.6609000000003,3405.0656151619687,5.404715161968397,2025-08-28 18:45:00+05:30,3399.9189000000006,breakeven,-0.047736095662495925,5,2.753785485470564,0.7046208909852376,1,4820.000305577625,2025
2025-08-29,long,2025-08-29 16:50:00+05:30,3406.915,3404.1384484513333,2.7765515486667027,2025-08-29 17:45:00+05:30,3408.2374,trail,0.4762742476850578,11,1.4169511015471716,0.35621675737250774,1,4842.9567257714325,2025
2025-09-02,short,2025-09-02 20:05:00+05:30,3499.8636,3510.7535897133675,10.889989713367413,2025-09-02 20:15:00+05:30,3511.1281897133676,initial_stop,-1.0343985632548651,2,0.5087262256211996,0.3966931959714937,1,4792.861250980998,2025
2025-09-03,short,2025-09-03 17:50:00+05:30,3541.6395,3547.650696874151,6.011196874150755,2025-09-03 17:55:00+05:30,3547.937396874151,initial_stop,-1.0476943287671998,1,1.95200554496477,0.7543906734263696,1,4742.64671546879,2025
2025-09-04,short,2025-09-04 19:15:00+05:30,3550.5829000000003,3559.5980234948174,9.01512349481709,2025-09-04 20:10:00+05:30,3545.5172000000002,trail,0.5619113263298547,11,1.3049431126591329,0.5279453226238368,1,4769.29618453082,2025
2025-09-10,short,2025-09-10 16:35:00+05:30,3650.806,3655.6837889602466,4.877788960246562,2025-09-10 16:45:00+05:30,3655.9527889602464,initial_stop,-1.055147937352784,2,2.2750825657824856,0.523264645882542,1,4718.9730542134985,2025
2025-09-10,short,2025-09-10 20:15:00+05:30,3648.5169,3655.648135018857,7.131235018856842,2025-09-10 21:15:00+05:30,3648.7543,breakeven,-0.0332901663417672,12,0.9355782717892197,1.0197963439115143,2,4717.402100234128,2025
2025-09-12,long,2025-09-12 14:55:00+05:30,3645.7748,3639.7415772526324,6.033222747367745,2025-09-12 16:45:00+05:30,3648.9802999999997,trail,0.5313080809751493,22,2.25952455969769,0.46059539101523506,1,4742.466038804763,2025
2025-09-17,long,2025-09-17 16:55:00+05:30,3668.1594000000005,3662.588582582218,5.570817417782564,2025-09-17 18:35:00+05:30,3672.5133,trail,0.7815549628500768,20,1.5099637964727632,1.4527004598547064,1,4779.531017492522,2025
2025-09-18,short,2025-09-18 18:30:00+05:30,3662.9917,3669.6401206242194,6.648420624219398,2025-09-18 20:10:00+05:30,3644.0414,trail,2.8503461304728983,20,1.2831256778629219,0.8370204847090874,1,4915.764194904372,2025
2025-09-19,short,2025-09-19 19:50:00+05:30,3657.3495,3664.257786862003,6.908286862003024,2025-09-19 19:55:00+05:30,3664.5931868620028,initial_stop,-1.0485503869048496,1,1.488377876610959,0.5683724070561367,1,4864.219930419372,2025
2025-09-24,long,2025-09-24 15:15:00+05:30,3768.1396999999997,3763.2106851786325,4.929014821367218,2025-09-24 15:45:00+05:30,3762.9626851786325,initial_stop,-1.0503143141150582,6,0.22989420378038516,0.4855709350865052,1,4813.130332220139,2025
2025-09-24,long,2025-09-24 17:50:00+05:30,3770.9193999999998,3765.8758986619946,5.043501338005171,2025-09-24 17:50:00+05:30,3765.6214986619943,initial_stop,-1.050441148509912,0,0.47190481898247333,1.6412264943368577,2,4762.571230679087,2025
2025-09-25,short,2025-09-25 14:35:00+05:30,3755.312,3762.0279618438553,6.715961843855439,2025-09-25 17:00:00+05:30,3750.9601,trail,0.64799355642286,29,0.3143119796463721,0.2860487482751747,1,4793.432385373937,2025
2025-09-29,short,2025-09-29 17:45:00+05:30,3824.2789000000002,3831.213841228843,6.934941228842945,2025-09-29 18:45:00+05:30,3819.1002,trail,0.7467547062204053,12,1.7141764948655447,0.35820181154211106,1,4829.22756730121,2025
2025-09-30,long,2025-09-30 19:45:00+05:30,3844.2646999999997,3832.521229442952,11.743470557047658,2025-09-30 20:45:00+05:30,3832.225529442952,initial_stop,-1.0251799498762881,12,8.317143830401985,0.5378354019995275,1,4779.71929454734,2025
2025-10-01,short,2025-10-01 18:45:00+05:30,3865.214,3874.7223346107025,9.508334610702605,2025-10-01 19:00:00+05:30,3874.9957346107026,initial_stop,-1.028753720939974,3,0.2602482319104466,1.294312754043475,1,4730.547754454198,2025
2025-10-01,short,2025-10-01 19:20:00+05:30,3869.6723,3879.777755699425,10.105455699424965,2025-10-01 20:20:00+05:30,3870.0161000000003,breakeven,-0.03402122677354021,12,1.1513804922664752,0.30962346423965775,2,4728.938364075025,2025
2025-10-02,short,2025-10-02 18:15:00+05:30,3882.2799000000005,3889.221519390423,6.941619390422602,2025-10-02 18:30:00+05:30,3889.531219390423,initial_stop,-1.044614949708578,3,1.4687952191108578,0.31192846171827826,1,4679.539166961393,2025
2025-10-03,short,2025-10-03 19:45:00+05:30,3866.9887999999996,3878.7592144024757,11.770414402476035,2025-10-03 19:55:00+05:30,3879.0699144024757,initial_stop,-1.0263966916861176,2,3.7817094057947935,0.31424121284784207,1,4631.508531765545,2025
2025-10-06,short,2025-10-06 16:20:00+05:30,3942.288,3949.811461603021,7.523461603021133,2025-10-06 17:05:00+05:30,3939.7639999999997,trail,0.33548386808896596,9,0.8402248294896201,0.30675093365150813,1,4647.046495738782,2025
2025-10-07,short,2025-10-07 19:40:00+05:30,3971.5380000000005,3981.5273014270615,9.989301427061037,2025-10-07 20:00:00+05:30,3981.8184014270614,initial_stop,-1.0291411769006513,4,1.361532632160492,0.5452314628408175,1,4599.2218267414155,2025
2025-10-07,short,2025-10-07 21:15:00+05:30,3971.8153,3982.8384524389635,11.02315243896328,2025-10-07 22:40:00+05:30,3983.1194524389634,initial_stop,-1.0254918002409823,17,3.1000742601617195,0.4414043854960249,2,4552.057184033289,2025
2025-10-08,short,2025-10-08 16:00:00+05:30,4040.1564000000003,4047.412008564501,7.255608564500562,2025-10-08 17:10:00+05:30,4037.4018,trail,0.3796511313299909,14,2.0896867479197483,0.5587996289242704,1,4569.339120631259,2025
2025-10-09,short,2025-10-09 19:05:00+05:30,4047.6639000000005,4057.3398367499317,9.675936749931225,2025-10-09 20:20:00+05:30,4020.9282,trail,2.7631123157342534,15,0.928526428939192,1.207630990979828,1,4695.595092621084,2025
2025-10-10,short,2025-10-10 18:20:00+05:30,3981.4200000000005,3991.6571131270425,10.237113127041994,2025-10-10 18:50:00+05:30,3991.9421131270424,initial_stop,-1.0278398799019821,6,4.758302628604236,0.2748659791809565,1,4647.331893660405,2025
2025-10-13,short,2025-10-13 15:40:00+05:30,4074.1169999999997,4081.2862360074882,7.169236007488507,2025-10-13 16:15:00+05:30,4081.5803360074883,initial_stop,-1.0410225022154207,7,0.8764153358830519,0.6967992314689984,1,4598.952122894766,2025
2025-10-16,short,2025-10-16 19:30:00+05:30,4245.626,4259.369038914351,13.743038914351018,2025-10-16 19:35:00+05:30,4259.689738914351,initial_stop,-1.0233354501867362,1,1.4596870159763848,0.4489508933826358,1,4551.889415484068,2025
2025-10-20,short,2025-10-20 17:05:00+05:30,4259.6275,4268.995693333358,9.36819333335825,2025-10-20 17:25:00+05:30,4269.347093333357,initial_stop,-1.037509900521405,4,0.561461362843688,0.2946676656060327,1,4504.663112137635,2025
2025-10-23,short,2025-10-23 19:20:00+05:30,4139.5829,4155.6390084516515,16.0561084516512,2025-10-24 02:10:00+05:30,4116.422700000001,trail,1.4424541332503003,82,0.0319918579167473,1.214040227202764,1,4569.640811387666,2025
2025-10-24,long,2025-10-24 15:35:00+05:30,4070.2167000000004,4056.0622108458333,14.154489154167095,2025-10-24 16:00:00+05:30,4055.8005108458333,initial_stop,-1.018488833976956,5,1.171047650456884,1.0661863466118742,1,4523.099529970828,2025
2025-10-24,long,2025-10-24 17:20:00+05:30,4065.8184,4053.533026564093,12.285373435907331,2025-10-24 19:10:00+05:30,4109.1443,trail,3.5266245854088685,22,3.1155099243317435,0.5045363570400792,2,4682.612270017293,2025
2025-10-28,long,2025-10-28 16:20:00+05:30,3923.2212999999997,3907.9505999564954,15.270700043504348,2025-10-28 18:20:00+05:30,3907.5981999564956,initial_stop,-1.0230768726381776,24,4.251327563633002,0.6188649877350848,1,4634.705546847428,2025
2025-10-28,long,2025-10-28 18:35:00+05:30,3927.9802,3914.78171356008,13.198486439920089,2025-10-28 21:30:00+05:30,3960.189,trail,2.4403404243823954,35,1.9594185749176358,1.4623556270954026,2,4747.808139858239,2025
2025-10-29,short,2025-10-29 21:20:00+05:30,3997.1832000000004,4008.4540154086444,11.270815408644012,2025-10-29 23:20:00+05:30,3995.7626999999998,trail,0.12603347215776373,24,5.294481730063546,0.7066998453601026,1,4753.7919673082915,2025
2025-10-30,short,2025-10-30 15:55:00+05:30,3985.756,3998.9334121323036,13.177412132303743,2025-10-30 17:25:00+05:30,3976.9457,trail,0.6685910641287183,18,2.9600390132860936,1.0391302653183991,1,4785.575395608984,2025
2025-10-31,short,2025-10-31 18:00:00+05:30,4019.1146,4028.1685392776835,9.05393927768364,2025-10-31 18:10:00+05:30,4028.5239392776834,initial_stop,-1.0392536319385217,2,0.861568141424813,0.4064975637271866,1,4735.841129500961,2025
2025-10-31,short,2025-10-31 19:10:00+05:30,4019.221,4031.3518709330324,12.130870933032384,2025-10-31 22:30:00+05:30,3990.0710000000004,trail,2.402960196421193,40,2.569595678637756,0.2762291938066243,2,4849.641506808613,2025
2025-11-03,long,2025-11-03 18:20:00+05:30,4012.5202000000004,4004.7270354126736,7.793164587326828,2025-11-03 19:35:00+05:30,4014.4066000000003,trail,0.24205827797702528,15,0.5218646473924016,0.6167246297740331,1,4861.380465528053,2025
2025-11-04,long,2025-11-04 20:30:00+05:30,3957.4365000000003,3940.1707131364187,17.265786863581525,2025-11-04 22:15:00+05:30,3965.433,trail,0.4631413594515431,21,2.9980909092300165,0.3470635344156925,1,4883.895529104211,2025
2025-11-05,short,2025-11-05 19:30:00+05:30,3975.699,3984.8848330945107,9.185833094510599,2025-11-05 19:55:00+05:30,3985.146833094511,initial_stop,-1.028522181636061,5,0.12226813317147421,0.6203144737958308,1,4833.663580259443,2025
2025-11-05,short,2025-11-05 20:15:00+05:30,3976.1433,3985.785057267551,9.641757267550929,2025-11-05 20:35:00+05:30,3976.4493,breakeven,-0.03173695328650045,4,1.4903754967784009,0.49358672366411005,2,4832.1295227069495,2025
2025-11-06,short,2025-11-06 19:55:00+05:30,3994.6850000000004,4003.3201280540966,8.635128054096185,2025-11-06 20:05:00+05:30,4003.6948280540964,initial_stop,-1.0433925238459092,2,5.033820266185712,0.922503858305457,1,4781.711444524474,2025
2025-11-06,short,2025-11-06 20:25:00+05:30,3995.4163000000003,4005.398722467847,9.982422467846845,2025-11-06 21:30:00+05:30,3985.2619,trail,1.0172280358507608,13,0.4920216474803834,0.6446106394207538,2,4830.352353931662,2025
2025-11-10,short,2025-11-10 15:15:00+05:30,4080.8442999999997,4089.7742845137304,8.929984513730687,2025-11-10 17:40:00+05:30,4090.04328451373,initial_stop,-1.0301232325303773,29,0.5098687634798046,0.6543893880486749,1,4780.593772120734,2025
2025-11-10,short,2025-11-10 20:05:00+05:30,4078.1753,4088.6708710735948,10.495571073594874,2025-11-10 20:30:00+05:30,4088.9498710735947,initial_stop,-1.0265826411963341,5,0.9568233630200959,1.0763038648503915,2,4731.517026310029,2025
2025-11-13,short,2025-11-13 19:40:00+05:30,4216.21,4229.886983161448,13.676983161448334,2025-11-13 21:25:00+05:30,4201.320500000001,trail,1.088653822574611,21,4.039774417611325,0.2559919345816921,1,4783.0268672827215,2025
2025-11-17,short,2025-11-17 16:15:00+05:30,4079.201,4088.5142517284526,9.313251728452542,2025-11-17 17:05:00+05:30,4074.099,trail,0.5478215502768969,10,1.6932965834055154,0.5298450847684959,1,4809.22931921723,2025
2025-11-19,short,2025-11-19 18:45:00+05:30,4102.822,4111.9174013485435,9.095401348543419,2025-11-19 19:00:00+05:30,4112.210401348543,initial_stop,-1.0322140814650898,3,3.5435117046262006,0.2730135296725028,1,4759.587776974322,2025
2025-11-19,short,2025-11-19 21:25:00+05:30,4091.557,4106.751320357094,15.194320357094512,2025-11-19 23:00:00+05:30,4073.452,trail,1.1915636615852976,19,3.841429965852558,1.670653311501872,2,4816.301295366004,2025
2025-11-20,short,2025-11-20 19:15:00+05:30,4080.165,4097.400353653098,17.235353653098173,2025-11-20 20:15:00+05:30,4097.762353653098,initial_stop,-1.0210033404179675,12,0.7615498621312093,1.1263108942267395,1,4767.126698255723,2025
2025-11-20,short,2025-11-20 21:05:00+05:30,4077.826,4097.252798061805,19.42679806180513,2025-11-20 22:50:00+05:30,4058.3650000000002,trail,1.0017605545744515,21,0.9200432170749409,1.244518071788378,2,4814.881893105436,2025
2025-11-24,short,2025-11-24 16:25:00+05:30,4065.277,4073.934382620273,8.657382620272983,2025-11-24 17:35:00+05:30,4074.262182620273,initial_stop,-1.0378636378196358,14,0.8530829318969703,0.4408541273431634,1,4764.909984732933,2025
2025-11-25,long,2025-11-25 18:30:00+05:30,4130.447,4119.7879860088715,10.659013991128631,2025-11-25 19:35:00+05:30,4143.7886,trail,1.2516729981876182,13,2.312776467773513,0.4269591544795994,1,4824.551076399781,2025
2025-11-28,long,2025-11-28 16:55:00+05:30,4178.5079000000005,4167.360798219858,11.147101780142293,2025-11-28 20:30:00+05:30,4194.122,trail,1.400731805267545,43,2.9365721899660366,0.4024304407381746,1,4892.13009778829,2025
2025-12-01,short,2025-12-01 17:45:00+05:30,4248.753,4256.335559003238,7.582559003238202,2025-12-01 18:05:00+05:30,4256.674659003238,initial_stop,-1.0447210499589028,4,3.169209370096058,0.48900365005150626,1,4841.020984865321,2025
2025-12-01,short,2025-12-01 18:20:00+05:30,4248.2843,4256.884301726657,8.600001726656956,2025-12-01 18:50:00+05:30,4257.167301726657,initial_stop,-1.0329069701372555,6,1.335843259441021,0.5456092307411123,2,4791.01774168684,2025
2025-12-02,long,2025-12-02 15:55:00+05:30,4188.0664,4179.201539506738,8.864860493261403,2025-12-02 17:50:00+05:30,4201.304000000001,trail,1.4932665900454738,23,0.34408509869722465,0.4933830398266953,1,4862.560408946601,2025
2025-12-03,long,2025-12-03 16:00:00+05:30,4203.409000000001,4196.395541138058,7.0134588619421265,2025-12-03 17:50:00+05:30,4205.491,trail,0.29685780454166516,22,2.051092787582325,0.46625869492592764,1,4876.995299021111,2025
2025-12-04,short,2025-12-04 16:00:00+05:30,4198.914,4205.3198440073975,6.405844007397718,2025-12-04 16:35:00+05:30,4205.606844007398,initial_stop,-1.044802839355567,7,0.7252429604140496,0.29355849680921686,1,4826.0403136617015,2025
2025-12-04,short,2025-12-04 17:20:00+05:30,4198.644,4205.220502167462,6.576502167461513,2025-12-04 18:50:00+05:30,4192.804000000001,trail,0.8880100471788391,18,0.05904291278884799,0.3726687076036228,2,4868.896036527918,2025
2025-12-08,long,2025-12-08 17:10:00+05:30,4213.1467,4206.2930672182165,6.853632781783745,2025-12-08 18:35:00+05:30,4205.998367218216,initial_stop,-1.042999093967167,17,3.189193012276958,0.8228412494187733,1,4818.113494980728,2025
2025-12-10,long,2025-12-10 17:05:00+05:30,4196.2756,4191.452608087358,4.822991912641555,2025-12-10 18:00:00+05:30,4197.085599999999,trail,0.16794554390116181,11,0.4938659746862427,0.3724846929071269,1,4826.205301895649,2025
2025-12-11,short,2025-12-11 15:45:00+05:30,4220.357000000001,4227.020517555028,6.663517555027283,2025-12-11 16:25:00+05:30,4218.227,trail,0.3196509924993058,8,1.3426360959899586,0.3560495254554464,1,4841.632315043213,2025
2025-12-16,long,2025-12-16 16:10:00+05:30,4277.6877,4270.522361255336,7.165338744664041,2025-12-16 20:30:00+05:30,4321.5063,trail,6.115356379017098,52,0.5182605294756453,0.27315105001821904,1,5137.7153856697605,2025
2025-12-17,long,2025-12-17 17:00:00+05:30,4318.488700000001,4312.193698915183,6.295001084818068,2025-12-17 19:40:00+05:30,4332.858,trail,2.282652505756426,32,0.4495279144136625,0.28969576706696615,1,5254.991574659385,2025
2025-12-18,long,2025-12-18 16:15:00+05:30,4327.317999999999,4321.884224698894,5.433775301105015,2025-12-18 17:35:00+05:30,4321.5655246988945,initial_stop,-1.058651670770228,16,2.1099635931226435,0.28790926221976126,1,5199.359518555419,2025
2025-12-18,long,2025-12-18 19:05:00+05:30,4330.139,4321.663070931328,8.475929068672485,2025-12-18 19:50:00+05:30,4332.7238,trail,0.3049577195676636,9,2.842045790521256,0.8682762277249367,2,5215.215366775329,2025
2025-12-19,short,2025-12-19 20:20:00+05:30,4327.088300000001,4337.873530274092,10.785230274091191,2025-12-19 20:30:00+05:30,4338.163530274092,initial_stop,-1.0268886238522525,2,0.9092181153185989,1.1177194422866261,1,5161.660913464519,2025
2025-12-23,short,2025-12-23 17:35:00+05:30,4490.025000000001,4495.647113875189,5.622113875188006,2025-12-23 18:10:00+05:30,4487.8060000000005,trail,0.39469140064791847,7,0.7703635851526999,0.7351837111434789,1,5182.033545220568,2025
2025-12-24,long,2025-12-24 20:15:00+05:30,4481.657700000001,4469.268902249827,12.38879775017358,2025-12-24 20:20:00+05:30,4468.869702249827,initial_stop,-1.032222658570259,1,1.2253984842518375,0.527671592198425,1,5128.54342079209,2025
2025-12-26,short,2025-12-26 20:10:00+05:30,4524.9931,4535.630759471466,10.637659471466577,2025-12-26 20:25:00+05:30,4525.4087,breakeven,-0.03906874450296447,3,1.1172682977590493,0.4216125211039707,1,5126.539763266297,2025
2025-12-30,short,2025-12-30 18:50:00+05:30,4391.567000000001,4401.530697999992,9.963697999991382,2025-12-30 19:30:00+05:30,4390.0551000000005,trail,0.15174084963250906,8,2.3132340693861013,0.28479593847522705,1,5134.318818259826,2025
2026-01-02,short,2026-01-02 15:30:00+05:30,4385.140299999999,4392.509332235699,7.369032235699706,2026-01-02 16:05:00+05:30,4392.924832235699,initial_stop,-1.0563846088211084,7,0.6785929756051309,0.4812103054188727,1,5080.080664495923,2026
2026-01-02,short,2026-01-02 18:55:00+05:30,4381.0261,4391.127876039974,10.101776039973629,2026-01-02 19:50:00+05:30,4373.199500000001,trail,0.7747746504207639,11,3.159608181164852,1.1868653241893994,2,5119.439841705364,2026
2026-01-05,short,2026-01-05 15:20:00+05:30,4434.6269999999995,4442.057396038178,7.430396038178515,2026-01-05 18:35:00+05:30,4416.483,trail,2.441861767094603,39,0.48453224800539085,0.45180319747863856,1,5244.449485889376,2026
2026-01-06,short,2026-01-06 20:50:00+05:30,4474.0926,4486.915420616215,12.822820616214813,2026-01-06 22:05:00+05:30,4487.327420616215,initial_stop,-1.0321302163019637,15,1.862794082784739,0.799490037950032,1,5190.319938066818,2026
2026-01-08,short,2026-01-08 21:25:00+05:30,4448.2003,4461.908340039711,13.708040039710795,2026-01-08 22:05:00+05:30,4462.259040039711,initial_stop,-1.0255835260900916,8,0.318992860970424,0.7390823811145006,1,5137.088871830636,2026
2026-01-12,short,2026-01-12 15:40:00+05:30,4586.704000000001,4594.592907277802,7.888907277801081,2026-01-12 16:00:00+05:30,4594.877907277802,initial_stop,-1.0361266763524815,4,1.1137096826514643,0.5950387977528793,1,5083.862123641664,2026
2026-01-12,short,2026-01-12 16:05:00+05:30,4587.2582999999995,4595.720778103797,8.462478103797366,2026-01-12 18:05:00+05:30,4585.724,trail,0.18130622982774536,24,1.2134460370228135,0.4186529315288851,2,5093.0794823876795,2026
2026-01-20,short,2026-01-20 18:55:00+05:30,4721.3878,4729.513701057178,8.125901057177543,2026-01-20 19:10:00+05:30,4729.852701057178,initial_stop,-1.0417184503742518,3,3.788791601054221,0.2685754790510194,1,5040.0239337274215,2026
2026-01-22,short,2026-01-22 20:30:00+05:30,4834.7588000000005,4849.60515505012,14.8463550501192,2026-01-22 20:55:00+05:30,4849.87115505012,initial_stop,-1.0179168556256772,5,1.452281226070825,0.3010240372547236,1,4988.720680578442,2026
2026-01-23,long,2026-01-23 19:45:00+05:30,4945.339,4932.374673422604,12.964326577395695,2026-01-23 22:15:00+05:30,4977.617,trail,2.489755237752143,30,3.1234883489390963,0.25028963766746753,1,5112.927615019968,2026
2026-01-27,short,2026-01-27 15:35:00+05:30,5093.958,5105.371370709771,11.413370709771698,2026-01-27 16:40:00+05:30,5089.481,trail,0.39225922944628644,13,0.36090508767311186,0.6044936331992826,1,5132.983545484792,2026
2026-01-28,short,2026-01-28 14:45:00+05:30,5281.573,5298.747537374087,17.174537374086867,2026-01-28 15:30:00+05:30,5280.698,trail,0.050947514971798294,9,1.5970251262898774,0.2832262317443257,1,5135.598673045128,2026
2026-01-29,long,2026-01-29 17:55:00+05:30,5539.702700000001,5519.114937048278,20.587762951722652,2026-01-29 18:40:00+05:30,5518.815937048278,initial_stop,-1.0145231903388978,9,6.410798939226179,0.3292834655047212,1,5083.496833544348,2026
2026-01-29,long,2026-01-29 20:00:00+05:30,5544.064,5516.70574984408,27.35825015592036,2026-01-29 20:05:00+05:30,5516.34204984408,initial_stop,-1.0132939788885282,1,1.411166845515819,0.5610690175919738,2,5031.986066213054,2026
2026-01-30,long,2026-01-30 16:30:00+05:30,5120.119700000001,5056.6877660786,63.43193392140074,2026-01-30 18:15:00+05:30,5055.6836660786,initial_stop,-1.0158295662440988,21,5.308203955474477,0.3326193865395814,1,4980.869663983179,2026
2026-02-02,short,2026-02-02 15:55:00+05:30,4690.8125,4746.841101548013,56.028601548013285,2026-02-02 16:40:00+05:30,4747.636101548013,initial_stop,-1.014189181561471,9,0.8348759416285333,0.6939842619862284,1,4930.354222703384,2026
2026-02-02,short,2026-02-02 19:50:00+05:30,4695.5165,4752.571207491096,57.05470749109645,2026-02-02 20:00:00+05:30,4753.149307491096,initial_stop,-1.0101323804015634,2,0.9867624854829553,0.5245879451630422,2,4880.551118231361,2026
2026-02-04,long,2026-02-04 17:05:00+05:30,5033.8296,5012.832444513153,20.997155486847078,2026-02-04 18:20:00+05:30,5045.669000000001,trail,0.5638573285518185,15,0.9172665986986748,0.3957638087046426,1,4908.0704633852265,2026
2026-02-05,long,2026-02-05 18:05:00+05:30,4859.8655,4827.897051441162,31.968448558837736,2026-02-05 18:30:00+05:30,4826.762751441162,initial_stop,-1.035481859493808,5,2.519259470993637,0.577533200567721,1,4857.248284085699,2026
2026-02-05,long,2026-02-05 18:55:00+05:30,4858.4624,4817.84420953793,40.61819046207074,2026-02-05 19:30:00+05:30,4817.1751095379295,initial_stop,-1.016472915026209,7,2.432990587975395,0.3694756101776534,2,4807.875670862392,2026
2026-02-06,short,2026-02-06 20:45:00+05:30,4947.5704,4978.1684666684105,30.598066668410866,2026-02-09 04:30:00+05:30,4989.554,eod_data,-1.3720997622161508,81,0.6774586639032977,0.4411798886085943,1,4741.906820214841,2026
2026-02-09,long,2026-02-09 16:55:00+05:30,5003.075000000001,4984.42333220226,18.65166779774063,2026-02-09 18:25:00+05:30,5009.357000000001,trail,0.33680634183078917,18,1.874692535083459,0.33330295727210535,1,4757.877863109031,2026
2026-02-11,short,2026-02-11 18:15:00+05:30,5068.2178,5090.032373227387,21.814573227386973,2026-02-11 18:55:00+05:30,5090.982073227387,initial_stop,-1.0435351171027185,8,3.8865296380557526,0.8577981019660464,1,4708.227736778632,2026
2026-02-11,short,2026-02-11 19:05:00+05:30,5049.1191,5079.185143242473,30.066043242472915,2026-02-11 19:45:00+05:30,5079.533643242473,initial_stop,-1.0115911494302565,8,0.8380599721856425,1.9096379569626039,2,4660.599721698359,2026
2026-02-13,short,2026-02-13 19:15:00+05:30,4983.553499999999,5003.573822078628,20.02032207862885,2026-02-13 19:45:00+05:30,5003.978822078628,initial_stop,-1.0202294447816138,6,1.2892539754241217,0.40400419956328276,1,4613.050911034182,2026
2026-02-17,long,2026-02-17 20:50:00+05:30,4874.812,4841.973650140541,32.8383498594585,2026-02-18 00:45:00+05:30,4889.866599999999,trail,0.4584456912247456,47,0.7883424284593228,0.6160509636042617,1,4634.199244169822,2026
2026-02-18,long,2026-02-18 14:55:00+05:30,4923.431999999999,4913.505467255499,9.926532744500037,2026-02-18 16:05:00+05:30,4913.182767255499,initial_stop,-1.032508833477481,14,1.052188909390801,1.0334184432165459,1,4586.350727612822,2026
2026-02-19,long,2026-02-19 19:50:00+05:30,4979.1147,4964.81792831204,14.296771687960245,2026-02-19 20:00:00+05:30,4964.39892831204,initial_stop,-1.0293073156055728,2,0.504213003819242,0.411902462459561,1,4539.143084054174,2026
2026-02-19,long,2026-02-19 20:10:00+05:30,4985.8927,4970.4568218586055,15.435878141394824,2026-02-19 21:35:00+05:30,5006.2113,trail,1.3163229078305982,17,1.6584844660144258,1.2839879736885602,2,4598.892864288788,2026
2026-02-20,short,2026-02-20 20:35:00+05:30,5026.7173,5048.158073405092,21.44077340509193,2026-02-20 20:40:00+05:30,5027.3701,breakeven,-0.03044666289159189,1,1.2535390373252955,1.94382632552969,1,4597.492654881652,2026
2026-02-25,long,2026-02-25 17:15:00+05:30,5173.71,5162.477539723606,11.232460276393795,2026-02-25 18:00:00+05:30,5179.463999999999,trail,0.5122653326530463,9,3.057803210187789,0.26743269436673084,1,4621.044015923881,2026
2026-02-26,long,2026-02-26 15:35:00+05:30,5189.9490000000005,5179.775492964404,10.17350703559623,2026-02-26 15:55:00+05:30,5179.399092964404,initial_stop,-1.0369980576691118,4,2.6932649041962247,0.4956991717094634,1,4573.123879234715,2026
2026-02-27,long,2026-02-27 15:30:00+05:30,5176.5004,5167.801538449445,8.698861550555193,2026-02-27 18:05:00+05:30,5184.871,trail,0.9622638492810536,31,0.3609602074875322,0.5178994281333592,1,4617.12939710743,2026
2026-03-03,long,2026-03-03 15:05:00+05:30,5267.4195,5235.419217181462,32.000282818537926,2026-03-03 16:35:00+05:30,5233.973317181462,initial_stop,-1.0451839756604304,18,2.1391696136600826,0.42202302220736754,1,4568.871900513356,2026
2026-03-04,short,2026-03-04 17:50:00+05:30,5182.9980000000005,5197.6093151205705,14.611315120569998,2026-03-04 18:30:00+05:30,5175.35,trail,0.5234299539014927,8,2.7976114945034185,0.42398671196752546,1,4592.786744596032,2026
2026-03-05,long,2026-03-05 20:25:00+05:30,5102.9477,5073.509531367797,29.438168632203087,2026-03-05 20:35:00+05:30,5073.037131367797,initial_stop,-1.016047193896528,2,0.46889854466979164,0.32695423871540225,1,4546.121863755912,2026
2026-03-06,long,2026-03-06 19:05:00+05:30,5124.5372,5102.828342311472,21.70885768852804,2026-03-06 19:20:00+05:30,5102.408342311472,initial_stop,-1.0193469415123588,3,3.960524793175613,1.806373099586098,1,4499.781109580292,2026
2026-03-06,long,2026-03-06 20:30:00+05:30,5130.6492,5101.268649305503,29.380550694497288,2026-03-06 21:15:00+05:30,5149.2933,trail,0.6345728571892394,9,1.4235477175536675,1.749931335648183,2,4528.335499134617,2026
2026-03-10,short,2026-03-10 14:50:00+05:30,5181.555,5193.568813668697,12.013813668696457,2026-03-10 16:25:00+05:30,5177.791,trail,0.31330600788388385,19,0.986401558137562,0.3270880166740501,1,4542.5230463105445,2026
2026-03-11,long,2026-03-11 16:20:00+05:30,5187.880999999999,5176.526869166784,11.354130833215095,2026-03-11 17:25:00+05:30,5176.135169166784,initial_stop,-1.0344984575000895,13,0.5627954362548364,1.3134934006600902,1,4495.530715464876,2026
2026-03-11,long,2026-03-11 19:35:00+05:30,5185.695,5166.782993293414,18.912006706586,2026-03-11 21:10:00+05:30,5166.3952932934135,initial_stop,-1.020500204236138,19,3.3299118468248974,0.5411241762113035,2,4449.653815332059,2026
2026-03-12,short,2026-03-12 15:50:00+05:30,5184.949,5194.13931513777,9.190315137770085,2026-03-12 17:10:00+05:30,5180.585,trail,0.47484769940744903,16,1.1069023183762015,0.3414347983999939,1,4470.782894105759,2026
2026-03-23,short,2026-03-23 16:50:00+05:30,4395.0416,4466.938075273206,71.8964752732063,2026-03-23 18:20:00+05:30,4467.467075273205,initial_stop,-1.0073578015888727,18,0.7526383413433776,1.1495254635268513,1,4425.746113829883,2026
2026-03-23,short,2026-03-23 18:50:00+05:30,4422.9043,4485.628906636898,62.72460663689799,2026-03-23 19:45:00+05:30,4486.038606636898,initial_stop,-1.0065317268926346,11,1.7976029824330233,0.43275389074607223,2,4381.199575042468,2026
2026-03-25,short,2026-03-25 17:50:00+05:30,4562.966899999999,4578.47804820772,15.511148207720908,2026-03-25 18:30:00+05:30,4555.088000000001,trail,0.5079507909077261,8,1.1791135550603224,1.78719736936989,1,4403.4539129351415,2026
2026-03-27,long,2026-03-27 18:20:00+05:30,4440.2354000000005,4425.246858224122,14.98854177587873,2026-03-27 18:40:00+05:30,4424.757158224122,initial_stop,-1.0326716239192906,4,4.598590782798165,0.26596584389577665,1,4357.980693903896,2026
2026-03-27,long,2026-03-27 19:35:00+05:30,4458.402599999999,4436.037643756458,22.3649562435412,2026-03-27 21:15:00+05:30,4526.016100000001,trail,3.0231894604992786,20,2.199155564110539,1.8362311649727974,2,4489.7307069325925,2026
2026-03-31,short,2026-03-31 17:45:00+05:30,4575.4349999999995,4596.1213888994425,20.686388899443045,2026-03-31 19:20:00+05:30,4596.486788899442,initial_stop,-1.0176637885798192,19,1.478311817326003,0.6762967319785291,1,4444.0403433233905,2026
2026-04-02,short,2026-04-02 15:45:00+05:30,4624.871999999999,4643.317843350698,18.44584335069885,2026-04-02 16:10:00+05:30,4625.213,breakeven,-0.018486549707548604,5,0.49192505706242645,0.6160092923084445,1,4443.218793596298,2026
2026-04-06,short,2026-04-06 17:30:00+05:30,4677.6299,4689.4670469349285,11.837146934928569,2026-04-06 18:05:00+05:30,4678.1173,breakeven,-0.04117546252313382,7,4.693443284766717,0.30435416908105395,1,4441.3892777071205,2026
2026-04-07,short,2026-04-07 16:10:00+05:30,4663.0531,4681.328620955675,18.275520955675347,2026-04-07 17:05:00+05:30,4653.0405,trail,0.5478694710965638,11,3.1321358178569576,0.3424149341442842,1,4465.722293652234,2026
2026-04-08,long,2026-04-08 17:45:00+05:30,4805.833700000001,4790.623829820114,15.20987017988682,2026-04-08 17:50:00+05:30,4790.232429820114,initial_stop,-1.0257332899867881,1,0.4401405430665002,0.2648931599158987,1,4419.915893447881,2026
2026-04-13,long,2026-04-13 17:40:00+05:30,4714.627400000001,4703.009545740115,11.617854259886371,2026-04-13 19:10:00+05:30,4726.625,trail,1.0326863921355582,18,1.415430086950505,0.49726516354132827,1,4465.559763423354,2026
2026-04-14,short,2026-04-14 19:55:00+05:30,4800.588299999999,4816.656543888335,16.068243888335928,2026-04-14 20:05:00+05:30,4817.048943888335,initial_stop,-1.0244208391860776,2,0.23729720188946274,0.46866197373187163,1,4419.813638620536,2026
2026-04-15,long,2026-04-15 16:25:00+05:30,4803.8234,4792.145068461495,11.678331538505518,2026-04-15 18:15:00+05:30,4809.9265,trail,0.5226003372036804,22,2.761921436090559,0.2768976152405293,1,4442.911599599741,2026
2026-04-16,long,2026-04-16 20:40:00+05:30,4808.875,4790.917741999061,17.957258000938964,2026-04-16 22:00:00+05:30,4790.607741999061,initial_stop,-1.0172632146836778,16,3.457590975139246,0.5723268736401228,1,4397.7154942360985,2026
2026-04-20,short,2026-04-20 20:35:00+05:30,4797.7566,4814.291845233254,16.5352452332545,2026-04-20 23:35:00+05:30,4814.686845233255,initial_stop,-1.0238883666028757,36,2.814539103334179,0.848200301709037,1,4352.687796894323,2026
2026-04-21,long,2026-04-21 18:50:00+05:30,4768.743,4754.731511072448,14.011488927552818,2026-04-21 19:50:00+05:30,4773.157,trail,0.315027191101716,12,0.12255180048500276,0.4048586266021181,1,4366.399946998306,2026
2026-04-22,long,2026-04-22 15:50:00+05:30,4754.034,4745.721244853661,8.312755146338532,2026-04-22 18:10:00+05:30,4745.413244853661,initial_stop,-1.0370514943093994,28,1.2698602734343896,0.6879970606319837,1,4321.118131100436,2026
2026-04-22,long,2026-04-22 19:15:00+05:30,4755.8664,4742.99878961613,12.86761038386976,2026-04-22 19:35:00+05:30,4742.68078961613,initial_stop,-1.024713213293965,4,2.3057537173617537,0.7290133556969549,2,4276.839062649008,2026
2026-04-23,long,2026-04-23 17:15:00+05:30,4705.7880000000005,4695.416658820411,10.371341179589763,2026-04-23 18:30:00+05:30,4731.359,trail,2.4655441911719436,15,3.915452702611633,0.27047535116681937,1,4382.286419723923,2026
2026-04-24,short,2026-04-24 18:15:00+05:30,4698.6630000000005,4711.168278535308,12.505278535307298,2026-04-24 19:15:00+05:30,4711.437278535308,initial_stop,-1.02151091630952,12,2.250521193195064,0.7777055431424825,1,4337.520885562494,2026
2026-04-27,long,2026-04-27 16:05:00+05:30,4707.5650000000005,4700.540798446495,7.024201553505918,2026-04-27 16:50:00+05:30,4700.336798446495,initial_stop,-1.0290424468099015,9,1.8189257770335239,0.5161421216181838,1,4292.885954510812,2026
2026-04-28,long,2026-04-28 15:45:00+05:30,4612.984,4600.715643554296,12.26835644570474,2026-04-28 16:40:00+05:30,4600.419643554295,initial_stop,-1.0241271111831698,11,1.0087639315107872,0.3484217526598374,1,4248.921345598492,2026
2026-04-29,long,2026-04-29 15:50:00+05:30,4571.659000000001,4560.354283635445,11.304716364555134,2026-04-29 17:20:00+05:30,4560.119283635446,initial_stop,-1.0207877838259165,18,3.2633752023255274,0.29798791050941387,1,4205.548875558251,2026
2026-04-30,short,2026-04-30 19:25:00+05:30,4613.7182999999995,4628.393211224512,14.67491122451247,2026-05-01 03:30:00+05:30,4628.915211224512,initial_stop,-1.0355709136507758,85,4.166141426002973,0.4363799990150385,1,4161.997434643603,2026
2026-05-01,long,2026-05-01 17:45:00+05:30,4585.044,4575.3903555864445,9.653644413555412,2026-05-01 18:45:00+05:30,4589.482,trail,0.4597227544209491,12,4.044953421930732,1.1712444243883722,1,4181.131083889076,2026
2026-05-04,long,2026-05-04 17:50:00+05:30,4573.8060000000005,4560.887419953592,12.918580046408351,2026-05-04 18:30:00+05:30,4560.568419953592,initial_stop,-1.024693116337434,8,7.2305652536460885,0.25232191437922613,1,4138.28732148742,2026
2026-05-04,long,2026-05-04 20:05:00+05:30,4576.116,4559.836844124078,16.279155875921788,2026-05-04 20:25:00+05:30,4559.539844124078,initial_stop,-1.018244189211295,4,0.15636575095974511,0.4866102169867678,2,4096.149451303507,2026
2026-05-05,short,2026-05-05 18:20:00+05:30,4563.464,4574.698942720141,11.23494272014068,2026-05-05 18:30:00+05:30,4574.981942720141,initial_stop,-1.0251892695005047,2,1.705832133634302,0.29984616282538434,1,4054.1561666660396,2026
2026-05-06,short,2026-05-06 17:45:00+05:30,4672.747,4688.547883517119,15.800883517118564,2026-05-06 17:55:00+05:30,4688.829883517119,initial_stop,-1.017847103277145,2,5.475005647086709,0.972461917567693,1,4012.8910555612974,2026
2026-05-06,short,2026-05-06 18:25:00+05:30,4677.342,4692.826903532321,15.484903532321368,2026-05-06 19:00:00+05:30,4693.115903532321,initial_stop,-1.0186633387412802,7,0.5489122372001053,0.38785415562658493,2,3972.0132055546665,2026
2026-05-08,long,2026-05-08 18:05:00+05:30,4723.583500000001,4710.891343291368,12.692156708632865,2026-05-08 19:35:00+05:30,4734.678,trail,0.8741225194968686,18,1.5150835741703153,1.7537434694532437,1,4006.733467461809,2026
2026-05-15,long,2026-05-15 18:45:00+05:30,4547.267,4531.506521674498,15.760478325501936,2026-05-15 19:05:00+05:30,4531.226821674498,initial_stop,-1.017746923299115,4,0.746999138481562,0.6492548837927756,1,3965.9550608719205,2026
2026-05-18,short,2026-05-18 19:55:00+05:30,4559.101,4577.066377026703,17.96537702670321,2026-05-18 21:10:00+05:30,4543.2727,trail,0.8810446881505741,15,2.4212805554812,0.3943196051625696,1,4000.8968972701714,2026
2026-05-20,short,2026-05-20 15:30:00+05:30,4484.6856,4495.696786410602,11.011186410602022,2026-05-20 16:05:00+05:30,4495.975786410601,initial_stop,-1.025337869108356,7,0.4934247254956096,0.49342472549510347,1,3959.874186278479,2026
2026-05-20,short,2026-05-20 19:10:00+05:30,4485.0863,4496.038671381452,10.952371381452394,2026-05-20 19:45:00+05:30,4485.4866999999995,breakeven,-0.03655829281662276,7,3.5117167041303836,0.4088856440835406,2,3958.4265238782896,2026
2026-05-21,long,2026-05-21 16:15:00+05:30,4517.3707,4503.107607744197,14.263092255803713,2026-05-21 18:25:00+05:30,4502.839607744197,initial_stop,-1.0187897543669733,26,0.2052581523600013,1.1292774305804008,1,3918.098480018873,2026
2026-05-21,long,2026-05-21 18:35:00+05:30,4512.4765,4499.364364596707,13.112135403292996,2026-05-21 18:45:00+05:30,4499.098364596706,initial_stop,-1.020286550727178,2,1.0907489926826257,0.4695988491296755,2,3878.1226481829945,2026
2026-05-22,long,2026-05-22 20:00:00+05:30,4499.522500000001,4484.418300796392,15.104199203608914,2026-05-22 22:10:00+05:30,4516.659,trail,1.1345520387406043,26,0.5036919746295193,0.4698659314735717,1,3922.1219677528156,2026
2026-05-25,short,2026-05-25 16:55:00+05:30,4571.696000000001,4577.070026966834,5.3740269668332985,2026-05-25 17:15:00+05:30,4577.371726966834,initial_stop,-1.0561403956217514,4,1.0108107653160232,0.37364600274373777,1,3880.6988532858236,2026
2026-05-25,short,2026-05-25 17:20:00+05:30,4571.0443,4576.99369852888,5.94939852888001,2026-05-25 18:05:00+05:30,4564.5767,trail,1.0871014891008637,9,1.2129882911256675,0.5667674548061652,2,3922.8859883074138,2026
2026-05-26,long,2026-05-26 15:30:00+05:30,4523.142,4513.4337594115395,9.708240588460285,2026-05-26 16:40:00+05:30,4532.679,trail,0.9823613159460048,14,1.7435047094845915,0.5118313091467216,1,3961.4229027252118,2026
2026-05-28,short,2026-05-28 16:05:00+05:30,4398.640600000001,4408.49008834171,9.84948834170973,2026-05-28 16:45:00+05:30,4389.7371,trail,0.9039555854182401,8,0.432004376150166,0.3075285389541426,1,3997.2324063164338,2026
2026-05-29,short,2026-05-29 15:25:00+05:30,4532.2913,4542.976252784792,10.684952784792586,2026-05-29 16:05:00+05:30,4543.260252784792,initial_stop,-1.026579434249242,8,0.32124916328040165,0.6803601782909146,1,3956.1976404940433,2026
2026-05-29,short,2026-05-29 17:35:00+05:30,4529.214000000001,4539.343168002003,10.129168002002189,2026-05-29 18:30:00+05:30,4524.5187,trail,0.46354251396295587,11,0.5858957725769177,1.3433970660644332,2,3974.5362984941326,2026
2026-06-03,long,2026-06-03 14:35:00+05:30,4451.559000000001,4439.411472231246,12.147527768755026,2026-06-03 15:05:00+05:30,4439.106772231246,initial_stop,-1.0250832931440923,6,0.9332244247813656,0.9280005249681414,1,3933.7939909183215,2026
2026-06-03,long,2026-06-03 15:35:00+05:30,4448.3460000000005,4436.525045147591,11.820954852409159,2026-06-03 16:10:00+05:30,4453.383000000001,trail,0.4261077098161576,7,0.8099248534512421,0.3902539268082598,2,3950.556190401909,2026
2026-06-05,short,2026-06-05 17:55:00+05:30,4467.7996,4477.147561995607,9.347961995606966,2026-06-05 20:20:00+05:30,4364.365,trail,11.064935870365021,29,0.6520828825592316,0.605505533804617,1,4387.682699392616,2026
2026-06-08,long,2026-06-08 15:10:00+05:30,4294.222,4279.601534252095,14.620465747904746,2026-06-08 17:15:00+05:30,4321.844999999999,trail,1.8893378963634067,25,0.3595498527132886,2.561530892435155,1,4470.580851404422,2026
2026-06-11,long,2026-06-11 19:55:00+05:30,4079.85,4057.6546853288223,22.195314671177584,2026-06-11 21:55:00+05:30,4086.597,trail,0.3039830748046039,24,1.0396748560351095,1.3985656894017702,1,4484.170660538147,2026
2026-06-12,short,2026-06-12 18:10:00+05:30,4192.826999999999,4204.873137245584,12.04613724558476,2026-06-12 18:50:00+05:30,4205.137137245584,initial_stop,-1.0219157390139222,8,5.595617949196565,0.3339525974235992,1,4438.346214793863,2026
2026-06-12,short,2026-06-12 19:15:00+05:30,4190.549,4206.923661745543,16.374661745542653,2026-06-12 20:20:00+05:30,4207.221161745542,initial_stop,-1.0181683142297981,13,1.9013083266611965,0.5259996220912735,2,4393.156379959014,2026
2026-06-16,short,2026-06-16 19:30:00+05:30,4331.448,4341.761021979319,10.313021979318364,2026-06-16 20:45:00+05:30,4327.665,trail,0.3668177967221197,15,4.357587929911069,0.2983287035539319,1,4409.271259398537,2026
2026-06-19,short,2026-06-19 15:35:00+05:30,4157.775000000001,4167.133066623351,9.358066623350169,2026-06-19 17:10:00+05:30,4149.388,trail,0.8962321318672228,19,2.0389804093737407,0.8019328676519084,1,4448.788565206453,2026
2026-06-23,short,2026-06-23 20:40:00+05:30,4123.1401,4138.57754706439,15.437447064390653,2026-06-23 21:10:00+05:30,4138.94434706439,initial_stop,-1.023760405361705,6,0.25612022731471057,1.2140496889051817,1,4403.24362935761,2026
2026-06-26,short,2026-06-26 18:35:00+05:30,4051.94,4064.8374196705076,12.897419670507588,2026-06-26 19:15:00+05:30,4065.184419670508,initial_stop,-1.0269046064146994,8,0.7634307307648919,0.727495183814605,1,4358.026517696075,2026
2026-06-29,long,2026-06-29 18:35:00+05:30,4051.0080000000003,4040.350221212173,10.657778787827283,2026-06-29 18:55:00+05:30,4040.079521212173,initial_stop,-1.0253992886687808,4,1.5362130354148202,0.9779478247565556,1,4313.339344783622,2026
2026-07-03,short,2026-07-03 17:00:00+05:30,4183.052000000001,4189.527471155469,6.475471155468767,2026-07-03 18:30:00+05:30,4178.101000000001,trail,0.7645775698990992,18,0.6884352853842183,0.2724720450343233,1,4346.318169927471,2026
2026-07-06,long,2026-07-06 18:25:00+05:30,4139.82,4130.399630513889,9.420369486110758,2026-07-06 19:25:00+05:30,4140.983,trail,0.12345587948701739,12,1.0364705219115484,0.7062385890626948,1,4351.683955249459,2026
2026-07-07,short,2026-07-07 21:25:00+05:30,4137.691,4149.800438224216,12.10943822421632,2026-07-08 01:05:00+05:30,4113.942,trail,1.9611975023339077,44,6.580784018807393,0.6601200101596125,1,4437.029072289277,2026
2026-07-10,long,2026-07-10 17:15:00+05:30,4106.893,4098.833311601389,8.059688398610888,2026-07-10 17:50:00+05:30,4106.601,breakeven,-0.03622968848903615,7,1.773539570745617,0.9156652526729638,1,4435.421550478219,2026
2026-07-13,short,2026-07-13 14:50:00+05:30,4072.561,4080.93675235183,8.37575235182976,2026-07-13 16:35:00+05:30,4067.464,trail,0.6085423477076326,21,0.04615335284924011,0.42785405479281846,1,4462.412968912229,2026
2026-07-20,short,2026-07-20 17:35:00+05:30,4014.1890000000003,4024.555867233556,10.366867233555695,2026-07-20 20:00:00+05:30,4007.1850000000004,trail,0.6756139383486277,29,4.712031200838581,0.5213480467143756,1,4492.561652916877,2026
2026-07-22,short,2026-07-22 19:50:00+05:30,4148.833,4161.558543694749,12.725543694748922,2026-07-22 20:50:00+05:30,4161.823543694749,initial_stop,-1.0208242576000643,12,1.7697773854756589,0.5468323046774988,1,4446.700493776263,2026
2026-07-24,short,2026-07-24 18:40:00+05:30,4046.387,4054.673799798518,8.286799798517677,2026-07-24 19:05:00+05:30,4054.954799798518,initial_stop,-1.033909350633789,5,3.337983344029156,0.9852032929582745,1,4400.725641576431,2026
2026-07-28,long,2026-07-28 21:15:00+05:30,4041.791,4030.469723883614,11.321276116386343,2026-07-28 23:10:00+05:30,4030.1967238836137,initial_stop,-1.0241138893878756,23,4.589559125680993,0.8170085516803731,1,4355.657199047193,2026
2026-08-03,long,2026-08-03 15:10:00+05:30,4052.784,4044.5003077707556,8.28369222924448,2026-08-03 17:45:00+05:30,4054.507,trail,0.20799903621686144,31,0.9064018681633024,0.571807239144316,1,4364.716924042122,2026
2026-08-04,long,2026-08-04 15:15:00+05:30,4050.721,4044.2406760916506,6.480323908349419,2026-08-04 17:40:00+05:30,4062.558,trail,1.8266062263876792,29,1.0596966911571923,0.3285381838842601,1,4444.443115140872,2026
2026-08-05,short,2026-08-05 18:45:00+05:30,4187.948,4201.312113101588,13.364113101587463,2026-08-05 19:00:00+05:30,4201.622113101588,initial_stop,-1.0231964513951604,3,0.4903296815873788,0.8881255865810164,1,4398.967730902474,2026
2026-08-06,short,2026-08-06 15:05:00+05:30,4278.709999999999,4288.534119369913,9.824119369914115,2026-08-06 16:20:00+05:30,4271.272,trail,0.7571162075633673,15,0.45796166176843994,0.7674517345625781,1,4432.2730285586185,2026
2026-08-07,short,2026-08-07 15:40:00+05:30,4312.235000000001,4323.285707113086,11.050707113085082,2026-08-07 16:30:00+05:30,4323.575707113086,initial_stop,-1.0262426645672815,10,0.9548838633651394,0.5907647248055173,1,4386.787151729442,2026
2026-08-10,long,2026-08-10 19:45:00+05:30,4330.586,4318.9776607965105,11.608339203489777,2026-08-10 22:00:00+05:30,4356.58,trail,2.2392522775510555,27,1.8433278658742382,0.57118444886016,1,4485.01838293586,2026
2026-08-12,short,2026-08-12 15:00:00+05:30,4412.909,4422.104914298427,9.195914298426942,2026-08-12 17:55:00+05:30,4422.671914298427,initial_stop,-1.0616578168955966,35,0.854104736040173,1.6621933167881915,1,4437.402834684217,2026
2026-08-12,short,2026-08-12 18:55:00+05:30,4416.721,4436.078470223675,19.35747022367559,2026-08-12 19:45:00+05:30,4436.339470223675,initial_stop,-1.013483166807628,10,2.2169635074078315,0.370984873658389,2,4392.430503911248,2026
2026-08-18,long,2026-08-18 20:20:00+05:30,4387.164000000001,4370.96564198417,16.19835801583031,2026-08-18 20:25:00+05:30,4370.69264198417,initial_stop,-1.0168535600789501,1,0.5210505025848897,0.6290272332406139,1,4347.765917958232,2026
2026-08-20,long,2026-08-20 18:20:00+05:30,4471.6630000000005,4457.907989376593,13.755010623407543,2026-08-20 21:05:00+05:30,4521.513,trail,3.6241338785422226,33,2.526875743750803,0.5434858920686275,1,4505.334775550669,2026
2026-08-21,short,2026-08-21 15:00:00+05:30,4582.032,4594.243746900061,12.211746900060461,2026-08-21 16:10:00+05:30,4594.522746900061,initial_stop,-1.0228468541219986,14,2.5946631538085465,0.7359499555331878,1,4459.252100531285,2026
2026-08-21,short,2026-08-21 19:25:00+05:30,4581.07,4597.814841809671,16.744841809671016,2026-08-21 19:50:00+05:30,4598.03584180967,initial_stop,-1.013198094225764,5,0.7855701710406257,0.6509009988621696,2,4414.071043231979,2026
2026-08-24,short,2026-08-24 19:10:00+05:30,4667.036,4683.4486700183115,16.412670018311474,2026-08-24 22:05:00+05:30,4661.917,trail,0.3118931894864433,35,1.019667773669184,0.5695217565127285,1,4427.838230194913,2026
2026-08-25,long,2026-08-25 20:05:00+05:30,4629.893,4612.813373984482,17.079626015518443,2026-08-25 21:30:00+05:30,4647.76,trail,1.046100188831204,17,0.14568915296920476,0.584540560688509,1,4474.157854282123,2026
2026-08-26,long,2026-08-26 19:05:00+05:30,4616.193,4600.42856336349,15.764436636510254,2026-08-26 19:50:00+05:30,4619.228,trail,0.1925219448039665,9,1.866493108599029,0.4245559914150006,1,4482.771589996786,2026
2026-08-27,long,2026-08-27 20:15:00+05:30,4595.745000000001,4580.7700419560215,14.974958043979314,2026-08-27 21:45:00+05:30,4603.045,trail,0.4874804976788726,18,3.526701663813084,0.6664418878782351,1,4504.624227253509,2026
2026-08-31,long,2026-08-31 19:40:00+05:30,4427.361000000001,4413.849666589684,13.511333410317093,2026-09-01 01:50:00+05:30,4447.704,trail,1.5056248989063703,74,0.8618651053046119,0.8505446354445763,1,4572.446971221207,2026
2026-09-02,long,2026-09-02 15:45:00+05:30,4307.01,4297.891760451432,9.118239548568454,2026-09-02 18:05:00+05:30,4329.253,trail,2.439396320037632,28,0.847358621764244,0.31242134860759013,1,4683.987074372849,2026
2026-09-03,short,2026-09-03 17:50:00+05:30,4441.156,4450.734823732333,9.578823732333149,2026-09-03 18:00:00+05:30,4450.990323732333,initial_stop,-1.0266734211986568,2,1.3972278025922267,0.4940890303468551,1,4635.897824027882,2026
2026-09-07,short,2026-09-07 15:00:00+05:30,4405.522000000001,4414.016894202394,8.49489420239297,2026-09-07 16:50:00+05:30,4394.9,trail,1.2503981505748527,22,0.19448408605196077,0.6381509073585766,1,4693.865004682067,2026
