date,side,entry_ts,entry,init_sl,risk,exit_ts,exit,exit_reason,r,bars_held,pen_atr,space_atr,trade_no,equity,year
2022-09-01,long,2022-09-01 17:55:00+05:30,1702.2755,1699.9095000000002,2.365999999999758,2022-09-01 18:05:00+05:30,1699.7565000000002,initial_stop,-1.0646661031276567,2,0.043587803727038806,1.5381811728572579,1,9893.533389687234,2022
2022-09-01,long,2022-09-01 18:30:00+05:30,1701.3017,1694.988,6.313699999999926,2022-09-01 19:05:00+05:30,1694.8217,initial_stop,-1.026339547333591,7,2.3114642503911504,0.5379652345100675,2,9791.992143880221,2022
2022-09-02,short,2022-09-02 16:40:00+05:30,1704.9073,1706.6770000000001,1.7697000000000571,2022-09-02 17:20:00+05:30,1706.837,initial_stop,-1.0904108040910037,8,1.3629684402277351,0.7088965881812548,1,9685.219203607609,2022
2022-09-02,short,2022-09-02 17:35:00+05:30,1705.1202999999998,1706.942,1.8217000000001917,2022-09-02 18:00:00+05:30,1707.1192,initial_stop,-1.0972717791074633,5,1.4584429896532138,0.35531781981778643,2,9578.946026541726,2022
2022-09-06,long,2022-09-06 16:40:00+05:30,1713.8693,1711.218,2.651299999999992,2022-09-06 18:00:00+05:30,1711.0616,initial_stop,-1.0589899294685914,16,0.38762643676669734,0.8188818231259012,1,9477.505952771417,2022
2022-09-07,short,2022-09-07 16:20:00+05:30,1702.6962,1705.361,2.664800000000014,2022-09-07 19:05:00+05:30,1700.0829000000003,trail,0.9806739717801487,33,0.42005149042177187,1.025433649629747,1,9570.44938682416,2022
2022-09-08,short,2022-09-08 16:15:00+05:30,1722.035,1723.808,1.7729999999999109,2022-09-08 16:20:00+05:30,1723.9596000000001,initial_stop,-1.0855047941343212,1,0.5978338063954749,0.7436069811059233,1,9466.561699909986,2022
2022-09-08,short,2022-09-08 16:55:00+05:30,1722.4339000000002,1724.482,2.0480999999997493,2022-09-08 17:00:00+05:30,1724.6307,initial_stop,-1.0726038767638204,1,0.7238506726832001,0.37901194020325785,2,9365.022992120512,2022
2022-09-09,short,2022-09-09 17:05:00+05:30,1725.3172,1728.528,3.210800000000063,2022-09-09 18:10:00+05:30,1722.3275000000003,trail,0.9311386570323816,13,2.406881870512119,0.4078919276130961,1,9452.224341440116,2022
2022-09-12,short,2022-09-12 17:20:00+05:30,1728.147,1729.6325,1.4855000000000018,2022-09-12 17:25:00+05:30,1729.7928,initial_stop,-1.1079097946819296,1,0.47288851650224584,0.6536237858487486,1,9347.502222145991,2022
2022-09-12,short,2022-09-12 18:10:00+05:30,1727.1729,1733.9650000000001,6.792100000000119,2022-09-12 21:20:00+05:30,1734.1151000000002,initial_stop,-1.0220992034864127,38,2.488062037253644,0.8914474088675799,2,9251.961476387562,2022
2022-09-13,short,2022-09-13 15:20:00+05:30,1727.559,1728.1955,0.6365000000000691,2022-09-13 15:35:00+05:30,1727.7046,breakeven,-0.22875098193251023,3,0.022824533506268282,0.4424074473234142,1,9230.797523662308,2022
2022-09-14,short,2022-09-14 15:15:00+05:30,1704.0897,1705.225,1.1352999999999156,2022-09-14 15:20:00+05:30,1705.3795,initial_stop,-1.136087377785704,1,0.3738083550862541,0.38414936490953144,1,9125.927598127026,2022
2022-09-14,short,2022-09-14 16:05:00+05:30,1704.0356000000002,1706.075,2.039399999999887,2022-09-14 17:50:00+05:30,1703.9657,trail,0.03427478670206565,21,1.1734483269483438,0.4797281276836999,2,9129.055490345869,2022
2022-09-15,long,2022-09-15 16:40:00+05:30,1685.2862000000002,1684.13,1.1562000000001262,2022-09-15 17:30:00+05:30,1685.5626000000002,trail,0.23905898633448946,10,0.21232632595890893,0.5567837828209252,1,9150.879317863002,2022
2022-09-19,long,2022-09-19 15:50:00+05:30,1663.6100000000001,1662.15,1.4600000000000364,2022-09-19 16:35:00+05:30,1663.5103000000001,trail,-0.06828767123286429,9,0.1262063441864877,0.9270059539134438,1,9144.630395479504,2022
2022-09-20,long,2022-09-20 15:30:00+05:30,1668.0313,1666.66,1.3713000000000193,2022-09-20 15:35:00+05:30,1666.5169,initial_stop,-1.1043535331437337,1,0.1526183771948476,0.6637824630681237,1,9043.64134661409,2022
2022-09-20,long,2022-09-20 15:55:00+05:30,1668.4443,1666.155,2.2893000000001393,2022-09-20 17:50:00+05:30,1665.9777,initial_stop,-1.0774472546193372,23,0.8433789653127596,1.0524629989893313,2,8946.200881207376,2022
2022-09-26,short,2022-09-26 15:30:00+05:30,1641.8814,1645.185,3.3035999999999603,2022-09-26 16:35:00+05:30,1640.5850000000003,trail,0.3924203898776295,13,2.679179719045863,0.5190949747087935,1,8981.307597584646,2022
2022-09-27,short,2022-09-27 17:15:00+05:30,1640.3971999999999,1642.4965000000002,2.099300000000312,2022-09-27 17:50:00+05:30,1639.2248000000002,trail,0.5584718715760126,7,0.4705652817334802,0.877951218963185,1,9031.465674216875,2022
2022-09-28,long,2022-09-28 14:30:00+05:30,1620.3756,1618.67,1.705600000000004,2022-09-28 14:35:00+05:30,1618.5073,initial_stop,-1.0953916510319452,1,0.0746028356132854,0.750053688991614,1,8932.535753255688,2022
2022-09-28,long,2022-09-28 15:05:00+05:30,1619.4162000000001,1617.7800000000002,1.636199999999917,2022-09-28 15:15:00+05:30,1617.6146,initial_stop,-1.1010878865664948,2,0.6569492581146835,0.28601872462169065,2,8834.18068411337,2022
2022-09-29,short,2022-09-29 17:05:00+05:30,1651.0122000000001,1652.0729999999999,1.0607999999997446,2022-09-29 17:10:00+05:30,1651.1730000000002,breakeven,-0.1515837104073785,1,0.22035153813575867,0.3468032730887141,1,8820.789505248298,2022
2022-09-30,short,2022-09-30 20:15:00+05:30,1671.789,1675.41,3.6210000000000946,2022-09-30 22:40:00+05:30,1665.8067,trail,1.652112676056266,29,0.41427304940819465,1.0401970029232916,1,8966.518886792746,2022
2022-10-03,short,2022-10-03 18:50:00+05:30,1672.2964000000002,1674.7330000000002,2.4365999999999985,2022-10-03 19:30:00+05:30,1671.7138,trail,0.23910366904710845,8,0.5087647127917989,0.5130362680472841,1,8987.95816243687,2022
2022-10-04,short,2022-10-04 16:20:00+05:30,1709.4897,1711.88,2.3903000000000247,2022-10-04 17:00:00+05:30,1704.2753,trail,2.181483495795513,8,0.016712070628428624,0.33290444691393895,1,9184.028986359435,2022
2022-10-05,long,2022-10-05 16:05:00+05:30,1710.0831,1703.2,6.883100000000013,2022-10-05 19:30:00+05:30,1703.0184000000002,initial_stop,-1.0263834609405484,41,3.330782977948952,0.26146806459401534,1,9089.765631795457,2022
2022-10-05,long,2022-10-05 21:10:00+05:30,1710.2753,1707.027,3.248299999999972,2022-10-06 00:55:00+05:30,1716.7335,trail,1.9881784317951203,45,1.0274630993074207,0.28866820409125454,2,9270.48639158754,2022
2022-10-06,long,2022-10-06 17:55:00+05:30,1719.0236,1714.294,4.729599999999891,2022-10-06 18:30:00+05:30,1714.1277,initial_stop,-1.0351615358592896,7,4.964497670808081,0.5014018844581963,1,9174.521882274756,2022
2022-10-07,long,2022-10-07 18:05:00+05:30,1709.3602,1701.6264999999999,7.733700000000226,2022-10-07 18:10:00+05:30,1701.4542,initial_stop,-1.0222791160763858,1,1.1189538363897265,2.5937934070990716,1,9080.732661072403,2022
2022-10-10,long,2022-10-10 14:35:00+05:30,1683.5096,1680.087,3.4226000000001022,2022-10-10 14:50:00+05:30,1679.9315,initial_stop,-1.0454332963244521,3,0.550024312128785,1.4939008749103657,1,8985.799658283342,2022
2022-10-10,long,2022-10-10 16:40:00+05:30,1681.7521000000002,1677.615,4.137100000000146,2022-10-10 17:10:00+05:30,1677.4568,initial_stop,-1.038239346402087,6,2.283913386852805,0.4246608919533942,2,8892.50555064218,2022
2022-10-11,long,2022-10-11 16:25:00+05:30,1665.4541,1662.7475,2.7065999999999804,2022-10-11 18:00:00+05:30,1670.012,trail,1.6839946796719318,19,0.2696822608947751,0.8107156085554755,1,9042.254871004525,2022
2022-10-13,short,2022-10-13 18:05:00+05:30,1658.4831,1676.9,18.41690000000017,2022-10-15 00:00:00+05:30,1643.5059,eod_data,0.8132313255759479,347,3.3794301500238215,4.457084300677654,1,9115.78932015395,2022
2022-10-17,short,2022-10-17 15:50:00+05:30,1657.5287,1660.7060000000001,3.1773000000000593,2022-10-17 17:50:00+05:30,1660.9060000000002,initial_stop,-1.06294652692539,24,1.2807692927583467,0.8265957846879682,1,9018.893354173539,2022
2022-10-18,long,2022-10-18 14:50:00+05:30,1652.6209999999999,1648.6950000000002,3.9259999999997035,2022-10-18 18:35:00+05:30,1655.088,trail,0.6283749363220287,45,0.9635790145844565,0.7177431772023318,1,9075.565819544778,2022
2022-10-19,long,2022-10-19 18:25:00+05:30,1635.8241,1630.4795,5.344600000000128,2022-10-19 21:25:00+05:30,1630.2631,initial_stop,-1.0404894660030715,36,1.0052460333903508,0.2933269937183941,1,8981.135513212239,2022
2022-10-20,short,2022-10-20 15:30:00+05:30,1634.7303000000002,1636.0500000000002,1.3197000000000116,2022-10-20 16:05:00+05:30,1634.5934000000002,trail,0.10373569750698454,7,0.16381339534501518,0.6720549552615473,1,8990.452156780917,2022
2022-10-21,short,2022-10-21 15:50:00+05:30,1624.4121,1627.0695,2.6574000000000524,2022-10-21 16:35:00+05:30,1627.2893,initial_stop,-1.0827124256791774,9,1.1866785114604368,0.5714036832455942,1,8893.111414154708,2022
2022-10-21,short,2022-10-21 17:15:00+05:30,1623.3744,1628.02,4.645600000000059,2022-10-21 18:25:00+05:30,1628.2496999999998,initial_stop,-1.0494446357843688,14,1.8269499546332322,1.2747551212004997,2,8799.783133464534,2022
2022-10-24,long,2022-10-24 19:25:00+05:30,1653.0676,1644.7995,8.268100000000004,2022-10-24 19:50:00+05:30,1644.5823,initial_stop,-1.0262696387319998,5,2.8575491452448993,0.4894133438763045,1,8709.473630891529,2022
2022-10-25,long,2022-10-25 18:45:00+05:30,1646.4224000000002,1640.6355,5.78690000000006,2022-10-25 19:50:00+05:30,1657.0243,trail,1.8320517029842882,13,3.588217271380639,0.8411824226160317,1,8869.035690867244,2022
2022-10-26,short,2022-10-26 15:00:00+05:30,1670.3102,1674.52,4.209800000000087,2022-10-26 18:35:00+05:30,1664.7985,trail,1.3092545964178057,43,2.3242516822898143,0.5609583568754695,1,8985.15394830786,2022
2022-10-31,long,2022-10-31 14:55:00+05:30,1638.653,1635.8195,2.833499999999958,2022-10-31 17:05:00+05:30,1640.1655,trail,0.5337921298747372,26,1.8348404128169973,0.5063466643936457,1,9033.115992941057,2022
2022-11-01,short,2022-11-01 16:10:00+05:30,1651.6689,1652.8385,1.1696000000001732,2022-11-01 16:35:00+05:30,1653.0229000000002,initial_stop,-1.157660738714149,5,0.23289049969705072,0.6396605600960344,1,8928.54315560827,2022
2022-11-01,short,2022-11-01 17:35:00+05:30,1652.018,1654.4555,2.4375,2022-11-01 17:45:00+05:30,1654.6482,initial_stop,-1.0790564102564344,2,1.458031377712676,0.2682062518318071,2,8832.199138345166,2022
2022-11-02,short,2022-11-02 14:30:00+05:30,1652.1552000000001,1654.48,2.3247999999998683,2022-11-02 14:40:00+05:30,1654.68,initial_stop,-1.0860289057123438,2,0.05249577921119878,0.5011402626518888,1,8736.27890269266,2022
2022-11-02,short,2022-11-02 19:35:00+05:30,1651.5689,1655.9450000000002,4.376100000000179,2022-11-02 21:55:00+05:30,1647.0337,trail,1.0363565732044164,28,4.029112866777386,0.7146560027870796,2,8826.817903354186,2022
2022-11-04,long,2022-11-04 15:20:00+05:30,1646.0381000000002,1643.8645000000001,2.1736000000000786,2022-11-04 17:30:00+05:30,1650.4540000000002,trail,2.031606551343304,26,0.10183050427329038,1.1130810241186404,1,9006.144114153873,2022
2022-11-08,long,2022-11-08 14:40:00+05:30,1666.2571,1664.7545,1.5026000000000295,2022-11-08 15:50:00+05:30,1670.3799999999999,trail,2.7438440037267164,14,0.10955231708175295,0.45176213229556017,1,9253.25865939707,2022
2022-11-09,short,2022-11-09 14:40:00+05:30,1710.9808,1714.1955,3.2146999999999935,2022-11-09 16:05:00+05:30,1706.6852,trail,1.3362366628301734,17,1.1288245600315496,0.6491064480359101,1,9376.904094110441,2022
2022-11-10,long,2022-11-10 14:35:00+05:30,1706.816,1706.08,0.7360000000001037,2022-11-10 14:40:00+05:30,1705.8766999999998,initial_stop,-1.2762228260870896,1,0.058455805853381705,0.3336258187736627,1,9257.233903681108,2022
2022-11-10,long,2022-11-10 14:55:00+05:30,1706.7884999999999,1704.6350000000002,2.153499999999667,2022-11-10 15:50:00+05:30,1704.438,initial_stop,-1.091478987694519,11,1.087435430825091,0.3119166461700255,2,9156.193140780695,2022
2022-11-14,long,2022-11-14 16:20:00+05:30,1755.6135000000002,1754.3850000000002,1.22849999999994,2022-11-14 16:35:00+05:30,1755.4225000000001,breakeven,-0.15547415547418825,3,0.063263074710447,0.5993343919904252,1,9141.95762682148,2022
2022-11-15,short,2022-11-15 20:05:00+05:30,1771.4068000000002,1779.5349999999999,8.128199999999651,2022-11-16 00:00:00+05:30,1779.7463999999998,initial_stop,-1.0260082183017054,47,4.537428749626628,0.46533014740790496,1,9048.160390256633,2022
2022-11-16,short,2022-11-16 20:10:00+05:30,1774.3966,1779.125,4.728399999999965,2022-11-16 21:10:00+05:30,1779.3251,initial_stop,-1.0423187547584853,12,4.265580455969316,0.7596501536053984,1,8953.849717548359,2022
2022-11-17,long,2022-11-17 18:40:00+05:30,1759.8024,1756.7355,3.0669000000000324,2022-11-17 19:05:00+05:30,1759.6034,breakeven,-0.06488636734163716,5,0.7913088242450772,0.6986588794538494,1,8948.039889729413,2022
2022-11-18,long,2022-11-18 14:35:00+05:30,1762.2486,1760.76,1.4885999999999058,2022-11-18 15:25:00+05:30,1764.0784,trail,1.2292086524253127,10,0.5910495761920564,0.4638300132149985,1,9058.029970276435,2022
2022-11-21,long,2022-11-21 18:50:00+05:30,1744.2036,1739.4,4.80359999999996,2022-11-21 20:30:00+05:30,1739.1919,initial_stop,-1.0433216754101216,20,5.438298517605516,1.005163480245852,1,8963.525580231397,2022
2022-11-22,short,2022-11-22 19:25:00+05:30,1744.0142999999998,1746.1755,2.1612000000002354,2022-11-22 19:55:00+05:30,1744.0283,trail,-0.0064778826578392405,6,1.3180381861440729,0.3629936881581559,1,8962.944933562305,2022
2022-11-23,long,2022-11-23 19:05:00+05:30,1738.3448,1728.2395000000001,10.105299999999943,2022-11-24 01:10:00+05:30,1748.433,trail,0.9983078186694083,73,2.5649517516419778,2.6373146958774014,1,9052.42271361709,2022
2022-11-24,short,2022-11-24 15:00:00+05:30,1757.1078,1758.27,1.1621999999999844,2022-11-24 15:35:00+05:30,1757.0145,trail,0.08027878162106396,7,0.21805369069036332,0.7683796719563948,1,9059.68988827877,2022
2022-11-25,long,2022-11-25 14:35:00+05:30,1753.3853000000001,1750.9405000000002,2.4447999999999865,2022-11-25 15:05:00+05:30,1750.7112000000002,initial_stop,-1.0937909031413482,6,1.2307576226327372,0.5685446716939347,1,8960.59582442796,2022
2022-11-25,long,2022-11-25 16:00:00+05:30,1753.8154000000002,1750.6100000000001,3.205400000000054,2022-11-25 17:40:00+05:30,1750.4470000000001,initial_stop,-1.050851687776879,20,2.6310239286544777,0.9071786962756114,2,8866.433251972096,2022
2022-11-28,short,2022-11-28 18:20:00+05:30,1754.8494999999998,1758.99,4.140500000000202,2022-11-28 19:00:00+05:30,1754.8565,trail,-0.0016906170753022288,8,5.997869991793796,1.1354914069448123,1,8866.283354537567,2022
2022-11-29,short,2022-11-29 14:40:00+05:30,1755.5962,1759.08,3.483799999999974,2022-11-29 19:35:00+05:30,1753.6440000000002,trail,0.5603651185486352,59,0.7548401050177539,0.8322130320483847,1,8915.96691376808,2022
2022-11-30,short,2022-11-30 19:30:00+05:30,1754.9660000000001,1759.58,4.613999999999805,2022-11-30 19:45:00+05:30,1759.7802,initial_stop,-1.043389683571739,3,4.034075827650831,0.3146529700100023,1,8822.938634799153,2022
2022-11-30,short,2022-11-30 20:35:00+05:30,1753.6889,1763.3655,9.676600000000008,2022-12-01 00:35:00+05:30,1763.5751,initial_stop,-1.0216605005890405,48,2.9011176907089236,0.7605491644642746,2,8732.7981557762,2022
2022-12-01,long,2022-12-01 15:10:00+05:30,1777.006,1776.325,0.68100000000004,2022-12-01 15:20:00+05:30,1776.8120000000001,breakeven,-0.28487518355352215,2,0.02345547486318836,0.36355986037399757,1,8707.920581000573,2022
2022-12-05,long,2022-12-05 14:50:00+05:30,1798.6888,1795.8045,2.8842999999999392,2022-12-05 15:05:00+05:30,1795.5992999999999,initial_stop,-1.0711437783864746,3,1.435712485026789,0.4539437298032235,1,8614.64623147035,2022
2022-12-06,short,2022-12-06 16:10:00+05:30,1774.038,1775.1605,1.1224999999999454,2022-12-06 16:25:00+05:30,1774.2361,breakeven,-0.1764810690423851,3,0.23306978782799553,0.5571355149189283,1,8599.443011706831,2022
2022-12-07,short,2022-12-07 14:30:00+05:30,1775.3139999999999,1775.9850000000001,0.6710000000002765,2022-12-07 15:30:00+05:30,1772.9076000000002,trail,3.586289120713308,12,0.011729726761776464,0.2580539887533926,1,8907.843900877615,2022
2022-12-08,long,2022-12-08 15:10:00+05:30,1782.9159,1781.6645,1.251399999999876,2022-12-08 16:00:00+05:30,1782.7006999999999,breakeven,-0.1719673965159954,10,0.07790380312559139,0.9991554884102173,1,8892.525313635568,2022
2022-12-09,long,2022-12-09 15:35:00+05:30,1794.007,1789.1350000000002,4.871999999999844,2022-12-09 18:15:00+05:30,1799.9668000000001,trail,1.2232758620690225,32,4.058954262800871,0.2905639064782967,1,9001.30542932565,2022
2022-12-12,short,2022-12-12 14:50:00+05:30,1791.228,1792.06,0.83199999999988,2022-12-12 15:05:00+05:30,1791.428,breakeven,-0.24038461538470474,3,0.34031485198864936,0.2911972444857791,1,8979.667675889763,2022
2022-12-13,long,2022-12-13 15:20:00+05:30,1784.0099,1783.055,0.9548999999999523,2022-12-13 15:30:00+05:30,1783.8515,breakeven,-0.1658812441093692,2,0.3427519141520749,0.46519990739872025,1,8964.77209143211,2022
2022-12-14,long,2022-12-14 14:55:00+05:30,1808.0221999999999,1806.8315000000002,1.1906999999996515,2022-12-14 15:05:00+05:30,1807.8630999999998,breakeven,-0.13361887965073233,2,0.20520183484764024,0.6922838971830163,1,8952.793463400298,2022
2022-12-16,short,2022-12-16 21:05:00+05:30,1787.6471,1792.1115,4.464400000000069,2022-12-17 00:15:00+05:30,1792.2812,initial_stop,-1.0380118268972132,38,2.331335220936327,0.31510977451351446,1,8859.862408412522,2022
2022-12-19,short,2022-12-19 15:30:00+05:30,1795.2354,1797.9635,2.7281000000000404,2022-12-19 19:00:00+05:30,1793.4557,trail,0.6523587845020423,42,2.227240710784681,0.4260846239354919,1,8917.660499128595,2022
2022-12-21,short,2022-12-21 19:40:00+05:30,1815.6266999999998,1818.9115000000002,3.2848000000003594,2022-12-21 20:15:00+05:30,1819.0897000000002,initial_stop,-1.0542498782269976,7,3.30355937254395,0.27867649360474145,1,8823.646074175835,2022
2022-12-23,short,2022-12-23 14:30:00+05:30,1797.3675999999998,1797.8785,0.5109000000002197,2022-12-23 14:30:00+05:30,1798.0459,initial_stop,-1.3276570757486226,0,0.07218527580422014,0.30637414768874494,1,8706.498312733023,2022
2022-12-23,short,2022-12-23 14:35:00+05:30,1797.2938000000001,1797.8835,0.5896999999997661,2022-12-23 14:40:00+05:30,1797.4498,breakeven,-0.26454129218248423,1,0.07943000674561165,0.4050367010656175,2,8683.466029592673,2022
2022-12-27,short,2022-12-27 15:35:00+05:30,1807.5278,1809.88,2.352200000000039,2022-12-27 17:00:00+05:30,1810.0521,initial_stop,-1.0731655471473505,17,1.5908124639835737,0.9371331606015874,1,8590.27806386484,2022
2022-12-27,short,2022-12-27 18:55:00+05:30,1807.4474,1809.8600000000001,2.4126000000001113,2022-12-27 20:05:00+05:30,1806.3675000000003,trail,0.4476083892894285,14,3.11890838524513,0.8334205088326561,2,8628.728869141989,2022
2022-12-29,short,2022-12-29 14:40:00+05:30,1811.4233,1812.055,0.6317000000001372,2022-12-29 14:50:00+05:30,1811.5817,breakeven,-0.2507519392116421,2,0.09489603944338315,0.3871961395486394,1,8607.0921641733,2022
2022-12-30,long,2022-12-30 16:50:00+05:30,1817.877,1815.9965,1.8804999999999836,2022-12-30 17:20:00+05:30,1817.6838,breakeven,-0.10273863334216171,6,4.005780864486916,0.6429294280769025,1,8598.249355313328,2022
2023-01-03,long,2023-01-03 14:45:00+05:30,1838.0234999999998,1834.6185,3.4049999999997453,2023-01-03 15:05:00+05:30,1837.8563999999997,breakeven,-0.04907488986787991,4,0.2126922051848013,0.26080115635744433,1,8594.029773911643,2023
2023-01-05,long,2023-01-05 14:45:00+05:30,1847.9209,1844.345,3.575900000000047,2023-01-05 18:45:00+05:30,1844.1407000000002,initial_stop,-1.05713247014734,48,0.8597060226255451,0.9897585686285799,1,8503.179494677493,2023
2023-01-06,long,2023-01-06 14:55:00+05:30,1835.4453,1833.3200000000002,2.1252999999999247,2023-01-06 17:05:00+05:30,1837.3686,trail,0.9049545946454594,26,1.0845924343143352,0.5532371001072115,1,8580.129408205528,2023
2023-01-09,long,2023-01-09 18:55:00+05:30,1876.6875,1872.835,3.8524999999999636,2023-01-09 20:25:00+05:30,1876.5245,breakeven,-0.04231018818949058,18,3.807567809126306,0.6194362257058115,1,8576.499139306015,2023
2023-01-10,short,2023-01-10 14:40:00+05:30,1874.5943,1877.2865000000002,2.6922000000001844,2023-01-10 15:00:00+05:30,1877.4529000000002,initial_stop,-1.0618081866131994,4,0.5972279789266615,1.2615067064066214,1,8485.433169320053,2023
2023-01-10,short,2023-01-10 15:15:00+05:30,1875.8453,1877.3735000000001,1.5282000000001972,2023-01-10 16:45:00+05:30,1875.5242,trail,0.21011647690082852,18,0.11952071690798265,0.37569345347911376,2,8503.262462545203,2023
2023-01-11,short,2023-01-11 15:00:00+05:30,1885.5194,1886.351,0.8316000000002077,2023-01-11 15:00:00+05:30,1886.5631,initial_stop,-1.255050505050398,0,0.10816266029577808,0.3507878058232934,1,8396.542224063269,2023
2023-01-11,short,2023-01-11 15:05:00+05:30,1885.3075000000001,1886.7015000000001,1.3940000000000055,2023-01-11 15:25:00+05:30,1885.4929000000002,breakeven,-0.13299856527982185,4,0.3689657827382982,0.5116474147341906,2,8385.37494337215,2023
2023-01-12,long,2023-01-12 14:45:00+05:30,1882.609,1881.23,1.3789999999999054,2023-01-12 15:35:00+05:30,1883.7168000000001,trail,0.8033357505440905,10,0.13811759254705766,1.0791057950067735,1,8452.737658109425,2023
2023-01-13,short,2023-01-13 17:30:00+05:30,1899.608,1903.0035,3.3955000000000837,2023-01-13 18:45:00+05:30,1897.0536000000002,trail,0.7522897953172424,15,6.594058930221112,0.41002272615415203,1,8516.32674093632,2023
2023-01-20,short,2023-01-20 15:20:00+05:30,1930.5124,1932.6485,2.136099999999942,2023-01-20 16:00:00+05:30,1930.405,trail,0.05027854501198482,8,0.39104755118083445,0.6101634517601795,1,8520.60862611013,2023
2023-01-23,long,2023-01-23 19:40:00+05:30,1918.3238,1915.6115,2.712299999999914,2023-01-23 19:40:00+05:30,1915.4527,initial_stop,-1.0585480957121016,0,0.5384376496524917,0.6692044569681526,1,8430.41388575536,2023
2023-01-23,long,2023-01-23 19:45:00+05:30,1917.8247000000001,1915.4585000000002,2.3661999999999352,2023-01-23 20:10:00+05:30,1915.2935000000002,initial_stop,-1.0697320598427724,5,0.5937080471319326,0.42292791588191997,2,8340.231045641998,2023
2023-01-24,long,2023-01-24 19:50:00+05:30,1929.1751000000002,1927.595,1.5801000000001295,2023-01-24 20:05:00+05:30,1929.0103000000001,breakeven,-0.10429719637997616,3,0.4641314258350745,0.40934668193667545,1,8331.532418489782,2023
2023-01-27,short,2023-01-27 15:05:00+05:30,1927.2454,1928.2649999999999,1.0195999999998548,2023-01-27 15:35:00+05:30,1927.1451,trail,0.09837191055323205,6,0.49494005712471173,0.31440477914497816,1,8339.728306108213,2023
2023-01-30,long,2023-01-30 16:05:00+05:30,1929.0307000000003,1925.9015,3.12920000000031,2023-01-30 16:50:00+05:30,1925.7404,initial_stop,-1.0514828071072533,9,4.502440786745136,0.9083907130420016,1,8252.037496810028,2023
2023-01-30,long,2023-01-30 21:00:00+05:30,1929.0898000000002,1925.7649999999999,3.324800000000323,2023-01-30 21:15:00+05:30,1925.5975999999998,initial_stop,-1.0503488931665144,3,2.3374553324638923,0.7480997749692367,2,8165.362312298598,2023
2023-01-31,long,2023-01-31 18:20:00+05:30,1909.9571,1901.9885,7.968600000000151,2023-01-31 20:40:00+05:30,1920.8308000000002,trail,1.3645684310920227,28,4.153563531997819,0.4227780009158682,1,8276.78426869651,2023
2023-02-01,long,2023-02-01 15:10:00+05:30,1925.1389000000001,1923.565,1.5739000000000942,2023-02-01 17:55:00+05:30,1928.6291,trail,2.217548764216119,33,0.8130607475390734,0.518644196431024,1,8460.325995963824,2023
2023-02-02,short,2023-02-02 14:45:00+05:30,1954.2411,1957.51,3.2689000000000306,2023-02-02 15:20:00+05:30,1957.7094,initial_stop,-1.0609991128514078,7,0.4234436699560704,0.6243476009569626,1,8370.56201220231,2023
2023-02-02,short,2023-02-02 16:20:00+05:30,1953.4229,1956.04,2.6170999999999367,2023-02-02 17:00:00+05:30,1956.2175,initial_stop,-1.0678231630430681,8,0.46393554504865603,1.423325040029273,2,8281.17921215913,2023
2023-02-03,long,2023-02-03 14:45:00+05:30,1913.665,1910.4135,3.251499999999851,2023-02-03 15:50:00+05:30,1910.2324,initial_stop,-1.0556973704444175,13,1.4242678168114367,0.4273105010420718,1,8193.755020974577,2023
2023-02-03,long,2023-02-03 17:05:00+05:30,1913.4352,1909.3485,4.086699999999837,2023-02-03 19:00:00+05:30,1909.0934,initial_stop,-1.0624220030831952,23,2.6127501404773312,0.3785876097318861,2,8106.7027647530085,2023
2023-02-06,short,2023-02-06 14:30:00+05:30,1877.9904,1881.3485,3.3581000000001495,2023-02-06 15:45:00+05:30,1874.0436,trail,1.1753074655310334,15,0.15869245126259238,1.601700346076057,1,8201.981447555561,2023
2023-02-07,long,2023-02-07 17:55:00+05:30,1872.2721000000001,1867.4715,4.800600000000031,2023-02-07 18:50:00+05:30,1867.2771000000002,initial_stop,-1.040494938132704,11,3.047835972747314,0.508568524484621,1,8116.640245767162,2023
2023-02-07,long,2023-02-07 21:05:00+05:30,1871.8938,1866.6965,5.197300000000041,2023-02-07 22:15:00+05:30,1875.6043,trail,0.7139283858926523,14,2.9137635888527433,0.27055416634149365,2,8174.587244462481,2023
2023-02-08,short,2023-02-08 16:25:00+05:30,1879.5525,1882.419,2.8665000000000873,2023-02-08 17:05:00+05:30,1882.6088000000002,initial_stop,-1.0662131519274722,8,4.017462403367841,0.5154108587850497,1,8087.428720146237,2023
2023-02-08,short,2023-02-08 18:25:00+05:30,1878.516,1883.33,4.813999999999851,2023-02-08 19:15:00+05:30,1876.9551000000001,trail,0.324241794765267,10,0.5361253708727309,1.3471382197386572,2,8113.651544178801,2023
2023-02-09,short,2023-02-09 14:55:00+05:30,1880.7469999999998,1885.5585,4.811500000000251,2023-02-09 16:15:00+05:30,1885.7292,initial_stop,-1.0354775018185365,16,1.439883722654,1.6648760015829933,1,8029.636507862877,2023
2023-02-09,short,2023-02-09 16:50:00+05:30,1880.641,1885.9215,5.280499999999847,2023-02-09 19:20:00+05:30,1886.0901999999999,initial_stop,-1.0319477322223178,30,1.9643246320216157,1.840224700395894,2,7946.774856014291,2023
2023-02-10,short,2023-02-10 14:50:00+05:30,1861.7283,1870.089,8.360699999999952,2023-02-13 04:30:00+05:30,1864.388,eod_data,-0.31811929623117025,152,2.8980576490473053,0.8563588531337287,1,7921.494631769263,2023
2023-02-13,long,2023-02-13 20:10:00+05:30,1858.2920000000001,1853.2755,5.016500000000178,2023-02-13 21:30:00+05:30,1853.1147999999998,initial_stop,-1.0320342868534094,16,0.5879021112745958,2.095902782796389,1,7839.742091138152,2023
2023-02-14,long,2023-02-14 19:05:00+05:30,1865.676,1850.324,15.351999999999862,2023-02-14 19:55:00+05:30,1850.1290000000001,initial_stop,-1.0127019280875416,10,1.3519622385343508,3.6214211806952523,1,7760.348871824106,2023
2023-02-14,long,2023-02-14 20:30:00+05:30,1856.5066000000002,1843.536,12.970600000000104,2023-02-15 12:00:00+05:30,1843.3819,initial_stop,-1.0118807148474218,174,2.4437085929767632,0.41184864230671536,2,7681.823398185238,2023
2023-02-16,short,2023-02-16 14:50:00+05:30,1839.1935,1840.21,1.0164999999999509,2023-02-16 15:35:00+05:30,1836.6265,trail,2.5253320216430213,9,0.25257803478703394,0.3355084540049953,1,7875.814944305676,2023
2023-02-17,long,2023-02-17 14:40:00+05:30,1820.733,1819.451,1.2819999999999254,2023-02-17 15:35:00+05:30,1823.5022000000001,trail,2.160062402496368,11,0.09692507228132234,0.44908616823716085,1,8045.937461807814,2023
2023-02-20,short,2023-02-20 17:15:00+05:30,1845.3094,1846.06,0.7505999999998494,2023-02-20 18:05:00+05:30,1844.2093,trail,1.4656274980020412,10,0.25651943391279913,0.37521592635888107,1,8163.860933720116,2023
2023-02-21,long,2023-02-21 19:20:00+05:30,1836.9142,1833.295,3.6191999999998643,2023-02-21 20:15:00+05:30,1838.6693,trail,0.4849414235190511,11,4.877758986065825,0.25541317216461684,1,8203.450877146213,2023
2023-02-22,long,2023-02-22 15:10:00+05:30,1834.2377000000001,1832.98,1.2577000000001135,2023-02-22 15:25:00+05:30,1834.0743000000002,breakeven,-0.1299196946806836,3,0.3851293477930126,0.5356493330661394,1,8192.792978813344,2023
2023-02-23,long,2023-02-23 16:00:00+05:30,1825.8737,1824.4450000000002,1.4286999999999352,2023-02-23 16:45:00+05:30,1825.9586000000002,trail,0.05942465178138541,9,0.08153464588957084,0.8640742650172673,1,8197.661517512173,2023
2023-02-24,long,2023-02-24 14:35:00+05:30,1823.5685,1822.13,1.4384999999999764,2023-02-24 14:45:00+05:30,1823.3926000000001,breakeven,-0.12228015293705866,2,0.1372212628041679,0.5263387814074952,1,8187.637404471297,2023
2023-02-27,short,2023-02-27 17:05:00+05:30,1811.0433,1812.5445,1.5011999999999261,2023-02-27 17:40:00+05:30,1812.717,initial_stop,-1.1149080735412575,7,0.22893724052197242,1.0170818390394898,1,8096.352774016562,2023
2023-02-27,short,2023-02-27 18:40:00+05:30,1811.5282,1812.5500000000002,1.021800000000212,2023-02-27 19:00:00+05:30,1812.7455000000002,initial_stop,-1.1913290272068875,4,0.24674978550783871,0.5844854638673362,2,7999.898573274632,2023
2023-02-28,long,2023-02-28 15:20:00+05:30,1810.7858,1809.5845,1.201300000000174,2023-02-28 16:10:00+05:30,1809.4297,initial_stop,-1.1288604012319992,10,0.445139253914885,0.32852846699471466,1,7909.590886142211,2023
2023-02-28,long,2023-02-28 16:55:00+05:30,1810.7293,1807.9050000000002,2.8242999999997664,2023-02-28 18:00:00+05:30,1807.7233,initial_stop,-1.0643345253691558,13,2.0969528271213966,0.3608602337658964,2,7825.406379525548,2023
2023-03-01,short,2023-03-01 18:35:00+05:30,1839.2167000000002,1841.6915,2.474799999999732,2023-03-01 19:25:00+05:30,1837.232,trail,0.8019637950543146,10,0.29838276337302694,1.4475138596404253,1,7888.163305505213,2023
2023-03-02,long,2023-03-02 15:35:00+05:30,1831.838,1830.5214999999998,1.3165000000001328,2023-03-02 16:40:00+05:30,1831.6688,breakeven,-0.12852259779721165,13,0.3366787122005814,0.5522304854134251,1,7878.025233106492,2023
2023-03-03,short,2023-03-03 17:00:00+05:30,1847.0155000000002,1849.2885,2.272999999999911,2023-03-03 17:15:00+05:30,1849.4546,initial_stop,-1.0730752309722487,3,0.7542102180634704,1.0502916008117718,1,7793.488095640282,2023
2023-03-03,short,2023-03-03 17:25:00+05:30,1847.639,1849.29,1.6510000000000673,2023-03-03 18:35:00+05:30,1846.7742999999998,trail,0.5237431859479401,14,0.33738354587532315,0.5571596376708158,2,7834.305958488862,2023
2023-03-06,long,2023-03-06 15:10:00+05:30,1852.6490000000001,1851.2350000000001,1.4139999999999873,2023-03-06 15:15:00+05:30,1851.0629000000001,initial_stop,-1.121711456859973,1,0.34888316812977016,0.7292477593414457,1,7746.42765098703,2023
2023-03-06,long,2023-03-06 15:45:00+05:30,1852.2975,1850.67,1.6274999999998272,2023-03-06 16:15:00+05:30,1850.5092,initial_stop,-1.0988018433180495,6,0.9071062595342316,0.44957664539022796,2,7661.309761166685,2023
2023-03-07,long,2023-03-07 15:00:00+05:30,1846.1237,1844.895,1.2287000000001171,2023-03-07 15:15:00+05:30,1844.7259,initial_stop,-1.1376251322536464,3,0.01535616755187205,0.3894882497314878,1,7574.152775863851,2023
2023-03-08,short,2023-03-08 16:50:00+05:30,1815.836,1816.35,0.5139999999998963,2023-03-08 16:50:00+05:30,1816.519,initial_stop,-1.32879377431932,0,0.10780403876721718,0.28997556951822256,1,7473.507905320738,2023
2023-03-08,short,2023-03-08 17:20:00+05:30,1815.31,1816.7350000000001,1.425000000000182,2023-03-08 18:25:00+05:30,1815.2042999999999,trail,0.07417543859653078,13,0.5613058344657259,0.9267118270172372,2,7479.051412588056,2023
2023-03-09,short,2023-03-09 14:35:00+05:30,1816.3518,1819.125,2.773200000000088,2023-03-09 15:05:00+05:30,1819.301,initial_stop,-1.0634645896437058,6,0.20428472414384588,0.6147859428741089,1,7399.5143491739345,2023
2023-03-09,short,2023-03-09 18:45:00+05:30,1816.5410000000002,1818.7355,2.1944999999998345,2023-03-09 19:00:00+05:30,1818.923,initial_stop,-1.0854408749145656,3,3.8035832177469264,0.5075659636200154,2,7319.196995882832,2023
2023-03-10,short,2023-03-10 15:20:00+05:30,1833.3659999999998,1836.9265,3.5605000000002747,2023-03-10 17:05:00+05:30,1837.089,initial_stop,-1.0456396573514666,21,2.165303713856115,0.2691824606985255,1,7242.664569494204,2023
2023-03-13,short,2023-03-13 15:25:00+05:30,1888.8706,1893.8665,4.99590000000012,2023-03-13 16:35:00+05:30,1884.705,trail,0.8338037190496088,14,0.004347738325873441,0.5739014590027395,1,7303.054176032935,2023
2023-03-14,long,2023-03-14 19:25:00+05:30,1899.309,1895.4315000000001,3.877499999999827,2023-03-14 21:00:00+05:30,1906.3754,trail,1.8224113475177939,19,0.15773961448182036,0.6738760158370527,1,7436.1458640523315,2023
2023-03-15,long,2023-03-15 15:15:00+05:30,1897.1188,1887.875,9.243799999999965,2023-03-15 16:35:00+05:30,1905.4262999999999,trail,0.8987104870291355,16,4.318421524262539,0.4970338435162253,1,7502.975286763353,2023
2023-03-16,short,2023-03-16 16:55:00+05:30,1923.7303000000002,1924.8600000000001,1.129699999999957,2023-03-16 17:00:00+05:30,1925.0371,initial_stop,-1.1567672833494635,1,0.2711668635527435,0.4484825417721604,1,7416.183323368279,2023
2023-03-16,short,2023-03-16 20:25:00+05:30,1921.3149,1932.43,11.115099999999984,2023-03-17 11:00:00+05:30,1932.604,initial_stop,-1.0156543800775502,163,2.4323650069246905,0.9224626662894972,2,7340.860532609909,2023
2023-03-17,short,2023-03-17 17:40:00+05:30,1936.8842,1937.8365,0.9522999999999229,2023-03-17 17:50:00+05:30,1938.0182,initial_stop,-1.1908012181036505,2,0.0011103351183744798,0.5773742616998103,1,7253.445475968299,2023
2023-03-20,short,2023-03-20 14:30:00+05:30,1996.2540000000001,2006.22,9.965999999999894,2023-03-20 16:30:00+05:30,1982.2225999999998,trail,1.4079269516356063,24,0.15909491506429344,0.6687403643066331,1,7355.56868974665,2023
2023-03-21,long,2023-03-21 17:55:00+05:30,1964.9890000000003,1960.495,4.494000000000369,2023-03-21 18:35:00+05:30,1960.319,initial_stop,-1.0391633288829365,8,0.2222580857758236,1.8720038335724294,1,7279.132317292008,2023
2023-03-21,long,2023-03-21 18:45:00+05:30,1961.794,1958.8600000000001,2.933999999999969,2023-03-21 19:00:00+05:30,1961.6165,breakeven,-0.06049761417859951,3,0.9197573685059892,0.29472645380510604,2,7274.728615907144,2023
2023-03-23,long,2023-03-23 18:35:00+05:30,1973.8260000000002,1966.6385,7.187500000000227,2023-03-23 20:20:00+05:30,1980.6733,trail,0.9526678260868815,21,0.22930103948501174,0.7404871914193647,1,7344.032614866027,2023
2023-03-24,short,2023-03-24 16:20:00+05:30,1993.8684,1999.435,5.56659999999988,2023-03-24 18:00:00+05:30,1999.6304,initial_stop,-1.0351022167930277,20,2.1426033128893507,0.6699500874220914,1,7268.014370467546,2023
2023-03-24,short,2023-03-24 19:25:00+05:30,1993.6707,2000.5615000000003,6.890800000000354,2023-03-24 19:35:00+05:30,1993.8357999999998,breakeven,-0.023959482208151455,2,2.228793710944588,0.5077982476414495,2,7266.272991857568,2023
2023-03-28,short,2023-03-28 18:25:00+05:30,1964.5163,1967.48,2.963700000000017,2023-03-28 19:00:00+05:30,1963.6163999999999,trail,0.3036407193710939,7,1.0973319275356808,0.5821596702886346,1,7288.336355441512,2023
2023-03-29,short,2023-03-29 17:00:00+05:30,1964.4478,1968.2945,3.8467000000000553,2023-03-29 17:30:00+05:30,1968.4645,initial_stop,-1.0441937244911406,6,3.0016041986116724,0.5822741957739573,1,7212.232004598185,2023
2023-03-29,short,2023-03-29 17:50:00+05:30,1962.6953,1968.75,6.054699999999912,2023-03-29 20:05:00+05:30,1968.9184,initial_stop,-1.0278131038697247,27,0.44609180833178136,1.5893804087895815,2,7138.103738973439,2023
2023-03-30,short,2023-03-30 18:05:00+05:30,1971.5643,1975.4215,3.8571999999999207,2023-03-30 19:45:00+05:30,1968.6147999999998,trail,0.7646738566836647,20,1.574386698449063,0.7771603366815817,1,7192.686952128328,2023
2023-04-04,short,2023-04-04 18:35:00+05:30,1985.3159999999998,1986.06,0.7440000000001419,2023-04-04 18:40:00+05:30,1986.2301,initial_stop,-1.228629032258085,1,0.0375891712869273,0.30495730898969964,1,7104.31551203504,2023
2023-04-04,short,2023-04-04 18:50:00+05:30,1985.3807,1986.3065000000001,0.9258000000002085,2023-04-04 18:50:00+05:30,1986.4723000000001,initial_stop,-1.1790883560163672,0,0.1949627162200079,0.28533441287951605,2,7020.54935505797,2023
2023-04-05,short,2023-04-05 17:55:00+05:30,2027.5757,2029.6350000000002,2.059300000000121,2023-04-05 18:00:00+05:30,2029.8302,initial_stop,-1.094789491574746,1,0.4190708227181684,0.8693122024980683,1,6943.689118467977,2023
2023-04-05,short,2023-04-05 19:05:00+05:30,2024.2778,2032.1015000000002,7.823700000000144,2023-04-05 20:30:00+05:30,2020.4763,trail,0.4858954203254167,17,0.04864491139424479,2.0540706133927187,2,6977.428185896248,2023
2023-04-06,long,2023-04-06 20:10:00+05:30,2010.5810000000001,2005.4,5.18100000000004,2023-04-10 03:30:00+05:30,1992.458,eod_data,-3.4979733642153845,76,0.12142567688935478,0.7114759070606808,1,6733.35960644634,2023
2023-04-10,short,2023-04-10 14:55:00+05:30,1999.3119,2000.38,1.068100000000186,2023-04-10 14:55:00+05:30,2000.5431,initial_stop,-1.1527010579533352,0,0.3439647999618234,0.5811114079585411,1,6655.744099027031,2023
2023-04-10,short,2023-04-10 17:40:00+05:30,1999.5125,2003.06,3.5474999999999,2023-04-10 18:50:00+05:30,1992.5476,trail,1.963326286117023,14,2.533866312836005,0.3053407607210615,2,6786.418072459911,2023
2023-04-11,short,2023-04-11 15:20:00+05:30,2003.3510999999999,2005.2,1.8489000000001852,2023-04-11 17:25:00+05:30,2001.2816,trail,1.1193141868135796,25,1.1774714046357568,0.2542895991234103,1,6862.379412721435,2023
2023-04-12,long,2023-04-12 14:45:00+05:30,2010.4298000000001,2008.64,1.7898000000000138,2023-04-12 15:55:00+05:30,2008.4749000000002,initial_stop,-1.0922449435690789,14,0.9874032810904859,0.46492082741936386,1,6787.42542057746,2023
2023-04-12,long,2023-04-12 17:00:00+05:30,2010.2084,2007.8885,2.3198999999999614,2023-04-12 17:10:00+05:30,2007.7281,initial_stop,-1.0691409112461676,2,2.41316349712948,0.3080301569769405,2,6714.858278585743,2023
2023-04-13,short,2023-04-13 18:05:00+05:30,2029.1422,2036.8885,7.746300000000019,2023-04-13 18:10:00+05:30,2037.0623,initial_stop,-1.022436518079603,1,3.4694970891257926,0.5675954473305881,1,6646.2031154081915,2023
2023-04-14,long,2023-04-14 15:35:00+05:30,2039.7785,2036.4665,3.311999999999898,2023-04-14 16:30:00+05:30,2036.2957,initial_stop,-1.0515700483092103,11,0.0769377372933233,0.7369825361778201,1,6576.313634096765,2023
2023-04-17,long,2023-04-17 17:25:00+05:30,2010.2906,2008.0115,2.2790999999999713,2023-04-17 17:55:00+05:30,2007.8286,initial_stop,-1.0802509762625687,6,3.8828460731957617,0.6851821609553579,1,6505.272941862346,2023
2023-04-18,short,2023-04-18 14:40:00+05:30,2002.393,2003.9904999999999,1.5974999999998545,2023-04-18 14:50:00+05:30,2004.1463999999999,initial_stop,-1.0975899843505406,2,0.27464945499749777,0.7943454297223447,1,6433.871717597799,2023
2023-04-18,short,2023-04-18 15:55:00+05:30,2001.7925,2003.5505,1.7580000000000382,2023-04-18 16:00:00+05:30,2003.7154,initial_stop,-1.093799772468706,1,0.02185031541779161,1.1610294717628056,2,6363.498043389786,2023
2023-04-19,long,2023-04-19 18:35:00+05:30,1983.2197,1977.6935,5.526200000000017,2023-04-19 21:00:00+05:30,1993.0223,trail,1.7738409757156732,29,0.07403860966983902,1.5177914982331029,1,6476.3763791722995,2023
2023-04-20,short,2023-04-20 18:40:00+05:30,2005.955,2008.5149999999999,2.5599999999999454,2023-04-20 19:00:00+05:30,2006.1246999999998,breakeven,-0.06628906249997044,4,0.1390888178158059,0.3583676121402086,1,6472.083249986576,2023
2023-04-21,long,2023-04-21 19:40:00+05:30,1974.9802,1971.6950000000002,3.2851999999998043,2023-04-21 20:10:00+05:30,1976.854,trail,0.5703762328017123,6,0.018647661859708883,0.6926274405063889,1,6508.998474611641,2023
2023-04-24,short,2023-04-24 14:35:00+05:30,1984.1554000000003,1985.71,1.5545999999997093,2023-04-24 14:35:00+05:30,1985.8861,initial_stop,-1.1132767271323418,0,0.6942291077819743,0.40576494403116964,1,6436.53530942439,2023
2023-04-24,short,2023-04-24 15:20:00+05:30,1984.017,1987.0,2.9829999999999472,2023-04-24 19:40:00+05:30,1979.3401000000001,trail,1.56785115655381,52,0.01643807702187772,0.4893195020504778,2,6537.450602715195,2023
2023-04-25,long,2023-04-25 18:20:00+05:30,1993.7669,1982.42,11.346900000000005,2023-04-26 19:30:00+05:30,2001.7954,trail,0.7075500797574572,290,5.587426700797688,1.4320732452814922,1,6583.706339668811,2023
2023-04-26,short,2023-04-26 19:35:00+05:30,1999.7471,2006.4335,6.686400000000049,2023-04-26 23:15:00+05:30,1987.4526999999998,trail,1.8387173965063612,44,2.421959181254367,0.7636626702957419,1,6704.762093471193,2023
2023-04-28,long,2023-04-28 14:30:00+05:30,1983.632,1981.5745000000002,2.057499999999891,2023-04-28 17:45:00+05:30,1981.4188000000001,initial_stop,-1.0756743620899307,39,0.3473915506509836,0.5391380634117497,1,6632.640686592599,2023
2023-04-28,long,2023-04-28 17:55:00+05:30,1983.373,1981.1200000000001,2.252999999999929,2023-04-28 17:55:00+05:30,1980.922,initial_stop,-1.08788282290284,0,1.3089737918220132,0.4098384396117477,2,6560.485327858293,2023
2023-05-01,long,2023-05-01 14:35:00+05:30,1978.3374000000001,1977.1455,1.1919000000000324,2023-05-01 16:40:00+05:30,1987.0273,trail,7.290796207735227,25,0.04848416539727478,0.9309939234439737,1,7038.7969433508115,2023
2023-05-02,long,2023-05-02 15:05:00+05:30,1982.5245000000002,1980.5895,1.9350000000001728,2023-05-02 17:00:00+05:30,1988.4231000000002,trail,3.0483720930229774,23,0.12206130345959994,1.3198133581436011,1,7253.365665056472,2023
2023-05-03,long,2023-05-03 17:50:00+05:30,2012.8422,2007.877,4.965200000000095,2023-05-03 19:20:00+05:30,2015.7835,trail,0.592382985579614,18,2.171451733420133,1.155270448994239,1,7296.3333691381395,2023
2023-05-04,long,2023-05-04 19:05:00+05:30,2034.1249,2032.0645,2.0604000000000724,2023-05-04 20:35:00+05:30,2051.3115,trail,8.341390021354673,18,0.3710726104463043,0.42637467184360184,1,7904.948992716199,2023
2023-05-08,short,2023-05-08 15:50:00+05:30,2023.6236,2025.1095,1.4859000000001288,2023-05-08 16:30:00+05:30,2025.251,initial_stop,-1.0952284810552113,8,0.5832274378704354,0.7392184221051018,1,7818.371739935084,2023
2023-05-08,short,2023-05-08 16:40:00+05:30,2024.0220000000002,2025.5545,1.5324999999998,2023-05-08 17:45:00+05:30,2023.5379,trail,0.3158890701469423,13,1.0845368750749804,0.3762250012372227,2,7843.069121724997,2023
2023-05-09,short,2023-05-09 15:55:00+05:30,2029.7021,2030.988,1.2859000000000833,2023-05-09 16:20:00+05:30,2031.1275,initial_stop,-1.1084843300412077,5,0.2551442691160044,0.6774520248952188,1,7756.129929516374,2023
2023-05-09,short,2023-05-09 17:50:00+05:30,2030.1113,2032.1645,2.0532000000000608,2023-05-09 18:05:00+05:30,2030.2508,breakeven,-0.0679427235534746,3,2.0459459819561348,0.3289736931341647,2,7750.860203599915,2023
2023-05-10,short,2023-05-10 19:10:00+05:30,2034.6561,2038.993,4.336900000000014,2023-05-10 19:15:00+05:30,2039.1407,initial_stop,-1.0340565841960814,1,0.4067700433442484,0.5310235989385163,1,7670.711923332756,2023
2023-05-10,short,2023-05-10 19:45:00+05:30,2035.4787,2040.1345000000001,4.655800000000227,2023-05-10 21:25:00+05:30,2025.3786000000002,trail,2.1693586494263424,20,0.13604950276224573,0.30464293559012906,2,7837.1171759141525,2023
2023-05-11,long,2023-05-11 14:35:00+05:30,2023.48,2021.7595000000001,1.7204999999999018,2023-05-11 15:50:00+05:30,2026.6709999999998,trail,1.8546934030804916,15,0.45398573578121876,0.4900915113779963,1,7982.47167116752,2023
2023-05-12,long,2023-05-12 15:45:00+05:30,2004.6632,2001.4850000000001,3.1781999999998334,2023-05-12 19:30:00+05:30,2017.1751000000002,trail,3.936788119061372,45,0.04647752432451091,0.6230588400723688,1,8296.724667525483,2023
2023-05-15,short,2023-05-15 19:35:00+05:30,2018.9500999999998,2022.2495,3.299400000000105,2023-05-15 20:50:00+05:30,2016.1000000000001,trail,0.8638237255257216,15,1.4079683669962422,0.3822319621745142,1,8368.393743645112,2023
2023-05-17,long,2023-05-17 15:50:00+05:30,1987.2545,1983.8029999999999,3.4515000000001237,2023-05-17 17:50:00+05:30,1983.6437999999998,initial_stop,-1.0461248732435318,24,1.9103569699316625,1.0766397320477414,1,8280.849895201885,2023
2023-05-17,long,2023-05-17 18:40:00+05:30,1986.7058000000002,1981.9645,4.7413000000001375,2023-05-17 19:05:00+05:30,1981.8002000000001,initial_stop,-1.034652943285577,5,2.449898997878511,0.3969456604159801,2,8195.171838032118,2023
2023-05-18,long,2023-05-18 17:50:00+05:30,1973.9224,1973.2,0.7223999999998796,2023-05-18 18:00:00+05:30,1972.9752,initial_stop,-1.3111849390919113,2,0.2726210537771709,0.2968092433915399,1,8087.717979159139,2023
2023-05-19,short,2023-05-19 20:55:00+05:30,1973.1427,1976.66,3.5172999999999774,2023-05-19 20:55:00+05:30,1976.8538,initial_stop,-1.0550990816819752,0,0.7248960984601799,0.49156044444930663,1,8002.384541032003,2023
2023-05-22,short,2023-05-22 14:55:00+05:30,1980.4134000000001,1982.6750000000002,2.261600000000044,2023-05-22 17:45:00+05:30,1973.9233,trail,2.8696940219314135,34,1.2038129340874963,0.5279221304690205,1,8232.028491817962,2023
2023-05-23,long,2023-05-23 16:25:00+05:30,1957.9889,1954.9295000000002,3.0593999999998687,2023-05-23 18:00:00+05:30,1959.066,trail,0.3520624959142379,19,2.0938345414187864,0.6367737832394463,1,8261.010376790628,2023
2023-05-25,long,2023-05-25 18:50:00+05:30,1952.225,1941.89,10.334999999999809,2023-05-26 00:30:00+05:30,1941.7153,initial_stop,-1.0169037252056152,68,3.5840597997973385,0.8349112527267363,1,8177.003854529421,2023
2023-05-26,long,2023-05-26 21:30:00+05:30,1943.7361999999998,1941.0700000000002,2.6661999999996624,2023-05-26 22:10:00+05:30,1944.2281,trail,0.18449478658775656,8,0.18140923944701598,0.42648857407572444,1,8192.090000340108,2023
2023-05-29,long,2023-05-29 14:30:00+05:30,1945.5362,1943.0900000000001,2.4461999999998625,2023-05-29 18:45:00+05:30,1947.7854,trail,0.9194669282969912,51,0.034092942866786845,0.8244810016628159,1,8267.41355862956,2023
2023-05-31,long,2023-05-31 14:50:00+05:30,1957.2441,1955.0535,2.190599999999904,2023-05-31 15:40:00+05:30,1957.1901,trail,-0.024650780607989732,10,0.050019027221639596,0.7140511523873714,1,8265.375576651266,2023
2023-06-01,short,2023-06-01 17:50:00+05:30,1962.2579,1968.4415,6.183599999999842,2023-06-01 18:30:00+05:30,1968.6092999999998,initial_stop,-1.0271362960087889,8,2.5114853833064603,1.3362780191940897,1,8180.478904102035,2023
2023-06-02,long,2023-06-02 18:05:00+05:30,1978.117,1972.15,5.966999999999871,2023-06-02 18:10:00+05:30,1971.912,initial_stop,-1.03988603988605,1,1.8161553615169916,1.7940571735618955,1,8095.411245982455,2023
2023-06-02,long,2023-06-02 19:00:00+05:30,1976.4115000000002,1971.1100000000001,5.301500000000033,2023-06-02 19:05:00+05:30,1970.8859000000002,initial_stop,-1.0422710553616723,1,2.831743814360167,0.5213890528105367,2,8011.035117753086,2023
2023-06-05,long,2023-06-05 16:55:00+05:30,1940.6385,1939.3915000000002,1.2469999999998436,2023-06-05 17:00:00+05:30,1939.2222000000002,initial_stop,-1.135765838011261,1,0.490167702054241,0.44274602463562096,1,7920.048517614561,2023
2023-06-05,long,2023-06-05 18:25:00+05:30,1941.8217000000002,1938.2,3.6217000000001462,2023-06-05 19:05:00+05:30,1944.3013,trail,0.6846508545710001,8,1.4118030513937292,1.355651793668608,2,7974.273197472847,2023
2023-06-06,short,2023-06-06 15:05:00+05:30,1961.8639000000003,1963.5,1.6360999999997148,2023-06-06 15:40:00+05:30,1963.657,initial_stop,-1.095959904651276,7,0.2572307398021667,0.9356058138535231,1,7886.878360541191,2023
2023-06-06,short,2023-06-06 15:50:00+05:30,1961.9903000000002,1963.555,1.5646999999999025,2023-06-06 16:00:00+05:30,1963.73,initial_stop,-1.1118425257237587,2,0.3589777939849582,0.9920139038066802,2,7799.188692976589,2023
2023-06-07,short,2023-06-07 19:35:00+05:30,1965.7965,1970.25,4.453500000000076,2023-06-07 22:50:00+05:30,1942.7504999999999,trail,5.174806332098272,39,0.4375626948072144,1.7507604620421306,1,8202.781603313033,2023
2023-06-09,long,2023-06-09 15:10:00+05:30,1963.7629000000002,1962.24,1.5229000000001633,2023-06-09 15:20:00+05:30,1962.0682,initial_stop,-1.1128110841158692,2,0.19952513743451172,0.7510534292651095,1,8111.500140425548,2023
2023-06-09,long,2023-06-09 15:50:00+05:30,1963.7261,1961.6995000000002,2.0265999999999167,2023-06-09 17:35:00+05:30,1965.0114999999998,trail,0.63426428500928,21,1.3723359158722803,0.6908848424030513,2,8162.948488794745,2023
2023-06-12,short,2023-06-12 16:55:00+05:30,1961.7575,1965.15,3.3925000000001546,2023-06-12 17:45:00+05:30,1965.3161,initial_stop,-1.0489609432571576,10,3.9226085836287288,1.3255676235462202,1,8077.322347329087,2023
2023-06-12,short,2023-06-12 18:05:00+05:30,1962.6607999999999,1966.0214999999998,3.3606999999999516,2023-06-12 20:15:00+05:30,1952.4982,trail,3.0239533430535395,26,2.354679436200056,0.3259810344414943,2,8321.576806480356,2023
2023-06-13,long,2023-06-13 18:05:00+05:30,1967.7062000000003,1950.292,17.414200000000392,2023-06-13 20:45:00+05:30,1950.1282999999999,initial_stop,-1.0094003744070965,32,1.2293460185601537,5.009861008655653,1,8237.57877903917,2023
2023-06-14,short,2023-06-14 16:05:00+05:30,1948.6018,1950.69,2.0882000000001426,2023-06-14 17:25:00+05:30,1946.9861999999998,trail,0.7736806819270068,16,3.936400870983492,0.6052229958012786,1,8301.311334711114,2023
2023-06-15,long,2023-06-15 17:45:00+05:30,1928.5292000000002,1927.1385,1.3907000000001517,2023-06-15 17:50:00+05:30,1928.3622000000003,breakeven,-0.12008341123168052,1,0.33535168218510475,0.6849558108635068,1,8291.34283688343,2023
2023-06-19,long,2023-06-19 19:05:00+05:30,1953.0251,1951.2350000000001,1.7900999999999385,2023-06-19 19:30:00+05:30,1951.0713,initial_stop,-1.0914474051729335,5,0.24096440865350674,0.7651182975707849,1,8200.847190636274,2023
2023-06-19,long,2023-06-19 20:05:00+05:30,1953.012,1950.83,2.1820000000000164,2023-06-19 21:25:00+05:30,1950.6518999999998,initial_stop,-1.081622364802972,16,1.4841777223086077,0.7354973982869385,2,8112.144993319036,2023
2023-06-21,long,2023-06-21 17:55:00+05:30,1929.359,1928.225,1.1340000000000146,2023-06-21 17:55:00+05:30,1928.0659999999998,initial_stop,-1.1402116402117315,0,0.26412416704666297,0.4855732503339184,1,8019.649371834359,2023
2023-06-21,long,2023-06-21 18:00:00+05:30,1929.9660999999999,1927.47,2.496099999999842,2023-06-21 18:05:00+05:30,1929.7939999999999,breakeven,-0.06894755819078212,1,0.7996642669704311,0.896482972028715,2,8014.120019417017,2023
2023-06-22,long,2023-06-22 17:45:00+05:30,1926.3064000000002,1924.4105,1.8959000000002106,2023-06-22 17:50:00+05:30,1924.2433,initial_stop,-1.0881903053957738,1,0.4721747283996292,0.8460273583911783,1,7926.911142302939,2023
2023-06-22,long,2023-06-22 18:00:00+05:30,1926.4619000000002,1923.7235,2.7384000000001834,2023-06-22 18:10:00+05:30,1926.2949000000003,breakeven,-0.06098451650595426,2,0.94712995689777,0.902908810804468,2,7922.076953868949,2023
2023-06-23,short,2023-06-23 15:05:00+05:30,1918.8739999999998,1919.67,0.7960000000002765,2023-06-23 16:15:00+05:30,1918.3416,trail,0.6688442211050755,14,0.14446503818654585,0.42709445868892515,1,7975.063307766399,2023
2023-06-26,short,2023-06-26 14:40:00+05:30,1931.4770000000003,1933.4085,1.9314999999996871,2023-06-26 15:35:00+05:30,1930.5646000000002,trail,0.47237898006746537,11,0.42796802633101555,0.2593745614120835,1,8012.735830479361,2023
2023-06-27,long,2023-06-27 17:30:00+05:30,1923.3017,1920.075,3.226699999999937,2023-06-27 18:15:00+05:30,1925.4903,trail,0.6782781169615998,9,2.4539216203798278,1.0412937246268608,1,8067.084464187444,2023
2023-06-28,long,2023-06-28 19:20:00+05:30,1907.9272,1902.875,5.052200000000084,2023-06-28 21:25:00+05:30,1910.8584,trail,0.5801828906218955,25,0.42579525219780484,1.8788835421442096,1,8113.888308020676,2023
2023-06-29,short,2023-06-29 18:05:00+05:30,1901.1309999999999,1912.1765,11.045500000000175,2023-06-29 20:20:00+05:30,1912.3482000000001,initial_stop,-1.0155447919967497,27,3.3983214911883297,3.099584351232225,1,8031.488137880139,2023
2023-06-30,long,2023-06-30 14:30:00+05:30,1902.1181000000001,1900.6150000000002,1.503099999999904,2023-06-30 16:45:00+05:30,1905.6861,trail,2.3737608941520754,27,0.15542373437734455,0.3857748716470506,1,8222.1364625156,2023
2023-07-03,short,2023-07-03 18:20:00+05:30,1920.3065000000001,1921.0700000000002,0.7635000000000218,2023-07-03 18:20:00+05:30,1921.239,initial_stop,-1.2213490504254934,0,0.09672144228441124,0.38245270303350176,1,8121.715476905978,2023
2023-07-03,short,2023-07-03 18:35:00+05:30,1920.144,1922.105,1.9610000000000127,2023-07-03 18:40:00+05:30,1922.254,initial_stop,-1.0759816420193198,1,0.9055956029734115,0.5135628744137631,2,8034.327309357428,2023
2023-07-05,short,2023-07-05 18:20:00+05:30,1928.878,1930.165,1.2870000000000346,2023-07-05 18:40:00+05:30,1930.329,initial_stop,-1.1274281274281142,4,0.30627753853308975,0.6550936240844171,1,7943.746043422094,2023
2023-07-05,short,2023-07-05 19:05:00+05:30,1928.4947,1935.0700000000002,6.5753000000001975,2023-07-05 20:30:00+05:30,1923.0380000000002,trail,0.8298784846318136,17,2.894173527475048,0.6302317092591552,2,8009.669482710245,2023
2023-07-06,long,2023-07-06 14:35:00+05:30,1918.8186,1916.8035,2.015100000000075,2023-07-06 15:20:00+05:30,1916.6455,initial_stop,-1.0784080194530772,9,0.166485868570542,0.4879758216725484,1,7923.292564677012,2023
2023-07-06,long,2023-07-06 15:45:00+05:30,1918.7894999999999,1916.71,2.0794999999998254,2023-07-06 17:05:00+05:30,1924.3738,trail,2.685405145467988,16,1.9057347439702244,0.4756544356065519,2,8136.065070899331,2023
2023-07-07,short,2023-07-07 15:20:00+05:30,1916.2892000000002,1916.825,0.535799999999881,2023-07-07 15:55:00+05:30,1916.4539000000002,breakeven,-0.3073908174693458,7,0.159957563103675,0.26850019521082574,1,8111.055553968055,2023
2023-07-10,long,2023-07-10 18:40:00+05:30,1917.557,1912.74,4.817000000000007,2023-07-10 19:55:00+05:30,1921.836,trail,0.8883122275275046,15,0.2858408461747623,1.463053804764147,1,8183.107052235502,2023
2023-07-12,short,2023-07-12 18:25:00+05:30,1942.747,1950.145,7.397999999999911,2023-07-12 18:55:00+05:30,1950.3084,initial_stop,-1.022087050554192,6,2.632409760301236,0.4737480106077462,1,8099.468574721616,2023
2023-07-14,long,2023-07-14 19:35:00+05:30,1953.9046,1951.0085,2.8961000000001604,2023-07-14 20:45:00+05:30,1957.8705,trail,1.369393322053693,14,0.7363573638734158,0.46329150810351805,1,8210.382156505691,2023
2023-07-17,short,2023-07-17 17:55:00+05:30,1954.4167000000002,1959.4695000000002,5.052799999999934,2023-07-17 18:45:00+05:30,1950.875,trail,0.7009380937302615,10,2.3570800968328802,1.4408370713870993,1,8267.931852681471,2023
2023-07-18,short,2023-07-18 17:05:00+05:30,1963.2909,1972.2115,8.920599999999922,2023-07-18 19:30:00+05:30,1972.3853,initial_stop,-1.0194829944174193,29,4.299201807296904,1.1365096161845485,1,8183.641693453363,2023
2023-07-20,long,2023-07-20 18:45:00+05:30,1977.701,1972.805,4.895999999999958,2023-07-20 19:10:00+05:30,1972.6460000000002,initial_stop,-1.0324754901960538,5,2.6484620133632686,0.2740783129296888,1,8099.147598762991,2023
2023-07-21,long,2023-07-21 17:50:00+05:30,1967.2484000000002,1964.8,2.4484000000002197,2023-07-21 18:05:00+05:30,1964.6293,initial_stop,-1.0697190001633237,3,1.6898815898781643,0.4909179822947559,1,8012.509478047752,2023
2023-07-24,short,2023-07-24 15:15:00+05:30,1964.6063,1965.94,1.3337000000001353,2023-07-24 15:20:00+05:30,1966.1015,initial_stop,-1.1210916997824971,1,0.831271913527667,0.30052935923576146,1,7922.681899345072,2023
2023-07-24,short,2023-07-24 16:00:00+05:30,1964.2757,1966.5700000000002,2.2943000000002485,2023-07-24 16:30:00+05:30,1966.7264000000002,initial_stop,-1.0681689404175823,6,1.532807607619174,0.6524442294986754,2,7838.054272048183,2023
2023-07-25,long,2023-07-25 16:35:00+05:30,1958.5968,1958.095,0.5018000000000029,2023-07-25 16:35:00+05:30,1957.9282,initial_stop,-1.3324033479473207,0,0.13455482961808368,0.2752257878555884,1,7733.619774513485,2023
2023-07-25,long,2023-07-25 17:25:00+05:30,1959.8017,1953.7155,6.0861999999999625,2023-07-25 19:30:00+05:30,1953.5391,initial_stop,-1.0289836022477177,25,3.9954087132657348,1.1585064413010777,2,7654.042095173554,2023
2023-07-28,short,2023-07-28 17:50:00+05:30,1954.5564000000002,1958.275,3.718599999999924,2023-07-28 18:00:00+05:30,1958.4772,initial_stop,-1.0543753025331986,2,2.3635630255986455,0.4440322314511647,1,7573.339765676549,2023
2023-07-28,short,2023-07-28 18:35:00+05:30,1952.8652000000002,1958.25,5.384799999999814,2023-07-28 19:30:00+05:30,1958.4605999999999,initial_stop,-1.0391100876541177,11,1.5698725041254193,1.1846147313280455,2,7494.644428199083,2023
2023-07-31,short,2023-07-31 16:55:00+05:30,1959.2617000000002,1960.0700000000002,0.8082999999999174,2023-07-31 16:55:00+05:30,1960.2398,initial_stop,-1.210070518371784,0,0.11084389222456252,0.534292469259379,1,7403.953945516653,2023
2023-07-31,short,2023-07-31 17:15:00+05:30,1959.0328000000002,1961.105,2.072199999999839,2023-07-31 17:55:00+05:30,1961.2681,initial_stop,-1.0787086188591828,8,1.3661638892639505,0.7311089997984895,2,7324.086856170001,2023
2023-08-01,long,2023-08-01 17:35:00+05:30,1955.6129999999998,1951.97,3.6429999999998017,2023-08-01 17:50:00+05:30,1951.8046,initial_stop,-1.0454021410925336,3,0.8544378401723711,2.1143716044944667,1,7247.520695360123,2023
2023-08-02,long,2023-08-02 17:50:00+05:30,1949.2257,1946.0335,3.192199999999957,2023-08-02 17:50:00+05:30,1945.8728,initial_stop,-1.0503414573021452,0,0.6765118189188178,1.7562824622819524,1,7171.396980870202,2023
2023-08-02,long,2023-08-02 18:00:00+05:30,1948.6732,1945.29,3.383199999999988,2023-08-02 18:10:00+05:30,1945.1306,initial_stop,-1.0471151572475779,2,1.04573125963046,1.0757222916587548,2,7096.304196097115,2023
2023-08-03,short,2023-08-03 14:40:00+05:30,1936.7232999999999,1938.0585,1.3352000000002135,2023-08-03 15:50:00+05:30,1936.6604,trail,0.04710904733365004,14,0.4658552743265587,0.2742217923317701,1,7099.647197399794,2023
2023-08-04,long,2023-08-04 18:05:00+05:30,1935.5601000000001,1925.237,10.323100000000068,2023-08-04 19:30:00+05:30,1942.3729999999998,trail,0.6599664829362912,17,2.0255184850131442,3.3625837949472697,1,7146.502489309359,2023
2023-08-07,long,2023-08-07 15:20:00+05:30,1934.8694,1934.4265,0.44290000000000873,2023-08-07 15:20:00+05:30,1934.2771,initial_stop,-1.3373221946263518,0,0.007165568061433646,0.34335013628531097,1,7050.9307253803,2023
2023-08-07,long,2023-08-07 15:25:00+05:30,1934.8817000000001,1934.3615,0.520200000000159,2023-08-07 15:25:00+05:30,1934.2148,initial_stop,-1.2820069204151576,0,0.08580882889869651,0.36559395411137896,2,6960.537305527246,2023
2023-08-08,short,2023-08-08 14:35:00+05:30,1934.1725000000001,1935.7505,1.5779999999999745,2023-08-08 16:40:00+05:30,1932.7105,trail,0.9264892268696071,25,0.715340926309961,0.7791359504401019,1,7025.025933795196,2023
2023-08-09,long,2023-08-09 14:45:00+05:30,1927.8628,1927.33,0.5328000000001794,2023-08-09 15:05:00+05:30,1927.1793,initial_stop,-1.282845345345091,4,0.026495832532812864,0.46367706931925495,1,6934.905715594218,2023
2023-08-10,short,2023-08-10 15:35:00+05:30,1920.1589999999999,1921.6785,1.5195000000001073,2023-08-10 15:55:00+05:30,1921.8448,initial_stop,-1.10944389601848,4,0.12480248516188443,0.8634294381616078,1,6857.966827437922,2023
2023-08-10,short,2023-08-10 19:00:00+05:30,1920.2315000000003,1926.2835,6.05199999999968,2023-08-10 20:45:00+05:30,1916.1109000000001,trail,0.6808658294779268,21,4.4294359332400015,0.29524748582947535,2,6904.660380162878,2023
2023-08-11,short,2023-08-11 17:50:00+05:30,1918.6294,1920.475,1.8455999999998767,2023-08-11 17:50:00+05:30,1920.6371,initial_stop,-1.087830515821424,0,1.566658028829633,1.0356792099820156,1,6829.5493775336345,2023
2023-08-11,short,2023-08-11 18:05:00+05:30,1916.4770000000003,1920.9935,4.5164999999997235,2023-08-11 19:30:00+05:30,1921.1847,initial_stop,-1.042333665448908,17,1.3473390096692186,2.485805294276086,2,6758.362685173145,2023
2023-08-14,short,2023-08-14 17:15:00+05:30,1914.604,1915.0635,0.4594999999999345,2023-08-14 18:10:00+05:30,1910.2924000000003,trail,9.383242655060688,11,0.12008305643857647,0.37202201798680795,1,7392.516255432017,2023
2023-08-15,long,2023-08-15 17:45:00+05:30,1903.2693,1901.8600000000001,1.4092999999998028,2023-08-15 17:50:00+05:30,1901.7025,initial_stop,-1.111757610161108,1,0.14587737522231298,1.2082334274903677,1,7310.329393379854,2023
2023-08-15,long,2023-08-15 17:55:00+05:30,1903.7459000000001,1901.0715,2.674400000000105,2023-08-15 18:00:00+05:30,1900.8878,initial_stop,-1.0686883039186499,1,0.8704709505321858,1.474990863089784,2,7232.204758174877,2023
2023-08-16,long,2023-08-16 19:10:00+05:30,1905.8060000000003,1899.345,6.46100000000024,2023-08-16 22:05:00+05:30,1899.1946,initial_stop,-1.0232781303203815,35,2.746569735372802,1.3217038159036785,1,7158.199188544483,2023
2023-08-17,short,2023-08-17 18:10:00+05:30,1899.8718,1902.565,2.693200000000161,2023-08-17 18:40:00+05:30,1902.7234,initial_stop,-1.0588147928115326,6,0.781009610951639,0.9788700155070409,1,7082.407116637259,2023
2023-08-17,short,2023-08-17 19:05:00+05:30,1898.5296,1903.5435,5.013899999999921,2023-08-17 21:55:00+05:30,1891.027,trail,1.496360118869572,34,1.2451954496641282,1.6306342505237414,2,7188.385432186599,2023
2023-08-18,short,2023-08-18 15:50:00+05:30,1894.7673,1895.4435,0.676200000000108,2023-08-18 15:50:00+05:30,1895.5962,initial_stop,-1.2258207630876126,0,0.06009122405092234,0.3872545549964185,1,7100.26871102809,2023
2023-08-18,short,2023-08-18 16:15:00+05:30,1894.285,1895.6,1.3149999999998272,2023-08-18 18:35:00+05:30,1891.7156999999997,trail,1.9538403041830243,28,0.5455589103184805,1.0911178206382333,2,7238.996622809454,2023
2023-08-21,short,2023-08-21 19:20:00+05:30,1890.3693,1896.6350000000002,6.265700000000152,2023-08-22 06:50:00+05:30,1896.7887000000003,initial_stop,-1.024530379686239,126,4.583242540135909,0.3578659554608773,1,7164.83090322431,2023
2023-08-22,short,2023-08-22 15:55:00+05:30,1903.4456,1904.5785,1.1329000000000633,2023-08-22 16:05:00+05:30,1903.5906,breakeven,-0.12799011386704362,2,0.03278794383776791,1.1778914163634342,1,7155.660627992892,2023
2023-08-23,short,2023-08-23 18:10:00+05:30,1906.141,1908.24,2.0989999999999327,2023-08-23 18:10:00+05:30,1908.399,initial_stop,-1.0757503573129505,0,1.3925035744749867,0.27506243446435413,1,7078.683583219156,2023
2023-08-23,short,2023-08-23 18:25:00+05:30,1905.788,1908.7055,2.917500000000018,2023-08-23 18:50:00+05:30,1908.8672000000001,initial_stop,-1.0554241645244589,5,1.4864868172137624,0.4846852245051529,2,7003.9734461516355,2023
2023-08-24,long,2023-08-24 14:30:00+05:30,1920.5185000000001,1919.8835000000001,0.6349999999999909,2023-08-24 14:55:00+05:30,1919.7385000000002,initial_stop,-1.2283464566928881,5,0.026080506671980485,0.5369182569231362,1,6917.940386498121,2023
2023-08-24,long,2023-08-24 15:00:00+05:30,1920.3312,1919.83,0.5012000000001535,2023-08-24 15:05:00+05:30,1919.683,initial_stop,-1.2932960893852543,1,0.09894670979560988,0.3408164448510223,2,6828.470934013538,2023
2023-08-25,short,2023-08-25 15:15:00+05:30,1916.4004,1918.0985,1.6981000000000677,2023-08-25 17:25:00+05:30,1918.258,initial_stop,-1.093928508332827,26,1.400483367458155,0.6271701369481053,1,6753.772343783143,2023
2023-08-25,short,2023-08-25 18:20:00+05:30,1916.489,1918.8935000000001,2.4045000000000982,2023-08-25 19:25:00+05:30,1916.0222999999999,trail,0.1940944063215448,13,3.669066869561678,0.43626099973461363,2,6766.881038118117,2023
2023-08-28,long,2023-08-28 15:15:00+05:30,1914.4250000000002,1914.0349999999999,0.3900000000003274,2023-08-28 15:20:00+05:30,1913.8649999999998,initial_stop,-1.4358974358972565,1,0.003446843709778239,0.37570596437523274,1,6669.715566801562,2023
2023-08-28,long,2023-08-28 15:25:00+05:30,1914.455,1914.0,0.45499999999992724,2023-08-28 15:40:00+05:30,1913.83,initial_stop,-1.3736263736265932,3,0.06771828153553076,0.45389550867303646,2,6578.098594730098,2023
2023-08-29,long,2023-08-29 19:20:00+05:30,1921.2451,1917.1695,4.075600000000122,2023-08-29 21:40:00+05:30,1936.1658000000002,trail,3.660982432034468,28,5.312432552411224,0.2811688619702566,1,6818.921628645073,2023
2023-08-30,short,2023-08-30 15:05:00+05:30,1937.5909,1938.65,1.0591000000001713,2023-08-30 15:25:00+05:30,1938.7981,initial_stop,-1.1398357095645943,4,0.9687977449843946,0.36393989361827367,1,6741.197124914553,2023
2023-08-30,short,2023-08-30 15:40:00+05:30,1937.4279999999999,1938.8,1.372000000000071,2023-08-30 16:55:00+05:30,1938.946,initial_stop,-1.1064139941690603,15,0.022906203673735213,0.6314476812685949,2,6666.611576549975,2023
2023-08-31,short,2023-08-31 17:55:00+05:30,1946.5219,1947.6200000000001,1.0981000000001586,2023-08-31 18:00:00+05:30,1947.777,initial_stop,-1.1429742282122783,1,0.095868638674154,1.1870793200539194,1,6590.413924334993,2023
2023-08-31,short,2023-08-31 18:05:00+05:30,1945.9562,1947.96,2.0037999999999556,2023-08-31 18:25:00+05:30,1946.1183,breakeven,-0.08089629703563882,4,0.4192384561291862,1.4714447773949657,2,6585.082523510885,2023
2023-09-01,short,2023-09-01 19:25:00+05:30,1941.4532,1951.5565000000001,10.103300000000218,2023-09-04 03:30:00+05:30,1940.4796,eod_data,0.09636455415557413,85,4.366535019815695,0.3371350215141129,1,6591.428208925443,2023
2023-09-06,long,2023-09-06 15:25:00+05:30,1925.1467,1922.88,2.2666999999999007,2023-09-06 16:05:00+05:30,1926.7841,trail,0.7223717298275654,8,0.7170718170563412,1.3649641638216543,1,6639.0428228986,2023
2023-09-07,short,2023-09-07 16:45:00+05:30,1920.8813,1922.3555000000001,1.4742000000001099,2023-09-07 17:30:00+05:30,1922.5166000000002,initial_stop,-1.1092796092796235,9,1.2349218998545783,0.5628693997138953,1,6565.397274612844,2023
2023-09-07,short,2023-09-07 17:55:00+05:30,1920.6905000000002,1923.26,2.5694999999998345,2023-09-07 18:20:00+05:30,1920.8442000000002,breakeven,-0.05981708503603097,5,2.3950524613919817,0.758763176473781,2,6561.470045342136,2023
2023-09-08,long,2023-09-08 16:35:00+05:30,1924.0187,1923.43,0.5887000000000171,2023-09-08 16:35:00+05:30,1923.2728,initial_stop,-1.2670290470529948,0,0.2952120897304287,0.5713458471302139,1,6478.334313953969,2023
2023-09-08,long,2023-09-08 17:05:00+05:30,1923.885,1922.98,0.9049999999999727,2023-09-08 17:10:00+05:30,1922.8342,initial_stop,-1.1611049723757048,1,0.40978798854665544,0.32268329532841306,2,6403.114052107529,2023
2023-09-11,long,2023-09-11 15:35:00+05:30,1926.1435,1925.22,0.9234999999998763,2023-09-11 15:45:00+05:30,1925.073,initial_stop,-1.1591770438548503,2,0.11152843850843486,1.0190637714707103,1,6328.890623923654,2023
2023-09-11,long,2023-09-11 16:45:00+05:30,1925.6399999999999,1925.1115,0.5284999999998945,2023-09-11 17:00:00+05:30,1925.4725999999998,breakeven,-0.3167455061496248,3,0.33378655112874445,0.3581439481030507,2,6308.844147283251,2023
2023-09-12,long,2023-09-12 16:10:00+05:30,1918.1809999999998,1915.068,3.112999999999829,2023-09-12 16:30:00+05:30,1914.9156,initial_stop,-1.0489559910054453,4,3.949134648532393,0.35545113478692597,1,6242.667148637127,2023
2023-09-13,short,2023-09-13 14:40:00+05:30,1911.155,1912.5165,1.3614999999999782,2023-09-13 15:05:00+05:30,1912.6595,initial_stop,-1.1050312155710844,5,1.2952775939406884,0.41791521567993656,1,6173.683727960485,2023
2023-09-13,short,2023-09-13 15:15:00+05:30,1911.113,1912.5349999999999,1.421999999999798,2023-09-13 16:25:00+05:30,1912.705,initial_stop,-1.11954992967658,14,1.6651852446263804,0.47181645330851874,2,6104.5662561256495,2023
2023-09-14,long,2023-09-14 15:20:00+05:30,1906.7645,1906.17,0.5944999999999254,2023-09-14 16:50:00+05:30,1908.036,trail,2.1387720773763155,18,0.13983414174213335,0.6552484462380688,1,6235.129014656602,2023
2023-09-18,long,2023-09-18 15:55:00+05:30,1927.296,1926.3915000000002,0.9044999999998709,2023-09-18 16:55:00+05:30,1927.151,breakeven,-0.1603095632946407,12,0.11277768242920307,0.4729668697229649,1,6225.133506562348,2023
2023-09-22,short,2023-09-22 14:50:00+05:30,1925.9950000000001,1927.68,1.6849999999999454,2023-09-22 18:15:00+05:30,1926.14,breakeven,-0.0860534124629,41,1.5733723869904537,0.7790484634612994,1,6219.77656674958,2023
2023-09-25,long,2023-09-25 20:20:00+05:30,1918.857,1915.205,3.6520000000000437,2023-09-26 06:00:00+05:30,1915.0595999999998,initial_stop,-1.0398138006572035,104,1.7924702601408462,0.3450581591070558,1,6155.1024716384745,2023
2023-09-26,long,2023-09-26 18:15:00+05:30,1908.6364,1905.3600000000001,3.276399999999967,2023-09-26 19:00:00+05:30,1905.2050000000002,initial_stop,-1.0473080209986492,9,1.48995414714391,0.7961029511702395,1,6090.639589752319,2023
2023-09-26,long,2023-09-26 19:45:00+05:30,1908.1652,1904.975,3.1902000000000044,2023-09-26 20:30:00+05:30,1904.8152,initial_stop,-1.050090903391607,9,1.725635674901293,0.3899364591352664,2,6026.682337461962,2023
2023-09-29,short,2023-09-29 19:10:00+05:30,1872.8551,1879.92,7.06490000000008,2023-09-29 21:25:00+05:30,1855.719,trail,2.4255261928689364,27,2.950361724887899,0.7387254938935288,1,6172.8610961181075,2023
2023-10-02,long,2023-10-02 15:10:00+05:30,1834.1457,1831.1945,2.9511999999999716,2023-10-02 17:45:00+05:30,1836.5606,trail,0.8182773109243738,31,1.5208816630280024,0.35423743414826886,1,6223.37221790252,2023
2023-10-03,short,2023-10-03 17:50:00+05:30,1828.6985,1829.815,1.1165000000000873,2023-10-03 19:05:00+05:30,1826.394,trail,2.0640394088667993,15,0.29162164009861485,0.5104424690390134,1,6351.825073040496,2023
2023-10-04,short,2023-10-04 16:50:00+05:30,1824.8397,1827.24,2.4003000000000156,2023-10-04 17:45:00+05:30,1827.404,initial_stop,-1.0683247927342359,11,1.5598369926920115,0.4680416281029667,1,6283.966950994095,2023
2023-10-04,short,2023-10-04 21:00:00+05:30,1824.2273,1826.4250000000002,2.197700000000168,2023-10-05 00:35:00+05:30,1818.5129,trail,2.600172908040056,43,0.4049871554913497,0.5004356701112914,2,6447.360957204034,2023
2023-10-05,long,2023-10-05 19:00:00+05:30,1819.3135,1814.2585,5.055000000000064,2023-10-06 09:20:00+05:30,1823.634,trail,0.8546983184965349,160,2.814771385216554,0.48729712709401635,1,6502.466442892659,2023
2023-10-06,short,2023-10-06 16:00:00+05:30,1823.6954,1825.17,1.4746000000000095,2023-10-06 17:20:00+05:30,1822.2775000000001,trail,0.961548894615427,16,1.0729604064312361,0.49652329870424056,1,6564.990837097032,2023
2023-10-09,long,2023-10-09 18:20:00+05:30,1847.3414,1845.0285,2.312900000000127,2023-10-09 18:45:00+05:30,1844.8803999999998,initial_stop,-1.064032167408926,5,0.8349861188200134,0.8408007853853855,1,6495.137222802871,2023
2023-10-09,long,2023-10-09 19:15:00+05:30,1848.0777,1844.3,3.7777000000000953,2023-10-09 20:20:00+05:30,1849.8353,trail,0.465256637636622,13,1.1359634852517053,1.1344005195317322,2,6525.356279855569,2023
2023-10-12,long,2023-10-12 18:15:00+05:30,1879.0497,1875.4,3.649699999999939,2023-10-12 19:00:00+05:30,1875.236,initial_stop,-1.0449352001534344,9,0.4676379839660407,1.7084374347559412,1,6457.170535151935,2023
2023-10-16,short,2023-10-16 18:05:00+05:30,1919.3694,1924.5815000000002,5.212100000000191,2023-10-17 08:10:00+05:30,1914.4684,trail,0.9403119663858881,157,1.8230244296506843,0.9587472487706656,1,6517.888082383913,2023
2023-10-19,short,2023-10-19 15:50:00+05:30,1949.145,1951.085,1.9400000000000546,2023-10-19 16:10:00+05:30,1951.2347,initial_stop,-1.0771649484535746,4,0.7764662540514865,0.9410407404303911,1,6447.67967658104,2023
2023-10-19,short,2023-10-19 17:00:00+05:30,1949.7469,1951.4535,1.7065999999999804,2023-10-19 17:20:00+05:30,1951.6005,initial_stop,-1.0861361771943843,4,1.5441962467042076,0.47375940848837594,2,6377.649095024084,2023
2023-10-20,short,2023-10-20 16:40:00+05:30,1985.1166,1985.9585000000002,0.8419000000001233,2023-10-20 18:10:00+05:30,1979.0267000000001,trail,7.233519420357585,18,0.24615621196986695,0.40850437511724147,1,6838.977580874911,2023
2023-10-23,short,2023-10-23 16:50:00+05:30,1978.7709,1979.3715000000002,0.6006000000002132,2023-10-23 17:10:00+05:30,1978.9243999999999,breakeven,-0.2555777555774892,4,0.05383747642760432,0.34787292460559444,1,6821.498675469264,2023
2023-10-25,short,2023-10-25 19:05:00+05:30,1978.6502000000003,1980.4630000000002,1.8127999999999247,2023-10-25 19:10:00+05:30,1978.8092000000001,breakeven,-0.08770962047654718,1,0.0018121278633613156,0.9906298986610049,1,6815.515564870197,2023
2023-10-26,short,2023-10-26 16:10:00+05:30,1986.7,1991.245,4.544999999999845,2023-10-26 19:00:00+05:30,1979.6745,trail,1.5457645764576908,34,4.40663066753546,0.8302347634483039,1,6920.867390174921,2023
2023-10-27,long,2023-10-27 16:05:00+05:30,1984.4914999999999,1983.5065,0.9849999999999,2023-10-27 16:15:00+05:30,1983.3541,initial_stop,-1.1547208121826993,2,0.4462439463503733,0.48763633273322393,1,6840.950694037006,2023
2023-10-27,long,2023-10-27 17:55:00+05:30,1984.9575,1981.6000000000001,3.3574999999998454,2023-10-27 18:20:00+05:30,1981.438,initial_stop,-1.048250186150422,5,3.216810920381988,0.7238856923528487,2,6769.240415652304,2023
2023-10-31,short,2023-10-31 14:30:00+05:30,1996.8079,1998.295,1.487100000000055,2023-10-31 15:15:00+05:30,1998.442,initial_stop,-1.0988501109541584,9,0.4539031698039935,0.3026021132025906,1,6694.856609834155,2023
2023-10-31,short,2023-10-31 15:35:00+05:30,1996.829,1998.53,1.7010000000000218,2023-10-31 15:45:00+05:30,1998.682,initial_stop,-1.089359200470336,2,1.3380695224999004,0.339912822248015,2,6621.92557339663,2023
2023-11-01,short,2023-11-01 15:00:00+05:30,1981.3652000000002,1983.8085,2.4432999999999083,2023-11-01 15:40:00+05:30,1983.9705000000001,initial_stop,-1.066303769492097,8,1.0934468235411718,0.7581555654508497,1,6551.31573139454,2023
2023-11-01,short,2023-11-01 19:10:00+05:30,1981.7100000000003,1986.1,4.389999999999645,2023-11-01 19:15:00+05:30,1986.263,initial_stop,-1.0371298405467024,1,1.0508320744840915,0.3449777007296007,2,6483.370080995817,2023
2023-11-02,short,2023-11-02 15:40:00+05:30,1986.4288000000001,1988.9435,2.514699999999948,2023-11-02 16:05:00+05:30,1989.116,initial_stop,-1.0685966516880359,5,2.8608554223489793,0.5637732701181937,1,6414.089005393752,2023
2023-11-02,short,2023-11-02 19:00:00+05:30,1985.7243,1990.6435000000001,4.919200000000046,2023-11-02 20:10:00+05:30,1984.2924,trail,0.29108391608392176,14,2.3679413558805713,0.7053505313828692,2,6432.759386851761,2023
2023-11-03,short,2023-11-03 15:05:00+05:30,1988.7640000000001,1990.3705,1.606499999999869,2023-11-03 16:30:00+05:30,1988.6601999999998,trail,0.0646125116715393,17,1.2048686081831559,0.3475889147556834,1,6436.915754261392,2023
2023-11-06,short,2023-11-06 14:40:00+05:30,1985.9213,1987.4035000000001,1.482200000000148,2023-11-06 15:35:00+05:30,1987.5535000000002,initial_stop,-1.101200917555037,11,0.22104703828807726,0.7599562905501129,1,6366.032378913221,2023
2023-11-06,short,2023-11-06 16:20:00+05:30,1986.0605,1988.4,2.3395000000000437,2023-11-06 18:50:00+05:30,1986.0322,trail,0.01209660183797571,30,1.6076776279200347,0.8532022582232389,2,6366.802452502974,2023
2023-11-08,long,2023-11-08 18:00:00+05:30,1963.4856000000002,1962.0585,1.4271000000001095,2023-11-08 18:50:00+05:30,1963.3249000000003,breakeven,-0.11260598416361418,10,0.5214494801930367,0.9468731074485162,1,6359.63305194158,2023
2023-11-09,long,2023-11-09 17:30:00+05:30,1948.9892000000002,1947.4450000000002,1.5442000000000462,2023-11-09 17:35:00+05:30,1947.2930000000001,initial_stop,-1.0984328454863612,1,0.8802990523116659,0.6066543886516066,1,6289.776753646646,2023
2023-11-09,long,2023-11-09 19:25:00+05:30,1949.6204,1944.88,4.740399999999909,2023-11-09 21:35:00+05:30,1961.1116,trail,2.4240992321323427,26,2.0345459972108375,0.6900799288786096,2,6442.247183634633,2023
2023-11-10,long,2023-11-10 15:20:00+05:30,1955.21,1953.58,1.6300000000001091,2023-11-10 15:30:00+05:30,1953.4283,initial_stop,-1.093067484662504,2,1.4959140639602688,0.3552795901903017,1,6371.829074388737,2023
2023-11-13,long,2023-11-13 15:05:00+05:30,1939.3767,1936.145,3.231700000000046,2023-11-13 18:20:00+05:30,1935.9919,initial_stop,-1.047374446885538,39,0.3728338911025824,1.6041799554518412,1,6305.092164864366,2023
2023-11-14,short,2023-11-14 15:05:00+05:30,1946.0849999999998,1947.9,1.815000000000282,2023-11-14 15:05:00+05:30,1948.0600000000002,initial_stop,-1.088154269972483,0,0.06603396080249373,1.157055242386662,1,6236.483035246694,2023
2023-11-14,short,2023-11-14 15:25:00+05:30,1946.387,1948.0149999999999,1.627999999999929,2023-11-14 15:40:00+05:30,1948.1605,initial_stop,-1.0893734643735196,3,0.884230812309,0.7935404725855684,2,6168.544443950561,2023
2023-11-15,short,2023-11-15 16:00:00+05:30,1973.0756000000001,1974.1655,1.0898999999999432,2023-11-15 16:45:00+05:30,1973.2147,breakeven,-0.12762638774188317,9,0.5318000580869032,0.4427326634419005,1,6160.671753500495,2023
2023-11-16,short,2023-11-16 19:15:00+05:30,1970.4495000000002,1973.0545000000002,2.605000000000018,2023-11-16 19:30:00+05:30,1973.2152,initial_stop,-1.0616890595009232,3,1.304221843339486,0.33349812203363677,1,6095.264575501817,2023
2023-11-17,short,2023-11-17 19:15:00+05:30,1985.0896,1991.1705000000002,6.080900000000156,2023-11-17 23:00:00+05:30,1980.7151,trail,0.7193836438685085,45,4.624120991957592,0.8026502966761717,1,6139.112911908488,2023
2023-11-20,long,2023-11-20 14:50:00+05:30,1979.399,1976.0625,3.3364999999998872,2023-11-20 16:10:00+05:30,1975.9095,initial_stop,-1.0458564363854415,16,0.062442525772968153,1.3038313557655337,1,6074.906604382323,2023
2023-11-21,long,2023-11-21 15:55:00+05:30,1988.6977,1985.43,3.267699999999877,2023-11-21 20:35:00+05:30,2003.309,trail,4.4714325060441835,56,2.8518714998464816,0.6084431050559584,1,6346.541953002499,2023
2023-11-23,long,2023-11-23 15:15:00+05:30,1994.8527000000001,1992.2649999999999,2.587700000000268,2023-11-23 18:00:00+05:30,1992.118,initial_stop,-1.0568072033079257,33,1.3786520936592133,0.9723125292122686,1,6279.471240482209,2023
2023-11-23,long,2023-11-23 20:30:00+05:30,1994.1090000000002,1992.5900000000001,1.5190000000000055,2023-11-23 21:00:00+05:30,1992.4459000000002,initial_stop,-1.0948650427912967,6,0.5051478883678934,0.29369063277198754,2,6210.719504998036,2023
2023-11-24,short,2023-11-24 15:55:00+05:30,1995.1565,1996.335,1.1784999999999854,2023-11-24 17:35:00+05:30,1996.481,initial_stop,-1.123886296139126,20,0.6892125514232655,0.5908436968743092,1,6140.918079589724,2023
2023-11-24,short,2023-11-24 18:15:00+05:30,1995.2220000000002,1996.67,1.4479999999998654,2023-11-24 18:55:00+05:30,1996.8307,initial_stop,-1.110980662983371,8,1.0953620309308605,0.5200329097499489,2,6072.693667195832,2023
2023-11-27,short,2023-11-27 15:30:00+05:30,2013.3263,2015.14,1.8137000000001535,2023-11-27 19:00:00+05:30,2015.3038000000001,initial_stop,-1.0903126206098162,42,0.3772827539526105,0.942428447286889,1,6006.482321731422,2023
2023-11-27,short,2023-11-27 19:10:00+05:30,2013.3173000000002,2016.415,3.0976999999998043,2023-11-27 19:20:00+05:30,2013.4810000000002,breakeven,-0.05284565968301414,2,1.7222240721397357,0.7611009925102468,2,6003.308156524759,2023
2023-11-28,long,2023-11-28 16:30:00+05:30,2014.8560000000002,2013.4885,1.367500000000291,2023-11-28 18:30:00+05:30,2013.3228,initial_stop,-1.121170018281521,24,0.802898447908483,0.6990160298631031,1,5936.000865368755,2023
2023-11-28,long,2023-11-28 19:00:00+05:30,2016.6882,2011.6715,5.016700000000128,2023-11-28 20:10:00+05:30,2023.4539,trail,1.348635557238773,14,0.04402735997758207,2.1252006661199188,2,6016.055883717119,2023
2023-11-29,long,2023-11-29 18:20:00+05:30,2041.9918000000002,2039.7150000000001,2.276800000000094,2023-11-29 19:00:00+05:30,2039.5600000000002,initial_stop,-1.0680780042164293,8,5.985761567013286,0.7008201644018055,1,5951.799714101769,2023
2023-11-29,long,2023-11-29 20:10:00+05:30,2044.774,2038.6365,6.137499999999818,2023-11-30 15:35:00+05:30,2038.4885000000002,initial_stop,-1.024114052953143,221,2.370092353104374,2.031255181787465,2,5890.846496826028,2023
2023-11-30,long,2023-11-30 15:55:00+05:30,2038.0610000000001,2036.8015,1.2595000000001164,2023-11-30 16:30:00+05:30,2038.2105000000001,trail,0.11869789599045277,7,0.5226840541711454,0.42714426394134547,1,5897.838807673787,2023
2023-12-01,short,2023-12-01 16:10:00+05:30,2043.7975,2046.245,2.447499999999991,2023-12-01 18:00:00+05:30,2038.7287,trail,2.071011235955068,22,5.078249089813062,0.3009801453961555,1,6019.98371205923,2023
2023-12-04,long,2023-12-04 15:45:00+05:30,2067.3377,2064.1515,3.186200000000099,2023-12-04 17:35:00+05:30,2068.5482,trail,0.3799196535057751,22,0.09355675009465585,1.07004332243562,1,6042.85481331919,2023
2023-12-05,long,2023-12-05 14:50:00+05:30,2031.4967000000001,2028.585,2.91170000000011,2023-12-05 15:30:00+05:30,2028.4482,initial_stop,-1.0469828622454198,8,0.8759321556874318,0.545196710471981,1,5979.587159033365,2023
2023-12-06,long,2023-12-06 15:40:00+05:30,2023.0939999999998,2020.24,2.8539999999998145,2023-12-06 18:45:00+05:30,2025.1105000000002,trail,0.706552207428359,37,0.009469963050069847,0.7923202418626384,1,6021.836064100618,2023
2023-12-07,short,2023-12-07 15:00:00+05:30,2031.0884999999998,2034.43,3.3415000000002237,2023-12-07 15:20:00+05:30,2034.586,initial_stop,-1.0466856202304171,4,0.09333879686872738,1.3266837173069206,1,5958.806371943828,2023
2023-12-07,short,2023-12-07 16:55:00+05:30,2032.1509999999998,2034.54,2.3890000000001237,2023-12-07 17:10:00+05:30,2032.3201,breakeven,-0.0707827542905243,3,2.39754629811847,0.4966949032767851,2,5954.588564670927,2023
2023-12-08,long,2023-12-08 14:30:00+05:30,2028.4007,2026.5835,1.817199999999957,2023-12-08 15:55:00+05:30,2028.2352999999998,breakeven,-0.09101915034123624,17,0.43536966461041865,0.9167176209048813,1,5949.168748753047,2023
2023-12-12,long,2023-12-12 16:40:00+05:30,1986.92,1985.94,0.9800000000000182,2023-12-12 17:20:00+05:30,1986.7572,breakeven,-0.16612244897965112,8,0.5206458730209647,0.3852997760513373,1,5939.285843933687,2023
2023-12-13,short,2023-12-13 19:15:00+05:30,1983.2393000000002,1986.8365000000001,3.59719999999993,2023-12-13 21:10:00+05:30,1981.1461,trail,0.5818970310242112,23,1.987012693171511,0.4020672145435754,1,5973.846371923578,2023
2023-12-14,long,2023-12-14 19:00:00+05:30,2033.7217000000003,2031.1200000000001,2.6017000000001644,2023-12-14 19:00:00+05:30,2030.9483,initial_stop,-1.0659953107583848,0,0.5033111167484217,0.7472471794678032,1,5910.165449726963,2023
2023-12-14,long,2023-12-14 19:15:00+05:30,2033.8500000000001,2027.6,6.250000000000227,2023-12-14 19:50:00+05:30,2035.2193000000002,trail,0.21908800000000267,7,1.9075559107388986,0.6709100602023751,2,5923.113913007461,2023
2023-12-15,short,2023-12-15 19:05:00+05:30,2035.8183000000001,2044.207,8.388699999999972,2023-12-15 19:35:00+05:30,2033.5800000000002,trail,0.26682322648324397,6,4.60169043467211,0.8207702298302898,1,5938.918156658425,2023
2023-12-18,short,2023-12-18 14:50:00+05:30,2025.0711000000001,2027.38,2.308899999999994,2023-12-18 16:40:00+05:30,2020.3665,trail,2.0375936593183073,22,0.11002750659526077,1.6178862192455237,1,6059.929176450601,2023
2023-12-19,short,2023-12-19 14:35:00+05:30,2026.8186,2027.755,0.9364000000000487,2023-12-19 15:05:00+05:30,2026.9794,breakeven,-0.1717214865440759,6,0.2054832791486268,0.333216128348926,1,6049.522975985282,2023
2023-12-21,short,2023-12-21 18:15:00+05:30,2037.643,2039.4275,1.78449999999998,2023-12-21 19:00:00+05:30,2037.8147,breakeven,-0.09621742785086877,9,0.4045396889247374,1.2012098738623662,1,6043.702280580542,2023
2023-12-26,long,2023-12-26 19:45:00+05:30,2060.4217000000003,2058.4049999999997,2.016700000000583,2023-12-26 20:05:00+05:30,2058.2322999999997,initial_stop,-1.0856349481826881,4,1.282815167379868,0.48642062108719675,1,5978.089736458445,2023
2023-12-27,short,2023-12-27 15:00:00+05:30,2068.4437999999996,2069.365,0.9212000000002263,2023-12-27 16:30:00+05:30,2065.2009999999996,trail,3.520191055144585,18,0.5503484285994432,0.3865323411578447,1,6188.529916629772,2023
2024-01-02,short,2024-01-02 15:30:00+05:30,2076.9576,2078.9849999999997,2.0273999999994885,2024-01-02 16:15:00+05:30,2076.3720000000003,trail,0.28884285291508016,9,0.6433302628973756,0.8099760538886395,1,6206.405042994468,2024
2024-01-04,short,2024-01-04 15:15:00+05:30,2049.7556,2051.0299999999997,1.2743999999997868,2024-01-04 15:50:00+05:30,2049.3329000000003,trail,0.3316854990581396,7,0.008235290020321773,0.914117192235494,1,6226.990788534894,2024
2024-01-05,long,2024-01-05 15:45:00+05:30,2038.5987000000002,2037.45,1.14870000000019,2024-01-05 15:50:00+05:30,2037.2748000000001,initial_stop,-1.152520240271503,1,0.6665166848820362,0.28088917434350263,1,6155.223459337187,2024
2024-01-05,long,2024-01-05 16:15:00+05:30,2038.5980000000002,2037.4050000000002,1.1929999999999836,2024-01-05 16:45:00+05:30,2038.4335,breakeven,-0.13788767812245717,6,0.1905876684769485,0.3307256600047538,2,6146.736164625858,2024
2024-01-08,long,2024-01-08 14:40:00+05:30,2029.6867,2027.31,2.376700000000028,2024-01-08 14:45:00+05:30,2027.145,initial_stop,-1.0694239912483534,1,0.875747432397164,0.6187713518478675,1,6081.00149340261,2024
2024-01-08,long,2024-01-08 15:10:00+05:30,2029.171,2026.5950000000003,2.5759999999997945,2024-01-08 15:25:00+05:30,2029.0089,breakeven,-0.06292701863354906,3,0.12383145792622481,0.272569526369643,2,6077.1749004597505,2024
2024-01-09,short,2024-01-09 15:50:00+05:30,2037.033,2037.64,0.6070000000001983,2024-01-09 15:50:00+05:30,2037.7920000000001,initial_stop,-1.2504118616144877,0,0.11669260657755604,0.2625583648005908,1,6001.185184653344,2024
2024-01-09,short,2024-01-09 16:20:00+05:30,2036.7269000000001,2038.595,1.868099999999913,2024-01-09 16:55:00+05:30,2035.8917,trail,0.44708527380774715,7,0.9508209664359158,0.5383643828226726,2,6028.015599867861,2024
2024-01-10,short,2024-01-10 20:20:00+05:30,2027.1709999999998,2033.625,6.454000000000178,2024-01-11 01:00:00+05:30,2023.216,trail,0.6127982646420542,56,6.713716850921877,0.9784267567298089,1,6064.9551748562035,2024
2024-01-11,long,2024-01-11 19:05:00+05:30,2032.7251999999999,2025.145,7.580199999999877,2024-01-11 19:35:00+05:30,2024.9823,initial_stop,-1.0214638136197052,6,1.7827317342593183,0.8827484327646589,1,6003.003852432792,2024
2024-01-11,long,2024-01-11 20:05:00+05:30,2031.6955,2026.4050000000002,5.290499999999838,2024-01-11 20:40:00+05:30,2026.2373000000002,initial_stop,-1.0316983271902416,7,0.6924636913761217,0.4422882028767677,2,5941.070962106077,2024
2024-01-15,long,2024-01-15 18:05:00+05:30,2051.9214,2051.4285,0.49290000000019063,2024-01-15 18:15:00+05:30,2051.7764,breakeven,-0.29417731791423357,2,0.04331964630935093,0.39881579141872636,1,5923.593678894372,2024
2024-01-17,short,2024-01-17 15:35:00+05:30,2022.9903000000002,2024.495,1.5046999999997297,2024-01-17 15:50:00+05:30,2024.6531,initial_stop,-1.1050707782283062,3,0.7684716691343323,0.3346371006992653,1,5858.133776127931,2024
2024-01-17,short,2024-01-17 19:05:00+05:30,2021.594,2027.3600000000001,5.766000000000076,2024-01-17 21:10:00+05:30,2012.2967,trail,1.6124349635795745,25,2.976406043842579,0.9694966231896339,2,5952.592373347482,2024
2024-01-18,short,2024-01-18 18:05:00+05:30,2014.6234,2017.305,2.681600000000117,2024-01-18 19:40:00+05:30,2011.8846999999998,trail,1.021293257756559,19,0.8358589885178686,1.2734311690065037,1,6013.385797918211,2024
2024-01-19,short,2024-01-19 20:40:00+05:30,2026.1662999999999,2032.4650000000001,6.298700000000281,2024-01-22 04:30:00+05:30,2029.0475000000001,eod_data,-0.45742772318099517,82,6.032766466807669,0.4384779220464987,1,5985.878904176705,2024
2024-01-22,short,2024-01-22 18:40:00+05:30,2027.3403000000003,2030.1865,2.846199999999726,2024-01-22 20:20:00+05:30,2023.4415,trail,1.3698264352472656,20,0.5932019250266058,0.2607943905376877,1,6067.875055788007,2024
2024-01-23,long,2024-01-23 16:35:00+05:30,2024.8291,2023.6565,1.1725999999998749,2024-01-23 16:50:00+05:30,2024.6667,breakeven,-0.13849565069073128,3,0.2582247251905345,0.635153097637565,1,6059.471312746393,2024
2024-01-24,short,2024-01-24 15:30:00+05:30,2030.7165000000002,2034.225,3.5084999999996853,2024-01-24 17:20:00+05:30,2034.3897,initial_stop,-1.0469431380932175,22,1.9615458445757625,0.6473491256452575,1,5996.032093632867,2024
2024-01-24,short,2024-01-24 20:10:00+05:30,2027.4113,2034.46,7.0487000000000535,2024-01-24 22:25:00+05:30,2015.2687,trail,1.7226722658078526,27,2.444155340987387,1.9852724212368738,2,6099.324075558819,2024
2024-01-25,long,2024-01-25 15:00:00+05:30,2014.722,2012.875,1.84699999999998,2024-01-25 15:55:00+05:30,2017.4758,trail,1.4909583107742206,11,0.45217990720643997,0.964179447970374,1,6190.262454764415,2024
2024-01-26,long,2024-01-26 15:10:00+05:30,2020.7534,2018.435,2.3184000000001106,2024-01-26 16:40:00+05:30,2022.6499999999999,trail,0.818064182194495,18,0.07505603708714123,0.715919122981808,1,6240.902774690677,2024
2024-01-29,short,2024-01-29 19:05:00+05:30,2031.9080000000001,2032.9585000000002,1.0505000000000564,2024-01-29 19:05:00+05:30,2033.1255,initial_stop,-1.1589719181341336,0,0.16435756053335968,0.6537264097824309,1,6168.572464093958,2024
2024-01-29,short,2024-01-29 20:05:00+05:30,2029.163,2036.3200000000002,7.157000000000153,2024-01-29 21:10:00+05:30,2024.22,trail,0.6906525080340755,13,3.242652902383438,2.3135029790744697,2,6211.175864527122,2024
2024-01-30,short,2024-01-30 20:40:00+05:30,2038.0923,2048.45,10.357699999999795,2024-01-31 20:05:00+05:30,2048.614,initial_stop,-1.0158336310184903,269,4.305369174763052,0.39389161785335586,1,6148.080651213552,2024
2024-01-31,short,2024-01-31 16:25:00+05:30,2036.6510999999998,2038.31,1.6589000000001306,2024-01-31 16:35:00+05:30,2038.4906999999998,initial_stop,-1.1089276026281716,2,0.6246551155219952,0.4551058698807032,1,6079.902887840403,2024
2024-01-31,short,2024-01-31 18:35:00+05:30,2036.7048,2039.65,2.9452000000001135,2024-01-31 18:45:00+05:30,2039.813,initial_stop,-1.0553442890126323,2,2.9565744330748824,0.37136005479955203,2,6015.738979936065,2024
2024-02-01,long,2024-02-01 15:25:00+05:30,2041.0992,2040.3700000000001,0.7291999999999916,2024-02-01 15:30:00+05:30,2040.2140000000002,initial_stop,-1.2139330773449684,1,0.2503230797511777,0.28297391624090146,1,5942.711934611887,2024
2024-02-01,long,2024-02-01 19:15:00+05:30,2041.5087,2030.9050000000002,10.60369999999989,2024-02-01 22:25:00+05:30,2059.3323,trail,1.6808849741128218,38,5.460654111365321,0.3674222023889268,2,6042.602086575587,2024
2024-02-02,long,2024-02-02 15:30:00+05:30,2053.23,2052.7400000000002,0.4899999999997817,2024-02-02 15:35:00+05:30,2053.069,breakeven,-0.32857142857169375,1,0.1367072322328001,0.25062992575866566,1,6022.747822576823,2024
2024-02-05,long,2024-02-05 17:25:00+05:30,2028.2696,2025.63,2.639599999999973,2024-02-05 17:45:00+05:30,2025.4866000000002,initial_stop,-1.0543264130928665,4,8.017437061909881,0.2588614616224395,1,5959.24840148942,2024
2024-02-06,long,2024-02-06 14:35:00+05:30,2024.3201000000001,2022.975,1.3451000000002296,2024-02-06 15:55:00+05:30,2024.1704000000002,breakeven,-0.11129284068092583,16,0.9479299064779577,0.37962389580040723,1,5952.61618466017,2024
2024-02-07,short,2024-02-07 17:10:00+05:30,2035.0140000000001,2035.8385,0.8244999999999436,2024-02-07 18:10:00+05:30,2033.1702,trail,2.236264402668559,12,0.5634502866244282,0.39589982498017906,1,6085.732421425213,2024
2024-02-08,long,2024-02-08 14:50:00+05:30,2031.5447000000001,2030.68,0.8647000000000844,2024-02-08 14:50:00+05:30,2030.5353,initial_stop,-1.167341274430488,0,0.275456239394357,0.43036133547211264,1,6014.691155018519,2024
2024-02-08,long,2024-02-08 15:10:00+05:30,2031.7341,2029.8600000000001,1.8740999999997712,2024-02-08 16:20:00+05:30,2035.9544,trail,2.2519075823065444,14,1.384958760005103,0.6076209699901542,2,6150.136441190702,2024
2024-02-09,long,2024-02-09 19:05:00+05:30,2032.6437,2025.63,7.013699999999972,2024-02-09 19:30:00+05:30,2025.4342000000001,initial_stop,-1.0279167914224965,5,3.007963053677791,1.1129070258910307,1,6086.918156016309,2024
2024-02-12,long,2024-02-12 14:45:00+05:30,2023.7513,2022.665,1.0862999999999374,2024-02-12 14:45:00+05:30,2022.5022,initial_stop,-1.149866519377769,0,0.3150049585760472,0.8971078716123078,1,6016.92672207835,2024
2024-02-12,long,2024-02-12 14:50:00+05:30,2023.4361,2022.285,1.1510999999998148,2024-02-12 15:05:00+05:30,2022.1159,initial_stop,-1.1469029623838924,3,0.7719256687803732,0.4482149044535217,2,5947.918411258366,2024
2024-02-13,short,2024-02-13 15:55:00+05:30,2026.1718,2027.1435000000001,0.9717000000000553,2024-02-13 16:05:00+05:30,2027.2876,initial_stop,-1.1482967994236617,2,0.48198875546519765,0.8514860978131733,1,5879.618654509555,2024
2024-02-13,short,2024-02-13 16:30:00+05:30,2026.4821000000002,2028.1185,1.6363999999998668,2024-02-13 16:50:00+05:30,2028.2762,initial_stop,-1.096370080664868,4,2.079467025610045,0.3228581967794036,2,5815.156274724322,2024
2024-02-14,long,2024-02-14 15:00:00+05:30,1990.2327,1988.4415,1.7912000000001171,2024-02-14 16:55:00+05:30,1991.755,trail,0.8498771773112924,23,0.37316532966390226,0.4399575676589037,1,5864.57796072819,2024
2024-02-15,short,2024-02-15 14:45:00+05:30,1994.2533000000003,1995.31,1.056699999999637,2024-02-15 15:05:00+05:30,1995.4677,initial_stop,-1.1492381943787557,4,0.5331263796902259,0.8078141370067107,1,5797.179990864383,2024
2024-02-16,short,2024-02-16 15:05:00+05:30,2005.5023,2006.49,0.9876999999999043,2024-02-16 16:10:00+05:30,2006.6521,initial_stop,-1.164118659512023,13,0.5626257271183691,0.5777389945121796,1,5729.693936865234,2024
2024-02-16,short,2024-02-16 18:45:00+05:30,2005.612,2007.595,1.9829999999999472,2024-02-16 20:10:00+05:30,1999.6200000000001,trail,3.021684316691942,17,3.3221422299926004,0.48899035904769567,2,5902.827199949939,2024
2024-02-19,long,2024-02-19 17:00:00+05:30,2019.5947,2018.395,1.1997000000001208,2024-02-19 17:05:00+05:30,2018.2349,initial_stop,-1.133450029173994,1,0.006033437402054149,0.66367811417657,1,5835.921603330016,2024
2024-02-21,long,2024-02-21 15:15:00+05:30,2028.4844000000003,2027.0500000000002,1.434400000000096,2024-02-21 16:40:00+05:30,2028.8252000000002,trail,0.23759063022861257,17,0.22181176556144477,0.6661013980822494,1,5849.787206247016,2024
2024-02-22,short,2024-02-22 14:50:00+05:30,2031.5833,2033.33,1.7466999999999189,2024-02-22 15:20:00+05:30,2031.0154,trail,0.32512738306522876,6,0.16112789922137324,0.2516380154501857,1,5868.806466305571,2024
2024-02-23,short,2024-02-23 18:55:00+05:30,2026.365,2029.27,2.9049999999999727,2024-02-23 21:25:00+05:30,2029.4533999999999,initial_stop,-1.0631325301204455,30,1.9461736292484666,0.3523245363295345,1,5806.413275632464,2024
2024-02-27,short,2024-02-27 15:05:00+05:30,2035.6183999999998,2037.8135,2.1951000000001386,2024-02-27 17:10:00+05:30,2037.9736,initial_stop,-1.0729351737962036,25,3.2004929344965953,0.6768474619303289,1,5744.114225262231,2024
2024-02-27,short,2024-02-27 19:15:00+05:30,2035.7293000000002,2038.5500000000002,2.820699999999988,2024-02-27 21:55:00+05:30,2034.3134,trail,0.501967596695926,32,2.425375030562197,0.42832230120287196,2,5772.947817390249,2024
2024-02-28,long,2024-02-28 14:40:00+05:30,2026.2037,2025.6100000000001,0.5936999999998989,2024-02-28 14:50:00+05:30,2025.4550000000002,initial_stop,-1.2610746168098352,2,0.34724838688379656,0.2952694183691854,1,5700.146637823463,2024
2024-02-28,long,2024-02-28 15:15:00+05:30,2026.3307,2025.06,1.2707000000000335,2024-02-28 15:25:00+05:30,2024.9123,initial_stop,-1.1162351459825153,2,1.1883118633779608,0.4802854400370658,2,5636.519597679537,2024
2024-02-29,long,2024-02-29 15:25:00+05:30,2035.0785,2034.075,1.003500000000031,2024-02-29 15:40:00+05:30,2033.9172,initial_stop,-1.1572496263078695,3,0.44166905574939946,0.6300875061383414,1,5571.2909956986205,2024
2024-02-29,long,2024-02-29 19:05:00+05:30,2038.0714,2030.6150000000002,7.456399999999803,2024-02-29 20:05:00+05:30,2047.0921,trail,1.209792929563901,12,4.45500732309937,2.4413326843686023,2,5638.692080250013,2024
2024-03-01,long,2024-03-01 14:40:00+05:30,2043.2561999999998,2039.0900000000001,4.166199999999662,2024-03-01 16:50:00+05:30,2054.1343,trail,2.6110364360811387,26,3.0210592050372607,0.5478723055827509,1,5785.920384983762,2024
2024-03-05,short,2024-03-05 17:50:00+05:30,2122.374,2125.3450000000003,2.9710000000004584,2024-03-05 18:30:00+05:30,2125.51,initial_stop,-1.0555368562773269,8,3.342629828363572,0.45501563159981934,1,5724.847862845396,2024
2024-03-06,short,2024-03-06 15:30:00+05:30,2128.5111,2129.905,1.3939000000000306,2024-03-06 16:35:00+05:30,2127.0533000000005,trail,1.0458425998993093,13,0.17473427840584868,0.941648957255582,1,5784.720760574458,2024
2024-03-07,short,2024-03-07 15:45:00+05:30,2157.7210000000005,2159.0,1.2789999999995416,2024-03-07 16:15:00+05:30,2157.8800000000006,breakeven,-0.12431587177495113,6,0.05437563750441874,0.6991765042813801,1,5777.529434531203,2024
2024-03-08,short,2024-03-08 18:40:00+05:30,2165.44,2167.58,2.1399999999998727,2024-03-08 18:55:00+05:30,2167.874,initial_stop,-1.1373831775700405,3,0.5753243782614601,0.5356299364920958,1,5711.816786663688,2024
2024-03-08,short,2024-03-08 19:00:00+05:30,2164.6333000000004,2167.7355,3.102199999999357,2024-03-08 19:00:00+05:30,2167.9471999999996,initial_stop,-1.0682418928501969,0,1.1708060330439551,0.9656932336954961,2,5650.800766905696,2024
2024-03-11,short,2024-03-11 15:30:00+05:30,2180.4122999999995,2181.605,1.1927000000005137,2024-03-11 15:45:00+05:30,2180.5702999999994,breakeven,-0.1324725412927255,3,0.15225771360054743,0.6108741681238543,1,5643.3150075263875,2024
2024-03-12,short,2024-03-12 14:45:00+05:30,2177.301,2179.1099999999997,1.8089999999997417,2024-03-12 17:40:00+05:30,2173.071,trail,2.3383084577117867,35,0.14388296043061755,1.3831329744641354,1,5775.273119642696,2024
2024-03-14,short,2024-03-14 15:25:00+05:30,2169.905,2172.0950000000003,2.1900000000000546,2024-03-14 17:40:00+05:30,2169.3397000000004,trail,0.25812785388115883,27,1.016856415216574,1.0619134970602866,1,5790.180708202205,2024
2024-03-15,short,2024-03-15 15:30:00+05:30,2171.7634999999996,2172.785,1.0215000000002874,2024-03-15 17:10:00+05:30,2167.873,trail,3.8086147821815226,20,0.2813304970555789,0.3854542145409536,1,6010.706386569817,2024
2024-03-19,long,2024-03-19 18:05:00+05:30,2153.7140000000004,2150.84,2.874000000000251,2024-03-19 18:40:00+05:30,2155.98,trail,0.7884481558801056,7,0.5687748491871635,1.2771890326058504,1,6058.0976902300945,2024
2024-03-20,long,2024-03-20 14:40:00+05:30,2155.7219999999998,2154.9300000000003,0.7919999999994616,2024-03-20 14:40:00+05:30,2154.773,initial_stop,-1.1982323232326508,0,0.46427792340346474,0.27276328000160727,1,5985.507605532747,2024
2024-03-20,long,2024-03-20 15:00:00+05:30,2155.8296,2154.495,1.3346000000001368,2024-03-20 15:20:00+05:30,2154.3379999999997,initial_stop,-1.1176382436686174,4,0.9633958174238871,0.3732437687877821,2,5918.61128345562,2024
2024-03-21,long,2024-03-21 14:30:00+05:30,2201.8149999999996,2196.905,4.9099999999994,2024-03-21 16:10:00+05:30,2208.6275000000005,trail,1.3874745417518823,20,0.014159801468696475,0.6812734668914154,1,6000.730508238821,2024
2024-03-25,short,2024-03-25 17:45:00+05:30,2173.7932,2174.3900000000003,0.5968000000002576,2024-03-25 17:45:00+05:30,2174.5518,initial_stop,-1.271112600535837,0,0.02316289425958332,0.27318589993533493,1,5924.454466624399,2024
2024-03-25,short,2024-03-25 17:55:00+05:30,2173.6560000000004,2175.8,2.143999999999778,2024-03-25 17:55:00+05:30,2175.971,initial_stop,-1.0797574626864923,0,0.9467136655218693,0.34682238854563907,2,5860.484727397559,2024
2024-03-26,short,2024-03-26 21:10:00+05:30,2173.161,2178.95,5.78899999999976,2024-03-26 23:00:00+05:30,2179.1274,initial_stop,-1.0306443254448163,22,9.013113599326566,1.3499187806556767,1,5800.083974111076,2024
2024-03-27,short,2024-03-27 15:00:00+05:30,2179.824,2181.76,1.9360000000001492,2024-03-27 15:05:00+05:30,2181.9114,initial_stop,-1.0782024793387024,1,0.006150895837932098,1.2819190560499598,1,5737.547324898484,2024
2024-04-01,long,2024-04-01 18:55:00+05:30,2257.3705,2252.565,4.805499999999938,2024-04-01 19:00:00+05:30,2252.3913000000002,initial_stop,-1.0361460826136362,1,0.4286594823699781,0.7029559490151409,1,5678.097953053444,2024
2024-04-02,short,2024-04-02 15:45:00+05:30,2256.1710000000003,2261.83,5.658999999999651,2024-04-02 16:10:00+05:30,2261.9955,initial_stop,-1.0292454497261134,5,4.6851160981447535,0.9318949926700252,1,5619.65638824065,2024
2024-04-02,short,2024-04-02 16:50:00+05:30,2257.2513,2263.855,6.603700000000117,2024-04-02 19:05:00+05:30,2264.0307000000003,initial_stop,-1.0266062964701956,27,3.4422171103318897,0.3343882759737474,2,5561.964641918982,2024
2024-04-03,long,2024-04-03 19:35:00+05:30,2278.3697,2273.0635,5.30619999999999,2024-04-03 21:10:00+05:30,2282.4063,trail,0.7607327277524246,19,1.6567396812639361,0.4018271411730109,1,5604.276327256078,2024
2024-04-04,long,2024-04-04 15:25:00+05:30,2294.152,2291.035,3.117000000000189,2024-04-04 17:20:00+05:30,2290.866,initial_stop,-1.0542188001282833,23,1.6473634963804331,0.3573825766941534,1,5545.194992603006,2024
2024-04-04,long,2024-04-04 19:50:00+05:30,2294.6548000000003,2284.8035,9.851300000000265,2024-04-05 00:30:00+05:30,2298.1053,trail,0.35025834153866264,56,3.8472785516794463,0.3659610824193806,2,5564.617500619182,2024
2024-04-05,short,2024-04-05 14:45:00+05:30,2286.8987,2288.92,2.021299999999883,2024-04-05 14:50:00+05:30,2289.0898,initial_stop,-1.084005343096093,1,0.45504646688553385,0.45184884306486434,1,5504.296749589609,2024
2024-04-05,short,2024-04-05 18:05:00+05:30,2285.8981,2296.2799999999997,10.38189999999986,2024-04-05 18:45:00+05:30,2296.4701,initial_stop,-1.0183107138385323,8,2.8493437539885633,0.6484535483582774,2,5448.245906067072,2024
2024-04-08,long,2024-04-08 18:00:00+05:30,2327.0217000000002,2322.7385,4.283200000000306,2024-04-08 18:40:00+05:30,2326.8167000000003,breakeven,-0.04786141202836958,8,0.5564447620083313,0.7467274258071832,1,5445.63829864565,2024
2024-04-09,short,2024-04-09 18:00:00+05:30,2347.7073,2357.4335,9.726200000000063,2024-04-09 19:05:00+05:30,2357.6346000000003,initial_stop,-1.0206761119450785,13,5.826105876343978,0.4014810188412621,1,5390.055969388442,2024
2024-04-09,short,2024-04-09 20:15:00+05:30,2346.1058000000003,2364.3500000000004,18.24420000000009,2024-04-10 19:10:00+05:30,2330.7192,trail,0.8433693995900173,263,3.78816362112977,0.67314378837902,2,5435.5140520550385,2024
2024-04-12,short,2024-04-12 19:20:00+05:30,2402.6542999999997,2404.91,2.255700000000161,2024-04-12 19:20:00+05:30,2405.0857,initial_stop,-1.0778915635945476,0,0.004743515809713664,0.5590572204328633,1,5376.925104649941,2024
2024-04-12,short,2024-04-12 19:35:00+05:30,2402.605,2408.6,5.994999999999891,2024-04-12 19:40:00+05:30,2408.7597,initial_stop,-1.0266388657214611,1,0.939175670409285,0.5334872452816575,2,5321.72350174487,2024
2024-04-15,long,2024-04-15 14:50:00+05:30,2350.3778,2347.9165000000003,2.4612999999999374,2024-04-15 14:55:00+05:30,2347.7104000000004,initial_stop,-1.083736236947907,1,0.1176587917443383,0.7745377748025096,1,5264.050055726288,2024
2024-04-15,long,2024-04-15 15:10:00+05:30,2349.6004,2346.395,3.205399999999827,2024-04-15 16:55:00+05:30,2356.3895,trail,2.118019591938848,21,0.7573698148091241,0.49520334045253445,2,5375.543667236038,2024
2024-04-17,short,2024-04-17 15:45:00+05:30,2388.5074,2393.9,5.3926000000001295,2024-04-17 18:30:00+05:30,2384.2462,trail,0.7901939695137438,33,2.5488865770499047,0.3318875996700487,1,5418.020889123116,2024
2024-04-18,short,2024-04-18 17:05:00+05:30,2383.034,2385.3900000000003,2.356000000000222,2024-04-18 17:30:00+05:30,2385.5830000000005,initial_stop,-1.0819185059423568,5,0.44770483386912224,0.8046982308101694,1,5359.40231846787,2024
2024-04-18,short,2024-04-18 17:35:00+05:30,2383.7556,2385.4350000000004,1.6794000000004417,2024-04-18 17:35:00+05:30,2385.6194000000005,initial_stop,-1.10980111944745,0,0.44693219430571673,0.3779611766657288,2,5299.923611541821,2024
2024-04-22,long,2024-04-22 16:50:00+05:30,2347.1994000000004,2341.6415,5.557900000000245,2024-04-22 16:55:00+05:30,2341.4618,initial_stop,-1.0323323557458988,1,1.7186559380147977,0.3881531604047295,1,5245.210785270058,2024
2024-04-22,long,2024-04-22 17:10:00+05:30,2347.3647,2339.48,7.884700000000066,2024-04-22 17:30:00+05:30,2339.3006,initial_stop,-1.022752926553957,4,2.2621952256138362,0.3986924664238476,2,5191.565238459785,2024
2024-04-23,short,2024-04-23 20:35:00+05:30,2315.6186,2321.8050000000003,6.1864000000005035,2024-04-23 20:45:00+05:30,2322.0077,initial_stop,-1.0327654209232844,2,3.458849492837487,0.34260115822946907,1,5137.948547872299,2024
2024-04-24,long,2024-04-24 18:20:00+05:30,2319.9286,2314.1255,5.803100000000086,2024-04-24 18:45:00+05:30,2319.7317000000003,breakeven,-0.03393014078680554,5,0.19887513076430768,0.2553603750054783,1,5136.205234696452,2024
2024-04-25,short,2024-04-25 14:45:00+05:30,2326.0364,2327.685,1.6485999999999876,2024-04-25 15:00:00+05:30,2326.2481,breakeven,-0.1284119859273557,3,0.5198876568022359,0.5748685816579221,1,5129.609731553273,2024
2024-04-26,short,2024-04-26 17:10:00+05:30,2345.5995000000003,2348.5865000000003,2.98700000000008,2024-04-26 18:00:00+05:30,2345.8245,breakeven,-0.07532641446263912,10,4.7474513237383835,0.3278472231723965,1,5125.745780466567,2024
2024-04-29,short,2024-04-29 14:45:00+05:30,2338.1888,2339.4535,1.2647000000001754,2024-04-29 15:10:00+05:30,2339.6533,initial_stop,-1.1579821301493165,5,0.0068779608616391825,0.643238861447646,1,5066.390560291882,2024
2024-04-29,short,2024-04-29 17:15:00+05:30,2338.2396,2343.0485,4.808899999999994,2024-04-29 18:30:00+05:30,2333.5815000000002,trail,0.9686414772608403,15,3.4952297890814266,0.697236760632954,2,5115.465720658897,2024
2024-04-30,long,2024-04-30 15:10:00+05:30,2317.1585,2313.9285,3.230000000000018,2024-04-30 16:35:00+05:30,2313.7461,initial_stop,-1.0564705882353382,17,3.321842602524825,0.37279668379607384,1,5061.422329868875,2024
2024-05-01,short,2024-05-01 15:35:00+05:30,2290.2774,2293.2,2.922599999999875,2024-05-01 16:20:00+05:30,2293.3961,initial_stop,-1.0670977896394045,9,0.013484979243702185,1.0896521032974487,1,5007.4120040625285,2024
2024-05-03,short,2024-05-03 18:15:00+05:30,2302.8934,2320.735,17.8416000000002,2024-05-03 19:30:00+05:30,2293.7177,trail,0.5142868352613934,15,1.6542095834073631,2.4234100911775593,1,5033.164464786721,2024
2024-05-06,short,2024-05-06 17:40:00+05:30,2315.8743,2319.495,3.6206999999999425,2024-05-06 18:05:00+05:30,2319.6648,initial_stop,-1.0468970088657237,5,3.7637473915239408,0.45037406103001126,1,4980.472416553576,2024
2024-05-07,long,2024-05-07 18:35:00+05:30,2320.1339000000003,2314.205,5.92890000000034,2024-05-07 20:25:00+05:30,2313.9989,initial_stop,-1.0347619288569325,22,1.1378291937842915,1.5769829461047467,1,4928.936384109859,2024
2024-05-07,long,2024-05-07 20:40:00+05:30,2318.3931000000002,2312.5365,5.856600000000071,2024-05-07 22:25:00+05:30,2312.3311000000003,initial_stop,-1.0350715432161706,21,0.17503341749528226,0.6009480667334663,2,4877.91836621471,2024
2024-05-08,long,2024-05-08 15:15:00+05:30,2311.4827,2308.2315,3.2512000000001535,2024-05-08 16:25:00+05:30,2315.2115,trail,1.1468996062991168,14,0.01938285456051662,0.7365484733060954,1,4933.863192752418,2024
2024-05-09,long,2024-05-09 16:25:00+05:30,2312.5079,2309.61,2.897899999999936,2024-05-09 17:45:00+05:30,2314.634,trail,0.733669208737361,16,0.4674239089181052,0.6671037927756969,1,4970.061427798869,2024
2024-05-13,long,2024-05-13 17:20:00+05:30,2344.5707,2339.84,4.73070000000007,2024-05-13 18:00:00+05:30,2344.8145999999997,trail,0.05155685205138378,8,0.42392544999803616,0.7337826062212754,1,4972.623835016062,2024
2024-05-14,short,2024-05-14 18:45:00+05:30,2349.5163000000002,2352.61,3.093699999999899,2024-05-14 19:05:00+05:30,2349.7203000000004,breakeven,-0.06594045964385199,4,0.1079006600436966,0.9655344777418017,1,4969.344864002893,2024
2024-05-15,short,2024-05-15 19:20:00+05:30,2359.0872,2370.465,11.377800000000207,2024-05-15 20:05:00+05:30,2370.6411000000003,initial_stop,-1.015477508833002,9,4.443777366991309,0.30983013304572893,1,4918.882284572595,2024
2024-05-16,long,2024-05-16 15:05:00+05:30,2385.0989999999997,2383.795,1.3039999999996326,2024-05-16 15:20:00+05:30,2384.9125999999997,breakeven,-0.1429447852761513,3,0.16212290501990867,0.5784385129722368,1,4911.850998852927,2024
2024-05-20,long,2024-05-20 17:45:00+05:30,2422.5327,2420.69,1.8427000000001499,2024-05-20 17:45:00+05:30,2420.5023,initial_stop,-1.1018613990339907,0,0.17527094235235555,0.39913184892166825,1,4857.729208718501,2024
2024-05-20,long,2024-05-20 17:50:00+05:30,2423.0117,2420.2635,2.748199999999997,2024-05-20 17:50:00+05:30,2420.0818,initial_stop,-1.0661160032021293,0,0.32273476501390497,0.5664748693483439,2,4805.940180232128,2024
2024-05-22,long,2024-05-22 17:40:00+05:30,2411.7196000000004,2404.842,6.877600000000257,2024-05-22 19:35:00+05:30,2404.6399,initial_stop,-1.029385250668833,23,3.025844748392408,0.27778812572796646,1,4756.468540860851,2024
2024-05-24,short,2024-05-24 14:55:00+05:30,2340.709,2343.315,2.606000000000222,2024-05-24 15:40:00+05:30,2339.7864999999997,trail,0.35399079048351834,9,0.6347274023462182,0.8609301572238978,1,4773.306001447744,2024
2024-05-27,short,2024-05-27 18:35:00+05:30,2345.1438000000003,2348.91,3.7661999999995714,2024-05-27 18:45:00+05:30,2349.1106999999997,initial_stop,-1.0532897881153132,2,0.1900882870916395,1.4850647429030772,1,4723.029256778999,2024
2024-05-28,short,2024-05-28 19:10:00+05:30,2358.0833000000002,2364.16,6.076699999999619,2024-05-28 20:00:00+05:30,2354.4316999999996,trail,0.6009182615565731,10,1.87997755428863,0.3241727405663902,1,4751.410802081644,2024
2024-05-30,short,2024-05-30 18:00:00+05:30,2337.0678,2341.6435,4.5757000000003245,2024-05-30 18:00:00+05:30,2341.8742,initial_stop,-1.0504185151998717,0,0.3371924419390985,1.4907566038827857,1,4701.501103283372,2024
2024-05-31,short,2024-05-31 18:10:00+05:30,2348.0266,2350.1085000000003,2.0819000000001324,2024-05-31 18:10:00+05:30,2350.2919,initial_stop,-1.08809260771405,0,0.44669764071749624,0.5983491502892955,1,4650.344417326951,2024
2024-05-31,short,2024-05-31 19:25:00+05:30,2346.116,2356.16,10.043999999999869,2024-05-31 21:15:00+05:30,2333.0192,trail,1.3039426523297464,22,3.105608833906753,0.8900699526839561,2,4710.982241664712,2024
2024-06-03,short,2024-06-03 17:35:00+05:30,2327.6980999999996,2330.8644999999997,3.166400000000067,2024-06-03 17:55:00+05:30,2331.0822999999996,initial_stop,-1.0687847397675254,4,0.6111343233137762,1.473767152015757,1,4660.631982372642,2024
2024-06-06,long,2024-06-06 15:25:00+05:30,2361.0962,2358.5735,2.522699999999986,2024-06-06 17:35:00+05:30,2358.3693,initial_stop,-1.0809450192254844,26,0.9994221550505853,0.8089632954165258,1,4610.253113094755,2024
2024-06-06,long,2024-06-06 17:50:00+05:30,2360.8934,2356.9635,3.9299000000000888,2024-06-06 18:05:00+05:30,2360.6787,breakeven,-0.05463243339524889,3,1.8668714315046877,0.5410894211255168,2,4607.734419633391,2024
2024-06-10,short,2024-06-10 19:05:00+05:30,2301.8943,2307.915,6.0207000000000335,2024-06-10 21:10:00+05:30,2308.0978,initial_stop,-1.0303619180494032,25,3.0111237755622304,0.28206331024992826,1,4560.2580788886335,2024
2024-06-11,short,2024-06-11 15:55:00+05:30,2307.2293000000004,2308.0550000000003,0.8256999999998698,2024-06-11 15:55:00+05:30,2308.2557,initial_stop,-1.2430664890394834,0,0.006668615963071678,0.4320561184441625,1,4503.571038896253,2024
2024-06-11,short,2024-06-11 16:15:00+05:30,2306.4461,2308.9365,2.4903999999996813,2024-06-11 17:30:00+05:30,2309.1344999999997,initial_stop,-1.079505300353313,15,0.060394043910972736,0.9998966559945205,2,4454.954750826191,2024
2024-06-12,long,2024-06-12 17:40:00+05:30,2312.7513,2311.6400000000003,1.1112999999995736,2024-06-12 19:00:00+05:30,2335.8097000000002,trail,20.749032664455317,16,0.1412885176437014,0.6868445035140397,1,5379.3147672618215,2024
2024-06-13,short,2024-06-13 16:00:00+05:30,2319.0004999999996,2319.9534999999996,0.9529999999999745,2024-06-13 16:00:00+05:30,2320.153,initial_stop,-1.2093389296958827,0,0.17165621032551148,0.39813654068910503,1,5314.260619630445,2024
2024-06-13,long,2024-06-13 17:35:00+05:30,2309.5443,2304.0335000000005,5.510799999999563,2024-06-13 18:45:00+05:30,2317.6689,trail,1.4743050010889063,14,2.026472267153873,0.876304937449832,2,5392.609029716555,2024
2024-06-14,short,2024-06-14 14:50:00+05:30,2316.2952999999998,2318.415,2.1197000000001935,2024-06-14 15:00:00+05:30,2318.6,initial_stop,-1.0872765013916728,2,1.0154713271267284,0.2513999008185476,1,5333.9764589245215,2024
2024-06-17,short,2024-06-17 14:30:00+05:30,2321.1910000000003,2322.3900000000003,1.1990000000000691,2024-06-17 14:40:00+05:30,2322.5854000000004,initial_stop,-1.1629691409508358,2,0.15607019211493994,0.5171081043434372,1,5271.9439587216475,2024
2024-06-17,short,2024-06-17 14:55:00+05:30,2321.28,2322.7235,1.4434999999998581,2024-06-17 15:35:00+05:30,2321.2610999999997,trail,0.013093176307923218,8,0.3933257470085318,0.4769899173770077,2,5272.634223639018,2024
2024-06-18,long,2024-06-18 18:10:00+05:30,2320.5509999999995,2311.5550000000003,8.995999999999185,2024-06-18 22:15:00+05:30,2326.7356,trail,0.6874833259227502,49,0.3899069452301613,1.6334826743361155,1,5308.882704763433,2024
2024-06-19,short,2024-06-19 14:40:00+05:30,2329.7541,2333.15,3.3958999999999833,2024-06-19 16:55:00+05:30,2328.2427000000002,trail,0.44506610913156286,27,0.02119819931246463,1.7984745007652208,1,5332.510742455882,2024
2024-06-20,long,2024-06-20 16:00:00+05:30,2337.6477,2334.1035,3.544199999999819,2024-06-20 17:20:00+05:30,2338.358,trail,0.20041194063546774,16,3.482460801511645,0.9537949965927092,1,5343.197730719433,2024
2024-06-24,short,2024-06-24 14:40:00+05:30,2326.0115,2331.8199999999997,5.80849999999964,2024-06-24 19:00:00+05:30,2332.0126999999998,initial_stop,-1.0331755186364933,52,2.2759060751181996,0.9914280964858853,1,5287.9931198532995,2024
2024-06-25,short,2024-06-25 14:30:00+05:30,2329.4766,2330.635,1.1584000000002561,2024-06-25 14:35:00+05:30,2330.8227,initial_stop,-1.1620338397789263,1,0.11281161831471925,0.49706631823278424,1,5226.544850355423,2024
2024-06-25,short,2024-06-25 14:45:00+05:30,2329.8346,2331.165,1.3303999999998268,2024-06-25 14:45:00+05:30,2331.3554,initial_stop,-1.1431148526758712,0,0.4875298392705243,0.2969218428304592,2,5166.799439889244,2024
2024-06-28,short,2024-06-28 14:30:00+05:30,2328.5732,2331.505,2.931800000000294,2024-06-28 15:45:00+05:30,2331.6811000000002,initial_stop,-1.0600654887782643,15,0.10164491346620474,0.6392832103370799,1,5112.02798215259,2024
2024-06-28,short,2024-06-28 19:05:00+05:30,2327.7081000000003,2339.815,12.106899999999769,2024-07-01 03:30:00+05:30,2323.408,eod_data,0.3551776259819166,89,3.7710062448822557,0.6317954909860319,2,5130.184761779131,2024
2024-07-01,short,2024-07-01 18:10:00+05:30,2332.3121,2336.965,4.652900000000045,2024-07-01 19:05:00+05:30,2329.4501999999998,trail,0.6150787680801876,11,0.42218181178693936,1.3064857693648178,1,5161.73943901212,2024
2024-07-02,long,2024-07-02 15:50:00+05:30,2324.5315000000005,2322.9300000000003,1.6015000000002146,2024-07-02 16:20:00+05:30,2324.3524000000007,breakeven,-0.11183265688405297,6,0.44763909246640127,0.276333016078381,1,5155.96692865604,2024
2024-07-03,short,2024-07-03 15:40:00+05:30,2345.7137,2348.55,2.836300000000392,2024-07-03 16:05:00+05:30,2348.7405000000003,initial_stop,-1.0671649684448508,5,0.9657530484015031,0.7298365761859803,1,5100.944255808821,2024
2024-07-03,short,2024-07-03 16:35:00+05:30,2345.8557,2349.6115,3.7557999999999083,2024-07-03 17:50:00+05:30,2349.7992,initial_stop,-1.0499760370626643,15,1.716209568032964,0.6677858241365721,2,5047.3855634589045,2024
2024-07-04,short,2024-07-04 20:00:00+05:30,2360.2393,2361.9465,1.7071999999998297,2024-07-04 20:35:00+05:30,2360.4168,breakeven,-0.1039714151826379,7,0.9659523158722316,0.4159471474245901,1,5042.137725258852,2024
2024-07-05,short,2024-07-05 17:50:00+05:30,2366.8590000000004,2368.615,1.7559999999994034,2024-07-05 18:00:00+05:30,2368.8178,initial_stop,-1.1154897494305773,2,0.15273809178563624,1.040456474874716,1,4985.8931957814175,2024
2024-07-05,long,2024-07-05 18:05:00+05:30,2370.507,2349.0085,21.49850000000015,2024-07-06 01:00:00+05:30,2390.5529,trail,0.9324324952903661,83,4.076535264549275,2.6790199872460714,2,5032.383284119354,2024
2024-07-08,long,2024-07-08 15:10:00+05:30,2371.1713999999997,2370.505,0.6663999999996122,2024-07-08 15:15:00+05:30,2370.9766,breakeven,-0.292316926770517,1,0.000982106363642262,0.30674455436802717,1,5017.672775959903,2024
2024-07-09,long,2024-07-09 14:30:00+05:30,2361.897,2358.3199999999997,3.5770000000002256,2024-07-09 15:45:00+05:30,2363.6209,trail,0.4819401733295636,15,0.053300339434583496,0.8145495421607712,1,5041.854956833475,2024
2024-07-10,short,2024-07-10 20:20:00+05:30,2375.9368999999997,2381.0135,5.076600000000326,2024-07-10 21:40:00+05:30,2381.1973,initial_stop,-1.0362053342788047,16,0.13671294146755825,0.3778209906498382,1,4989.610986824166,2024
2024-07-12,long,2024-07-12 16:40:00+05:30,2400.0734,2398.3885,1.684900000000198,2024-07-12 18:00:00+05:30,2401.768,trail,1.0057570182204347,16,0.41422674621929934,0.6609011007086756,1,5039.794349506047,2024
2024-07-15,short,2024-07-15 16:00:00+05:30,2412.6975,2414.205,1.507499999999709,2024-07-15 16:20:00+05:30,2414.3927,initial_stop,-1.1245107794361433,4,0.5832726251394265,0.37930834690790605,1,4983.121318784438,2024
2024-07-15,short,2024-07-15 18:40:00+05:30,2412.0161000000003,2415.875,3.8588999999997213,2024-07-15 18:50:00+05:30,2416.0651,initial_stop,-1.0492627432687593,2,4.0020077239125635,0.6337623157723391,2,4930.83528333455,2024
2024-07-16,short,2024-07-16 18:10:00+05:30,2432.3416,2444.15,11.808399999999892,2024-07-16 19:10:00+05:30,2444.3305,initial_stop,-1.0152857288032198,12,2.667348747730819,2.4005265334442996,1,4880.77321639206,2024
2024-07-17,short,2024-07-17 16:15:00+05:30,2468.3713,2476.415,8.043700000000172,2024-07-17 18:35:00+05:30,2476.6084,initial_stop,-1.0240436614990747,28,2.8721911393259094,1.076348155866129,1,4830.791967637452,2024
2024-07-17,short,2024-07-17 19:45:00+05:30,2467.4037,2483.7415,16.337800000000243,2024-07-19 00:00:00+05:30,2452.9239,eod_data,0.8862759979923768,327,3.402420616837178,0.815035461195946,2,4873.606117359566,2024
2024-07-18,long,2024-07-18 19:20:00+05:30,2461.8069,2457.665,4.141900000000078,2024-07-18 19:45:00+05:30,2461.6308,breakeven,-0.04251671938002603,5,0.07879301548090899,0.6867099082216447,1,4871.53401992296,2024
2024-07-19,long,2024-07-19 17:45:00+05:30,2408.0104,2405.51,2.5003999999998996,2024-07-19 18:00:00+05:30,2405.3069000000005,initial_stop,-1.0812270036793035,3,0.7448184543995656,0.3422517944887085,1,4818.861678606129,2024
2024-07-22,short,2024-07-22 16:20:00+05:30,2407.231,2408.4465,1.2154999999997926,2024-07-22 16:30:00+05:30,2407.4277,breakeven,-0.1618264088852307,2,0.1681128151313452,0.5544524135408819,1,4811.063487802495,2024
2024-07-24,long,2024-07-24 14:55:00+05:30,2412.3674,2409.8535,2.5138999999999214,2024-07-24 16:05:00+05:30,2413.3983000000003,trail,0.41007995544780373,14,1.1847830350328636,0.43997247985312526,1,4830.792694809841,2024
2024-07-25,short,2024-07-25 16:30:00+05:30,2381.1596,2382.645,1.485400000000027,2024-07-25 16:35:00+05:30,2381.3513,breakeven,-0.12905614649242744,1,0.08555510711543766,0.5911080128013634,1,4824.558259912882,2024
2024-07-26,short,2024-07-26 19:20:00+05:30,2381.074,2383.2700000000004,2.1960000000003674,2024-07-26 19:30:00+05:30,2383.4634000000005,initial_stop,-1.088069216757777,2,0.34778018396245536,0.4067836735737647,1,4772.063726642225,2024
2024-07-29,long,2024-07-29 17:30:00+05:30,2388.036,2386.95,1.08600000000024,2024-07-29 17:30:00+05:30,2386.759,initial_stop,-1.1758747697972018,0,0.1760910212526948,0.37496304875152425,1,4715.950233281996,2024
2024-07-29,long,2024-07-29 17:45:00+05:30,2388.1434999999997,2385.53,2.613499999999476,2024-07-29 19:10:00+05:30,2392.0022,trail,1.4764492060459153,17,0.18043768724414114,0.44165956779741217,2,4785.578843058808,2024
2024-07-30,long,2024-07-30 18:05:00+05:30,2387.6277000000005,2385.79,1.8377000000004955,2024-07-30 19:20:00+05:30,2391.6,trail,2.161560646459367,15,0.1127550614324938,1.0113787328464832,1,4889.022032035653,2024
2024-08-01,long,2024-08-01 17:45:00+05:30,2443.5040000000004,2439.5985,3.905500000000302,2024-08-01 19:15:00+05:30,2450.7421000000004,trail,1.8533094354114636,18,0.21341561595996886,0.7016106254959859,1,4979.630738654715,2024
2024-08-02,long,2024-08-02 17:15:00+05:30,2459.9154999999996,2457.675,2.240499999999429,2024-08-02 17:40:00+05:30,2457.4852,initial_stop,-1.0847132336532708,5,0.7627979814064447,0.3929480000232004,1,4925.616025045461,2024
2024-08-02,long,2024-08-02 18:05:00+05:30,2473.7894,2456.0085,17.7809000000002,2024-08-02 18:45:00+05:30,2455.8348,initial_stop,-1.0097689093352882,8,1.01605074825041,4.891373590568335,2,4875.878685831316,2024
2024-08-06,long,2024-08-06 20:50:00+05:30,2384.599,2381.6949999999997,2.904000000000451,2024-08-06 21:05:00+05:30,2384.3986,breakeven,-0.06900826446285858,3,0.11471423133366462,0.5301948379447466,1,4872.513926572909,2024
2024-08-07,short,2024-08-07 17:50:00+05:30,2403.1231,2404.16,1.0369000000000597,2024-08-07 18:10:00+05:30,2403.3372,breakeven,-0.20648085639900834,4,0.04056771461208641,0.3851332393597626,1,4862.453118089161,2024
2024-08-08,short,2024-08-08 18:40:00+05:30,2405.1903,2410.2,5.0096999999996115,2024-08-08 18:55:00+05:30,2410.3860999999997,initial_stop,-1.037147933009943,3,0.48935294248385003,0.7303500682943191,1,4812.022286081322,2024
2024-08-09,short,2024-08-09 14:40:00+05:30,2424.4335,2425.655,1.2215000000001055,2024-08-09 15:00:00+05:30,2424.6279,breakeven,-0.15914858780175423,4,0.10420481480683172,0.4829241886209068,1,4804.364020568318,2024
2024-08-13,short,2024-08-13 17:55:00+05:30,2465.5935000000004,2467.6085000000003,2.0149999999998727,2024-08-13 18:00:00+05:30,2467.8255000000004,initial_stop,-1.1076923076923633,1,0.36661770213040856,0.9670151672354824,1,4751.146449878943,2024
2024-08-13,short,2024-08-13 18:50:00+05:30,2466.0998,2471.63,5.53020000000015,2024-08-13 18:55:00+05:30,2466.3089,breakeven,-0.037810567429754666,1,1.8069486672700297,0.3279351406120158,2,4749.350014446825,2024
2024-08-14,short,2024-08-14 15:00:00+05:30,2472.0577,2475.3900000000003,3.3323000000004868,2024-08-14 16:25:00+05:30,2475.5808,initial_stop,-1.0572577499024176,17,1.0296973771392122,0.9823956538754751,1,4699.137143349095,2024
2024-08-14,short,2024-08-14 16:35:00+05:30,2472.5036,2476.2065000000002,3.702900000000227,2024-08-14 18:00:00+05:30,2476.4119,initial_stop,-1.0554700369979784,17,1.6651032517495856,0.7534824770476658,2,4649.539158803603,2024
2024-08-15,short,2024-08-15 17:15:00+05:30,2461.525,2463.6965,2.1714999999999236,2024-08-15 17:25:00+05:30,2463.8929,initial_stop,-1.0904443932764536,2,0.7879887029504155,0.6933850092182522,1,4598.838519733235,2024
2024-08-15,short,2024-08-15 18:05:00+05:30,2458.9733,2470.15,11.176699999999983,2024-08-15 18:55:00+05:30,2447.5655,trail,1.0206769439995678,10,3.274405722996562,1.5195895944920295,2,4645.777804195924,2024
2024-08-19,long,2024-08-19 15:40:00+05:30,2498.5418999999997,2497.315,1.2268999999996595,2024-08-19 15:40:00+05:30,2497.1196,initial_stop,-1.1592631836336438,0,0.24144413745445095,0.4910547677937701,1,4591.921012518456,2024
2024-08-19,long,2024-08-19 19:40:00+05:30,2499.0698,2488.2555,10.814300000000003,2024-08-20 15:10:00+05:30,2521.4449999999997,trail,2.0690382179151205,222,0.17294915630465013,0.4241823773775967,2,4686.929613203938,2024
2024-08-20,short,2024-08-20 20:45:00+05:30,2509.8463,2528.6765,18.830199999999877,2024-08-22 00:00:00+05:30,2517.8618,eod_data,-0.42567258977599953,315,5.015687609929175,0.51746224420768,1,4666.978638538435,2024
2024-08-21,long,2024-08-21 16:05:00+05:30,2508.654,2505.05,3.6039999999998145,2024-08-21 17:35:00+05:30,2510.5147,trail,0.5162874583796545,18,0.2295570073948673,0.6235727663583555,1,4691.073663934467,2024
2024-08-22,long,2024-08-22 17:15:00+05:30,2502.0860000000002,2498.1135,3.9725000000003092,2024-08-22 17:35:00+05:30,2497.9384999999997,initial_stop,-1.0440528634361657,4,0.11546691058755326,0.9869205674953493,1,4642.096375020259,2024
2024-08-22,long,2024-08-22 18:20:00+05:30,2501.8681,2495.2835,6.584600000000137,2024-08-22 18:50:00+05:30,2495.1373,initial_stop,-1.02220332290498,6,0.04903532606289039,0.648192293025124,2,4594.644711622351,2024
2024-08-23,short,2024-08-23 16:00:00+05:30,2496.0514999999996,2498.8735,2.822000000000571,2024-08-23 16:20:00+05:30,2499.0732000000003,initial_stop,-1.0707654145996033,4,0.14168006592364618,0.9832460344217413,1,4545.446845126569,2024
2024-08-23,short,2024-08-23 19:15:00+05:30,2496.6373,2503.05,6.412700000000314,2024-08-23 19:30:00+05:30,2503.2854,initial_stop,-1.0367084067553474,3,0.17324235477965336,0.43285334707193235,2,4498.323815558547,2024
2024-08-26,short,2024-08-26 19:20:00+05:30,2518.4103,2526.505,8.094700000000103,2024-08-27 08:05:00+05:30,2508.05,trail,1.2798868395369432,141,2.8882238983953488,0.7710742673064304,1,4555.897270073637,2024
2024-08-27,long,2024-08-27 16:50:00+05:30,2511.0031999999997,2508.7,2.3031999999998334,2024-08-27 17:50:00+05:30,2510.8160999999996,breakeven,-0.081234803751352,12,0.5243084495691439,0.46906880934729783,1,4552.196295867179,2024
2024-08-28,long,2024-08-28 18:35:00+05:30,2502.6708,2494.8455000000004,7.825299999999515,2024-08-28 19:10:00+05:30,2502.8083,trail,0.017571211327397206,7,0.15396920006439696,1.0238827031812412,1,4552.996171898364,2024
2024-08-29,long,2024-08-29 18:50:00+05:30,2514.0119999999997,2507.2250000000004,6.786999999999352,2024-08-29 19:50:00+05:30,2515.9295,trail,0.28252541623702015,12,3.290559108653501,0.30298890744341456,1,4565.859543284276,2024
2024-08-30,long,2024-08-30 20:45:00+05:30,2506.7371,2503.2200000000003,3.517099999999573,2024-08-30 21:00:00+05:30,2503.0330000000004,initial_stop,-1.0531688038440536,3,0.5339876477178017,0.4892314575912998,1,4517.773334947069,2024
2024-08-30,long,2024-08-30 21:10:00+05:30,2505.9811,2502.0955000000004,3.885599999999613,2024-08-30 21:15:00+05:30,2501.9048000000003,initial_stop,-1.0490786493720725,1,0.9427156515629598,0.27758013842671236,2,4470.378339463115,2024
2024-09-02,short,2024-09-02 14:45:00+05:30,2502.7149,2507.3050000000003,4.590100000000348,2024-09-02 17:15:00+05:30,2500.1637000000005,trail,0.5558048844250087,30,0.0036621493144956183,1.2330175039053017,1,4495.224920626129,2024
2024-09-03,short,2024-09-03 15:25:00+05:30,2501.4694999999997,2504.63,3.160500000000411,2024-09-03 16:20:00+05:30,2496.9043,trail,1.4444549912985147,11,0.15440169917546923,0.554262509862062,1,4560.156421362208,2024
2024-09-04,long,2024-09-04 14:40:00+05:30,2476.411,2471.8715,4.539499999999862,2024-09-04 17:05:00+05:30,2487.6774,trail,2.4818592355987046,29,1.686060549939289,0.33939877792011086,1,4673.333084663533,2024
2024-09-05,short,2024-09-05 19:35:00+05:30,2509.8343,2518.4615000000003,8.627200000000357,2024-09-05 19:45:00+05:30,2518.6599,initial_stop,-1.0229970326409215,2,4.157697819306785,0.5192162982249001,1,4625.525025881998,2024
2024-09-05,short,2024-09-05 20:30:00+05:30,2508.6164000000003,2518.67,10.053599999999733,2024-09-06 09:30:00+05:30,2518.8738000000003,initial_stop,-1.0202713455876735,144,0.06480780531274774,0.8389524702031947,2,4578.332119459937,2024
2024-09-06,long,2024-09-06 17:35:00+05:30,2515.2777,2514.685,0.5927000000001499,2024-09-06 17:35:00+05:30,2514.4923,initial_stop,-1.325122321579231,0,0.024783111822112347,0.2850057859572856,1,4517.663618588941,2024
2024-09-06,long,2024-09-06 17:55:00+05:30,2516.237,2512.285,3.9520000000002256,2024-09-06 18:00:00+05:30,2512.0074999999997,initial_stop,-1.0702176113360653,1,1.5893898025286022,0.7371840860416901,2,4469.31478692188,2024
2024-09-09,short,2024-09-09 15:45:00+05:30,2496.527,2499.2349999999997,2.707999999999629,2024-09-09 16:40:00+05:30,2495.7635,trail,0.2819423929099433,11,0.15792609612659167,1.4629786633081157,1,4481.915679978805,2024
2024-09-10,long,2024-09-10 14:55:00+05:30,2502.1159,2500.2200000000003,1.8958999999995285,2024-09-10 16:05:00+05:30,2505.9143000000004,trail,2.003481196266432,14,1.007861680276485,0.253831830588363,1,4571.7100178596975,2024
2024-09-13,short,2024-09-13 15:25:00+05:30,2570.0794,2573.0205,2.941100000000006,2024-09-13 16:05:00+05:30,2567.8879,trail,0.7451293733636738,8,0.30142566476755345,0.5589710947977283,1,4605.77517206778,2024
2024-09-16,long,2024-09-16 17:25:00+05:30,2582.7725,2580.1285,2.644000000000233,2024-09-16 17:45:00+05:30,2579.9177999999997,initial_stop,-1.0796898638426888,4,1.1301348022670492,0.5291713807212712,1,4556.047084383581,2024
2024-09-16,long,2024-09-16 18:30:00+05:30,2583.6594999999998,2578.5950000000003,5.064499999999498,2024-09-16 19:30:00+05:30,2583.4631,breakeven,-0.03877974133672263,12,1.6981072810661897,0.8728588827908298,2,4554.280261109077,2024
2024-09-17,long,2024-09-17 15:15:00+05:30,2574.5750000000003,2572.4345000000003,2.1404999999999745,2024-09-17 15:20:00+05:30,2572.2404,initial_stop,-1.0906797477225716,1,0.37146200685749575,0.8144873064652265,1,4504.607648646634,2024
2024-09-17,long,2024-09-17 15:25:00+05:30,2574.5134,2571.8235000000004,2.6898999999993976,2024-09-17 15:55:00+05:30,2571.6393000000003,initial_stop,-1.0684783820960584,6,0.6954357280406244,0.7292554467317874,2,4456.476889722599,2024
2024-09-18,short,2024-09-18 19:25:00+05:30,2569.3443,2578.65,9.305699999999888,2024-09-18 23:30:00+05:30,2579.0457,initial_stop,-1.0425223250266007,49,4.827282220656638,0.9418461323660523,1,4410.01712323759,2024
2024-09-19,short,2024-09-19 18:15:00+05:30,2579.1303000000003,2591.295,12.164699999999812,2024-09-19 21:45:00+05:30,2591.4757,initial_stop,-1.0148544559257433,42,5.8771486249740885,0.8025022218839822,1,4365.261867955324,2024
2024-09-20,short,2024-09-20 18:05:00+05:30,2615.9293,2619.365,3.435699999999997,2024-09-20 19:35:00+05:30,2609.5271,trail,1.8634339435922807,18,1.1116400256064076,0.5515849492104576,1,4446.605639329494,2024
2024-09-23,long,2024-09-23 15:10:00+05:30,2620.1403000000005,2616.4085,3.731800000000476,2024-09-23 17:15:00+05:30,2621.7706,trail,0.43686692748784606,25,2.068665378206006,0.5959904002391958,1,4466.031388763534,2024
2024-09-24,short,2024-09-24 15:45:00+05:30,2631.7732,2633.1995,1.426300000000083,2024-09-24 15:45:00+05:30,2633.4063,initial_stop,-1.144990534950514,0,0.12025804083426436,0.7013368095693329,1,4414.895752074272,2024
2024-09-24,short,2024-09-24 16:35:00+05:30,2631.7556000000004,2636.2285,4.472899999999754,2024-09-24 17:50:00+05:30,2627.6152,trail,0.9256634398266124,15,2.1026529059704795,0.688975277996437,2,4455.762827957682,2024
2024-09-25,short,2024-09-25 18:45:00+05:30,2663.1027999999997,2665.0935,1.9907000000002881,2024-09-25 18:50:00+05:30,2665.2875,initial_stop,-1.097453157180857,1,0.5589438922859999,0.3356653691086041,1,4406.862918125769,2024
2024-09-25,short,2024-09-25 19:05:00+05:30,2662.9835,2665.825,2.8414999999999964,2024-09-25 19:15:00+05:30,2665.9984,initial_stop,-1.0610241069857924,2,0.8837306213314758,0.38940423762450016,2,4360.105040202638,2024
2024-09-26,short,2024-09-26 18:50:00+05:30,2660.8974,2679.77,18.872600000000148,2024-09-28 00:00:00+05:30,2645.9596,eod_data,0.7915072644998347,338,0.6865399085065085,0.8298625208994003,1,4394.615588335665,2024
2024-09-27,long,2024-09-27 14:40:00+05:30,2662.1785999999997,2660.1980000000003,1.9805999999994128,2024-09-27 14:40:00+05:30,2659.9599000000003,initial_stop,-1.1202160961325365,0,0.38893267860861563,0.5764735784783566,1,4345.3863971519795,2024
2024-09-27,long,2024-09-27 15:10:00+05:30,2663.3494,2658.4115,4.9378999999999,2024-09-27 17:20:00+05:30,2666.6588,trail,0.6702039328459798,26,1.3476381278050027,1.2103561244296857,2,4374.509347683046,2024
2024-09-30,long,2024-09-30 14:30:00+05:30,2653.8422,2652.0550000000003,1.787199999999757,2024-09-30 14:30:00+05:30,2651.8613000000005,initial_stop,-1.1083818263204086,0,0.22676447951337728,0.7241544628690338,1,4326.02308108264,2024
2024-10-01,short,2024-10-01 14:45:00+05:30,2646.9183,2647.6365,0.7182000000002517,2024-10-01 14:45:00+05:30,2647.8182,initial_stop,-1.2529935950988973,0,0.06490739589974692,0.3220128029929671,1,4271.818288954174,2024
2024-10-01,short,2024-10-01 15:00:00+05:30,2646.963,2648.5,1.5369999999998072,2024-10-01 15:00:00+05:30,2648.692,initial_stop,-1.1249186727391225,0,0.7136781264970116,0.29303092451370544,2,4223.763807356244,2024
2024-10-02,short,2024-10-02 16:10:00+05:30,2650.6518000000005,2654.44,3.788199999999506,2024-10-02 17:55:00+05:30,2650.8606000000004,breakeven,-0.05511852594897579,21,2.647705915095428,0.6754848467741071,1,4221.435731006063,2024
2024-10-03,long,2024-10-03 17:20:00+05:30,2648.3458,2643.705,4.640800000000127,2024-10-03 18:05:00+05:30,2648.1598,breakeven,-0.04007929667301846,9,2.416588726143107,0.41018413904268036,1,4219.743809255572,2024
2024-10-04,long,2024-10-04 19:25:00+05:30,2655.1551999999997,2648.44,6.715199999999641,2024-10-04 19:50:00+05:30,2648.2298,initial_stop,-1.031302120562306,5,4.951569762680025,0.4370285152137477,1,4176.225501868423,2024
2024-10-04,long,2024-10-04 20:15:00+05:30,2656.0269000000003,2646.567,9.459900000000289,2024-10-04 20:55:00+05:30,2658.2078,trail,0.2305415490649765,8,1.6395863335934644,0.6797979111306136,2,4185.8534368328765,2024
2024-10-07,short,2024-10-07 18:10:00+05:30,2642.434,2657.24,14.805999999999585,2024-10-08 21:20:00+05:30,2613.078,trail,1.9827097122788764,314,6.234425389954304,2.023396482973484,1,4268.846759466721,2024
2024-10-10,long,2024-10-10 18:05:00+05:30,2621.2059,2602.4775,18.728399999999965,2024-10-11 08:40:00+05:30,2641.4078000000004,trail,1.0786773029196577,163,1.6903230937357796,4.716902219782346,1,4314.89384055751,2024
2024-10-14,long,2024-10-14 18:50:00+05:30,2651.2294,2647.7745,3.4549000000001797,2024-10-14 19:35:00+05:30,2653.9975000000004,trail,0.8012098758285586,9,0.64865480631835,0.9221897283454683,1,4349.465196139575,2024
2024-10-15,short,2024-10-15 15:00:00+05:30,2653.0330999999996,2655.61,2.576900000000478,2024-10-15 15:50:00+05:30,2655.7980000000002,initial_stop,-1.0729558772168368,10,0.059962072577593596,1.3130824878988523,1,4302.7973536900945,2024
2024-10-15,short,2024-10-15 15:55:00+05:30,2654.8658000000005,2655.666,0.800199999999677,2024-10-15 15:55:00+05:30,2655.8552,initial_stop,-1.236440889777402,0,0.11256334237955268,0.31863541745743434,2,4249.59580780481,2024
2024-10-16,short,2024-10-16 19:10:00+05:30,2684.0183,2685.4265,1.4081999999998516,2024-10-16 19:45:00+05:30,2680.542,trail,2.468612413009964,7,0.15252045234668354,0.41575253472813456,1,4354.50185741903,2024
2024-10-17,long,2024-10-17 15:05:00+05:30,2679.0615,2677.0029999999997,2.0585000000000946,2024-10-17 16:40:00+05:30,2686.7618,trail,3.7407335438426386,19,0.3872199166737846,0.8186843108987145,1,4517.392169066754,2024
2024-10-18,short,2024-10-18 20:10:00+05:30,2718.5525,2719.5765,1.024000000000342,2024-10-18 20:10:00+05:30,2719.7635,initial_stop,-1.1826171874998395,0,0.00459819441349148,0.3300703903015925,1,4463.968712848598,2024
2024-10-21,short,2024-10-21 15:15:00+05:30,2736.0526999999997,2736.9300000000003,0.8773000000005595,2024-10-21 15:15:00+05:30,2737.1088000000004,initial_stop,-1.2038071355294921,0,0.08139669912126725,0.3460889725774665,1,4410.231138955523,2024
2024-10-21,short,2024-10-21 15:20:00+05:30,2734.9874000000004,2736.945,1.9575999999997293,2024-10-21 16:15:00+05:30,2731.2379,trail,1.9153555373931708,11,0.08898376054953087,0.9695021208478303,2,4494.702745287346,2024
2024-10-22,short,2024-10-22 21:00:00+05:30,2741.2156,2744.2650000000003,3.0494000000003325,2024-10-22 21:45:00+05:30,2739.8314,trail,0.453925362366306,9,0.4402439404429578,0.3291144020788221,1,4515.10534101118,2024
2024-10-23,short,2024-10-23 14:35:00+05:30,2756.6016,2758.527,1.9254000000000815,2024-10-23 16:00:00+05:30,2752.5687,trail,2.0945777500778973,17,0.1518452815484212,0.560659501102898,1,4609.677732876579,2024
2024-10-24,short,2024-10-24 18:55:00+05:30,2740.1519,2741.87,1.7181000000000495,2024-10-24 18:55:00+05:30,2742.0481,initial_stop,-1.1036610208952218,0,0.09704853154183256,0.6895553556898409,1,4558.802516549934,2024
2024-10-24,long,2024-10-24 20:10:00+05:30,2725.4493,2722.5635,2.8858000000000175,2024-10-24 21:05:00+05:30,2730.1955000000003,trail,1.6446739205766219,11,0.011755454047904011,0.8552495403854905,2,4633.7799526302215,2024
2024-10-25,long,2024-10-25 14:45:00+05:30,2720.697,2717.7235,2.973500000000058,2024-10-25 14:55:00+05:30,2717.5362999999998,initial_stop,-1.0629561123256428,2,0.10314216084301764,0.5221380605295096,1,4584.524905392018,2024
2024-10-25,long,2024-10-25 15:15:00+05:30,2720.5905000000002,2717.085,3.505500000000211,2024-10-25 17:25:00+05:30,2724.4792,trail,1.1093139352445407,26,1.5535395431741175,0.4566207967763458,2,4635.381679032288,2024
2024-10-28,long,2024-10-28 14:40:00+05:30,2733.4491000000003,2730.9785,2.470600000000104,2024-10-28 14:50:00+05:30,2730.7941,initial_stop,-1.0746377398203224,2,0.7718644371854553,0.3335962804002358,1,4585.56811812469,2024
2024-10-28,long,2024-10-28 17:35:00+05:30,2733.3774,2729.9,3.4773999999997613,2024-10-28 19:30:00+05:30,2739.8134000000005,trail,1.850808074998863,23,0.5812235743481129,0.3693289271576832,2,4670.438183139515,2024
2024-10-29,short,2024-10-29 19:30:00+05:30,2760.6423,2764.0395,3.3971999999998843,2024-10-29 19:30:00+05:30,2764.2322,initial_stop,-1.0567231837984414,0,0.7047182216203306,0.5432892617631574,1,4621.084580073305,2024
2024-10-29,short,2024-10-29 21:00:00+05:30,2760.8506,2770.575,9.724399999999605,2024-10-29 22:30:00+05:30,2770.7736,initial_stop,-1.020422853852184,18,3.4234327697997147,0.43936146076524957,2,4573.929976922398,2024
2024-10-30,long,2024-10-30 17:50:00+05:30,2776.7726000000002,2773.6935000000003,3.079099999999926,2024-10-30 18:55:00+05:30,2781.5736,trail,1.5592218505407576,13,0.8850987430313183,0.8826494901975319,1,4645.247692551006,2024
2024-10-31,long,2024-10-31 15:55:00+05:30,2776.4777000000004,2773.3765,3.1012000000005173,2024-10-31 16:40:00+05:30,2779.5813000000003,trail,1.0007738939763309,9,0.5868015293673676,1.215895060849985,1,4691.736118768595,2024
2024-11-01,long,2024-11-01 16:15:00+05:30,2747.3177,2744.875,2.442700000000059,2024-11-01 17:45:00+05:30,2751.5438000000004,trail,1.7300937487207653,18,0.35845273003848005,0.30437453581199414,1,4772.907552065884,2024
2024-11-04,short,2024-11-04 19:40:00+05:30,2745.9711,2748.2349999999997,2.2638999999994667,2024-11-04 20:15:00+05:30,2745.8296,trail,0.06250276072274022,7,0.6319646745456492,0.3949779215909181,1,4775.89075105267,2024
2024-11-05,short,2024-11-05 14:55:00+05:30,2742.6429999999996,2745.1,2.4570000000003347,2024-11-05 16:00:00+05:30,2739.6097,trail,1.2345543345540033,13,0.43289451725568323,0.8514249353708102,1,4834.851717333354,2024
2024-11-07,short,2024-11-07 15:05:00+05:30,2663.7042,2666.1400000000003,2.4358000000001994,2024-11-07 15:35:00+05:30,2663.902,breakeven,-0.08120535347725569,6,0.7621796565842773,0.2725369681114356,1,4830.925558906192,2024
2024-11-08,short,2024-11-08 19:40:00+05:30,2702.6741,2704.0935,1.4193999999997686,2024-11-08 21:00:00+05:30,2692.0098000000003,trail,7.513245033113746,16,0.028780594017549614,0.39413903304174297,1,5193.884833514134,2024
2024-11-11,long,2024-11-11 14:55:00+05:30,2666.7242,2664.5435,2.180699999999888,2024-11-11 15:20:00+05:30,2664.3635000000004,initial_stop,-1.0825423029301808,5,0.4343464463719668,0.6227505734485256,1,5137.658833025868,2024
2024-11-11,long,2024-11-11 15:25:00+05:30,2666.4370000000004,2663.9184999999998,2.5185000000005857,2024-11-11 16:00:00+05:30,2669.0805,trail,1.0496327178872589,7,0.7779710661481324,0.492832349595781,2,5191.585381070732,2024
2024-11-12,long,2024-11-12 17:35:00+05:30,2603.7589,2593.255,10.503899999999703,2024-11-12 19:15:00+05:30,2605.753,trail,0.18984377231317898,20,3.648271039683985,0.8445777452432313,1,5201.441282601017,2024
2024-11-13,short,2024-11-13 14:30:00+05:30,2607.5003,2610.815,3.3146999999999025,2024-11-13 15:00:00+05:30,2611.012,initial_stop,-1.0594322261441826,6,0.0405060681341171,0.6329383775293504,1,5146.335537429174,2024
2024-11-13,short,2024-11-13 15:40:00+05:30,2608.0993000000003,2610.9205,2.8211999999998625,2024-11-13 16:35:00+05:30,2611.1032,initial_stop,-1.0647596767332517,11,0.04565789204904515,0.3581373382096328,2,5091.539431797235,2024
2024-11-14,long,2024-11-14 16:00:00+05:30,2545.8702,2539.71,6.160199999999804,2024-11-14 18:15:00+05:30,2553.0425,trail,1.1642966137463728,27,2.5362403635096613,0.28018930513294993,1,5150.820052989212,2024
2024-11-15,short,2024-11-15 17:25:00+05:30,2569.7806,2573.3315000000002,3.5509000000001834,2024-11-15 18:15:00+05:30,2568.5179,trail,0.3555999887352946,10,0.9273155361067682,0.6619628119262028,1,5169.1363685174165,2024
2024-11-18,short,2024-11-18 15:05:00+05:30,2591.1679,2593.335,2.1671000000001186,2024-11-18 15:10:00+05:30,2593.539,initial_stop,-1.0941350191500931,1,0.12738076127786574,0.7749945780083531,1,5112.579037321844,2024
2024-11-18,short,2024-11-18 15:45:00+05:30,2591.3855000000003,2597.355,5.969499999999698,2024-11-18 18:30:00+05:30,2597.535,initial_stop,-1.0301532791690837,33,1.8770350785910304,0.6435049903113664,2,5059.911636718762,2024
2024-11-19,short,2024-11-19 15:00:00+05:30,2630.4226,2631.9705,1.547900000000027,2024-11-19 15:00:00+05:30,2632.1679,initial_stop,-1.1275276180631906,0,0.14754313062311175,0.3697890244370774,1,5002.859735565165,2024
2024-11-19,short,2024-11-19 15:30:00+05:30,2630.0535,2634.545,4.491500000000087,2024-11-19 15:35:00+05:30,2634.712,initial_stop,-1.0371813425358818,1,0.2552426764270352,0.5376433433634882,2,4950.971007794643,2024
2024-11-20,long,2024-11-20 15:25:00+05:30,2622.9177,2621.25,1.667699999999968,2024-11-20 15:25:00+05:30,2621.0873,initial_stop,-1.0975595131017941,0,0.5467697811245102,0.34670309682532063,1,4896.6311545076815,2024
2024-11-20,long,2024-11-20 15:45:00+05:30,2623.5236999999997,2620.9795,2.544199999999819,2024-11-20 16:05:00+05:30,2623.3387,breakeven,-0.07271440924453998,4,0.7094781965367981,0.6871488365944248,2,4893.070598090797,2024
2024-11-21,short,2024-11-21 15:00:00+05:30,2665.571,2671.33,5.7590000000000146,2024-11-21 16:45:00+05:30,2671.521,initial_stop,-1.033165480118121,21,0.03822005842758008,0.4917647517662504,1,4842.517081753514,2024
2024-11-21,short,2024-11-21 17:45:00+05:30,2663.9603,2672.6800000000003,8.719700000000103,2024-11-21 23:25:00+05:30,2672.8824000000004,initial_stop,-1.0232118077456933,68,3.4964454621371153,1.3229793640516743,2,4792.96787518091,2024
2024-11-22,short,2024-11-22 18:00:00+05:30,2698.1730000000002,2701.44,3.2669999999998254,2024-11-22 18:10:00+05:30,2701.6277,initial_stop,-1.0574533210896724,2,0.34712218890099894,0.32273378365912697,1,4742.284477206048,2024
2024-11-22,short,2024-11-22 18:45:00+05:30,2698.1630000000005,2704.8165,6.65349999999944,2024-11-22 20:10:00+05:30,2692.9293000000002,trail,0.7866085518900829,17,0.2552369756519108,0.3250139905789284,2,4779.587692458706,2024
2024-11-25,short,2024-11-25 15:45:00+05:30,2670.1306999999997,2675.2185,5.087800000000243,2024-11-25 16:20:00+05:30,2675.4265,initial_stop,-1.0408821101458536,7,1.3859737619498527,0.832900557778956,1,4729.837819229171,2024
2024-11-25,short,2024-11-25 19:40:00+05:30,2667.0238000000004,2681.835,14.811199999999644,2024-11-25 21:00:00+05:30,2638.8521,trail,1.902053851139746,16,4.731060762159359,1.4059552565430404,2,4819.801881622484,2024
2024-11-26,long,2024-11-26 14:45:00+05:30,2621.0477,2612.9049999999997,8.142700000000332,2024-11-26 16:30:00+05:30,2629.0834999999997,trail,0.9868716764708667,21,2.643408539564528,0.5553007595285757,1,4867.367141254226,2024
2024-11-27,short,2024-11-27 19:35:00+05:30,2651.5828,2658.3115,6.728699999999662,2024-11-27 21:20:00+05:30,2644.8140000000003,trail,1.0059595464205817,21,0.20154096757738924,1.6703003002733208,1,4916.330885671012,2024
2024-11-29,long,2024-11-29 14:40:00+05:30,2658.7344000000003,2654.5615,4.172900000000482,2024-11-29 15:50:00+05:30,2661.9560000000006,trail,0.7720290445493388,14,1.0272459210410625,0.28413723382447986,1,4954.286388034542,2024
2024-12-04,long,2024-12-04 17:00:00+05:30,2647.033,2644.41,2.6230000000000473,2024-12-04 17:15:00+05:30,2644.219,initial_stop,-1.0728173846739613,3,0.532799739833704,1.0821460554371811,1,4901.135942377172,2024
2024-12-04,long,2024-12-04 19:20:00+05:30,2646.8433999999997,2641.6715,5.171899999999823,2024-12-04 20:20:00+05:30,2649.5124,trail,0.5160579284209701,12,1.037363009783212,0.41277884684448346,2,4926.428642990499,2024
2024-12-06,short,2024-12-06 14:45:00+05:30,2643.003,2645.7585,2.7554999999997563,2024-12-06 15:15:00+05:30,2643.0353,trail,-0.011722010524352375,6,1.0468745054282071,0.28882918384039336,1,4925.8511665064925,2024
2024-12-10,long,2024-12-10 14:40:00+05:30,2665.1977,2661.5715,3.6262000000001535,2024-12-10 16:40:00+05:30,2672.107,trail,1.905383045612352,24,1.254949784184583,0.5658277708528433,1,5019.7074994852055,2024
2024-12-12,long,2024-12-12 18:50:00+05:30,2705.834,2701.413,4.420999999999822,2024-12-12 19:05:00+05:30,2705.5431999999996,breakeven,-0.06577697353545109,3,0.13980865328264916,1.6015410070253278,1,5016.405687811712,2024
2024-12-16,short,2024-12-16 15:20:00+05:30,2656.0297,2658.3,2.270300000000134,2024-12-16 15:20:00+05:30,2658.5688,initial_stop,-1.1183984495440304,0,0.3837508085210876,0.3604842591173558,1,4960.3022843763865,2024
2024-12-16,short,2024-12-16 21:15:00+05:30,2655.3722,2657.025,1.6528000000002976,2024-12-16 21:25:00+05:30,2655.5710999999997,breakeven,-0.1203412391092879,2,0.049637629331741706,0.5572853493963038,2,4954.332995143802,2024
2024-12-17,long,2024-12-17 15:25:00+05:30,2641.1916,2638.1785,3.0131000000001222,2024-12-17 16:30:00+05:30,2637.9106,initial_stop,-1.0889117520161349,13,0.8897674430209112,0.2677024515167694,1,4900.384680925668,2024
2024-12-17,long,2024-12-17 17:25:00+05:30,2641.6677000000004,2638.9735,2.6942000000003645,2024-12-17 18:55:00+05:30,2642.0462,trail,0.14048697201386398,18,0.6321268387958526,0.7015356764210817,2,4907.269082980932,2024
2024-12-18,long,2024-12-18 18:40:00+05:30,2643.2463000000002,2641.1800000000003,2.0662999999999556,2024-12-18 19:10:00+05:30,2643.0179000000003,breakeven,-0.11053574021195857,6,1.2059694974693205,0.3302108354284671,1,4901.844796775866,2024
2024-12-19,short,2024-12-19 16:25:00+05:30,2618.4441,2626.545,8.10089999999991,2024-12-19 20:05:00+05:30,2600.2358999999997,trail,2.2476761841277746,44,1.2071403682829684,1.9397455368466519,1,5012.022394855903,2024
2024-12-20,short,2024-12-20 19:05:00+05:30,2606.3553,2609.8355,3.480199999999968,2024-12-20 19:10:00+05:30,2610.0272,initial_stop,-1.0550830412044874,1,0.16056708519202664,1.3186854559906127,1,4959.141396546408,2024
2024-12-23,long,2024-12-23 16:40:00+05:30,2618.7927000000004,2617.115,1.677700000000641,2024-12-23 16:50:00+05:30,2616.8778999999995,initial_stop,-1.1413244322585634,2,0.19608771750138795,0.6147614927058063,1,4902.541504157375,2024
2024-12-23,long,2024-12-23 17:45:00+05:30,2618.8211,2615.4955,3.3256000000001222,2024-12-23 18:00:00+05:30,2615.2776,initial_stop,-1.0655220110657,3,2.5445472865918495,0.6350429259324879,2,4850.303845328946,2024
2024-12-24,long,2024-12-24 16:45:00+05:30,2616.2282999999998,2614.3965,1.8317999999999302,2024-12-24 16:50:00+05:30,2614.1560999999997,initial_stop,-1.1312370346108447,1,0.8355838468481865,0.38517619706019623,1,4795.435411939431,2024
2024-12-24,long,2024-12-24 17:25:00+05:30,2616.3197999999998,2612.4535,3.8662999999996828,2024-12-24 19:00:00+05:30,2612.218,initial_stop,-1.0609109484520727,19,2.3962544493017504,0.44250144269147484,2,4744.560112628218,2024
2024-12-26,short,2024-12-26 16:45:00+05:30,2628.9593,2629.955,0.9956999999999425,2024-12-26 18:25:00+05:30,2627.5834999999997,trail,1.3817414884004553,20,0.3937303504511559,0.326135039659537,1,4810.117668146501,2024
2024-12-27,long,2024-12-27 14:40:00+05:30,2626.9116999999997,2626.025,0.8866999999995642,2024-12-27 14:40:00+05:30,2625.8483,initial_stop,-1.1992782226232879,0,0.15081474449363236,0.3426344195183114,1,4752.430974469865,2024
2024-12-27,long,2024-12-27 14:50:00+05:30,2627.5460000000003,2625.1400000000003,2.405999999999949,2024-12-27 15:00:00+05:30,2624.914,initial_stop,-1.0939318370740305,2,0.7290490718111258,0.7088712163760288,2,4700.442619005172,2024
2024-12-30,long,2024-12-30 14:50:00+05:30,2616.3385000000003,2610.9935,5.345000000000255,2024-12-30 16:25:00+05:30,2610.718,initial_stop,-1.051543498596853,19,2.059834740844072,1.0896473303133776,1,4651.015420239747,2024
2024-12-30,long,2024-12-30 16:55:00+05:30,2615.6119000000003,2609.265,6.34690000000046,2024-12-30 18:45:00+05:30,2618.7291000000005,trail,0.49113740566259323,22,3.1469764921609102,0.6607718656295624,2,4673.85829671168,2024
2024-12-31,short,2024-12-31 16:55:00+05:30,2610.7830000000004,2614.325,3.5419999999994616,2024-12-31 18:50:00+05:30,2610.9851000000003,breakeven,-0.05705815923207335,23,0.42566524295814046,0.4925052397861354,1,4671.191479202461,2024
2025-01-02,short,2025-01-02 15:30:00+05:30,2635.9467999999997,2638.0835,2.1367000000004737,2025-01-02 15:40:00+05:30,2636.2027999999996,breakeven,-0.11981092338643767,2,2.1168112481560297,0.425266920006913,1,4665.59488155808,2025
2025-01-03,long,2025-01-03 14:35:00+05:30,2655.6797,2649.9750000000004,5.704699999999775,2025-01-03 18:50:00+05:30,2649.7449,initial_stop,-1.0403351622346888,51,1.327599118668797,0.2897274852068149,1,4617.057057477809,2025
2025-01-06,short,2025-01-06 19:05:00+05:30,2638.1739000000002,2648.5,10.32609999999977,2025-01-06 20:15:00+05:30,2628.9355,trail,0.8946649751600692,14,3.339395085132477,0.3415667266817975,1,4658.364249854219,2025
2025-01-07,short,2025-01-07 18:25:00+05:30,2651.1486,2652.8035,1.6548999999999978,2025-01-07 18:30:00+05:30,2653.0101,initial_stop,-1.1248413801438035,1,0.16424225508247597,0.6228702822510167,1,4605.9650411340335,2025
2025-01-07,short,2025-01-07 20:35:00+05:30,2646.9741,2663.125,16.150900000000092,2025-01-08 19:30:00+05:30,2663.3439,initial_stop,-1.013553424267369,263,3.689611034045248,1.6572378161287336,2,4559.281124739062,2025
2025-01-08,long,2025-01-08 18:00:00+05:30,2648.0128999999997,2645.8995,2.1133999999997286,2025-01-08 20:25:00+05:30,2661.7987,trail,6.523043437116438,29,0.3185290679750705,0.8935612596541938,1,4856.685012926042,2025
2025-01-09,short,2025-01-09 18:30:00+05:30,2673.833,2675.2365,1.4034999999998945,2025-01-09 18:35:00+05:30,2675.4855,initial_stop,-1.1774136088349234,1,0.006138125258107633,0.6335612766373341,1,4799.501742645604,2025
2025-01-09,short,2025-01-09 18:40:00+05:30,2673.4305,2675.3045,1.874000000000251,2025-01-09 18:50:00+05:30,2675.5491,initial_stop,-1.1305229455709491,2,0.042338638197276235,0.8140202325069714,2,4745.242274171918,2025
2025-01-10,short,2025-01-10 15:00:00+05:30,2679.7043,2682.4900000000002,2.785700000000361,2025-01-10 15:45:00+05:30,2682.8733,initial_stop,-1.1375955774131863,9,0.32092149884873533,0.940009671444819,1,4691.260607923397,2025
2025-01-10,short,2025-01-10 17:25:00+05:30,2680.8265000000006,2683.1615,2.3349999999995816,2025-01-10 18:15:00+05:30,2679.3468000000003,trail,0.6337044967882596,10,0.5454748461037607,0.5267252333159489,2,4720.989337351864,2025
2025-01-13,long,2025-01-13 15:00:00+05:30,2685.3347,2683.047,2.287699999999859,2025-01-13 15:05:00+05:30,2684.9687,breakeven,-0.15998601215194652,1,0.0812835383556204,0.8730808296284125,1,4713.4364147769165,2025
2025-01-14,short,2025-01-14 14:30:00+05:30,2670.7502,2673.958,3.207800000000134,2025-01-14 15:35:00+05:30,2669.0127,trail,0.5416484818254426,13,0.05445960182226176,0.42175248456834497,1,4738.966671559363,2025
2025-01-15,short,2025-01-15 15:30:00+05:30,2685.7328,2688.6165,2.8836999999998625,2025-01-15 16:05:00+05:30,2688.8542,initial_stop,-1.0824288240802244,7,1.4125581020580693,0.4424797762967333,1,4687.670730342849,2025
2025-01-15,short,2025-01-15 16:55:00+05:30,2685.9342,2689.0029999999997,3.0687999999995554,2025-01-15 18:40:00+05:30,2686.1864,breakeven,-0.08218196037537116,21,0.13430956431180965,0.26590580409121073,2,4683.818310640711,2025
2025-01-16,short,2025-01-16 14:35:00+05:30,2697.768,2700.362,2.594000000000051,2025-01-16 14:35:00+05:30,2700.544,initial_stop,-1.0701619121047747,0,0.27008601798588655,0.7858650838896664,1,4633.693871048045,2025
2025-01-17,long,2025-01-17 14:40:00+05:30,2711.6955000000003,2709.7805,1.9150000000004184,2025-01-17 14:45:00+05:30,2709.4867,initial_stop,-1.1534203655351722,1,0.020533652562935864,1.2033495256723166,1,4580.247902262822,2025
2025-01-17,long,2025-01-17 18:05:00+05:30,2710.7303,2706.9965,3.733799999999974,2025-01-17 18:45:00+05:30,2706.7066000000004,initial_stop,-1.0776420804541655,8,0.2149632805932432,0.391312223654576,2,4530.889223478919,2025
2025-01-21,long,2025-01-21 14:40:00+05:30,2721.4517,2718.6000000000004,2.8516999999997097,2025-01-21 14:40:00+05:30,2718.2683,initial_stop,-1.116316583090864,0,0.46613920409690734,0.5921227727718608,1,4480.310155715747,2025
2025-01-21,long,2025-01-21 14:50:00+05:30,2721.077,2717.865,3.212000000000444,2025-01-21 16:45:00+05:30,2717.6205999999997,initial_stop,-1.076089663760899,23,0.7247788030188826,0.41836825214907486,2,4432.09800122566,2025
2025-01-23,long,2025-01-23 16:10:00+05:30,2749.388,2746.295,3.092999999999847,2025-01-23 17:30:00+05:30,2751.6428,trail,0.7290009699321923,16,4.614212508031109,0.43777457847581325,1,4464.40803864294,2025
2025-01-24,short,2025-01-24 19:05:00+05:30,2780.4563,2783.4415,2.985200000000077,2025-01-24 19:10:00+05:30,2783.6602,initial_stop,-1.0732614230201973,1,0.32543059887508435,0.9575169543826185,1,4416.493269397973,2025
2025-01-24,short,2025-01-24 19:45:00+05:30,2778.777,2784.425,5.648000000000138,2025-01-24 20:50:00+05:30,2784.6484,initial_stop,-1.0395538243625797,13,1.1040402030443701,1.617079386235784,2,4370.58144471323,2025
2025-01-27,short,2025-01-27 19:05:00+05:30,2756.9347000000002,2762.4750000000004,5.540300000000116,2025-01-27 20:15:00+05:30,2755.1212,trail,0.32732884500842296,14,0.23449668274567861,0.4060956571294006,1,4384.887618476362,2025
2025-01-29,short,2025-01-29 15:20:00+05:30,2763.425,2764.5699999999997,1.144999999999527,2025-01-29 16:40:00+05:30,2758.875,trail,3.9737991266393546,16,0.16467763040834751,0.48352155311458334,1,4559.134244363493,2025
2025-02-04,short,2025-02-04 15:40:00+05:30,2817.3943,2821.905,4.51070000000027,2025-02-04 16:35:00+05:30,2815.633,trail,0.39047154543640983,11,1.1612164309665092,0.8188034176287337,1,4576.936366305979,2025
2025-02-05,short,2025-02-05 19:05:00+05:30,2862.4822,2870.2815,7.79930000000013,2025-02-05 20:15:00+05:30,2870.4955,initial_stop,-1.0274383598527994,14,4.965636257185578,1.3779822711297767,1,4529.911166372499,2025
2025-02-06,long,2025-02-06 20:25:00+05:30,2850.0764,2846.705,3.371399999999994,2025-02-06 20:25:00+05:30,2846.4236,initial_stop,-1.0834668090407098,0,0.5805375382935528,0.41136790451981237,1,4480.831082405824,2025
2025-02-07,short,2025-02-07 15:40:00+05:30,2866.827,2870.495,3.6679999999996653,2025-02-07 19:00:00+05:30,2864.8921,trail,0.5275081788441588,40,1.545943449432919,0.6228033937397855,1,4504.467832845707,2025
2025-02-10,short,2025-02-10 16:05:00+05:30,2898.8822999999998,2906.38,7.49770000000035,2025-02-10 17:40:00+05:30,2906.6537000000003,initial_stop,-1.0365045280552938,19,3.1025143780027395,0.32599313086395626,1,4457.778819793467,2025
2025-02-10,short,2025-02-10 19:35:00+05:30,2896.6385999999998,2904.1915,7.552900000000136,2025-02-10 19:50:00+05:30,2904.4952,initial_stop,-1.0402097207694965,3,3.847488098404432,1.0052303807307947,2,4411.4085711795715,2025
2025-02-11,long,2025-02-11 15:35:00+05:30,2905.8920000000003,2901.88,4.012000000000171,2025-02-11 17:35:00+05:30,2901.6526,initial_stop,-1.0566799601196926,24,0.37567530802627636,0.8884373658016379,1,4364.794100848914,2025
2025-02-11,long,2025-02-11 21:15:00+05:30,2904.3225,2896.7650000000003,7.557499999999891,2025-02-12 01:50:00+05:30,2896.5200000000004,initial_stop,-1.0324181276877133,55,3.0102351933152534,0.2748328291725483,2,4319.731175315506,2025
2025-02-12,long,2025-02-12 17:35:00+05:30,2882.4835000000003,2879.0564999999997,3.4270000000005894,2025-02-12 18:35:00+05:30,2882.2355000000002,breakeven,-0.0723665013131032,12,0.08597744738618249,1.2398197123031296,1,4316.6051369977995,2025
2025-02-13,long,2025-02-13 19:05:00+05:30,2915.147,2908.3165,6.830500000000029,2025-02-13 19:20:00+05:30,2908.0875,initial_stop,-1.0335260961861963,3,0.11976874591003012,2.182549697693571,1,4271.991896437613,2025
2025-02-13,long,2025-02-13 19:35:00+05:30,2910.2100000000005,2905.8765000000003,4.3335000000001855,2025-02-13 21:00:00+05:30,2915.664,trail,1.2585669781930287,17,0.6139933233152343,0.38916364044470964,2,4325.757775757259,2025
2025-02-14,long,2025-02-14 19:55:00+05:30,2926.5192999999995,2914.325,12.194299999999657,2025-02-14 20:45:00+05:30,2914.1200999999996,initial_stop,-1.0168029325176668,10,2.7836960966672835,0.2533867441226579,1,4281.773343839748,2025
2025-02-17,short,2025-02-17 14:35:00+05:30,2902.554,2904.0585,1.5045000000000073,2025-02-17 14:45:00+05:30,2902.808,breakeven,-0.16882685277494464,2,0.23679846501568608,0.3323805875187215,1,4274.544560660387,2025
2025-02-18,long,2025-02-18 16:20:00+05:30,2909.7129999999997,2907.17,2.5429999999996653,2025-02-18 18:35:00+05:30,2914.335,trail,1.8175383405430228,27,0.2589684967570143,1.2465104062067371,1,4352.236046933986,2025
2025-02-19,short,2025-02-19 14:35:00+05:30,2938.6460000000006,2940.155,1.5089999999995598,2025-02-19 14:45:00+05:30,2940.402,initial_stop,-1.1636845593107459,2,0.014470770775633045,0.46054800902072635,1,4301.589748071058,2025
2025-02-19,short,2025-02-19 17:20:00+05:30,2938.731,2944.6565,5.925499999999829,2025-02-19 18:05:00+05:30,2936.294,trail,0.411273310269247,9,4.069073987553208,0.3597391799889587,2,4319.281038622153,2025
2025-02-20,short,2025-02-20 15:10:00+05:30,2950.4796999999994,2954.7765,4.29680000000053,2025-02-20 15:50:00+05:30,2955.0405,initial_stop,-1.0614410724260126,8,0.07243126410184712,0.9137220969064045,1,4273.434415644709,2025
2025-02-20,short,2025-02-20 16:25:00+05:30,2951.2674,2954.3085,3.041099999999915,2025-02-20 17:35:00+05:30,2950.5587,trail,0.23304067607120948,14,0.43668518854169386,0.3051503165984501,2,4283.393256098387,2025
2025-02-21,short,2025-02-21 17:05:00+05:30,2931.9339,2936.185,4.251099999999951,2025-02-21 17:45:00+05:30,2932.1731,trail,-0.05626778951329898,8,0.52957661353521,1.5729998421860536,1,4280.983085397019,2025
2025-02-24,short,2025-02-24 15:45:00+05:30,2942.9073,2944.775,1.8677000000002408,2025-02-24 16:35:00+05:30,2940.219,trail,1.4393639235420317,10,0.2812915821791666,0.3686624524013146,1,4342.60201150116,2025
2025-02-25,short,2025-02-25 14:35:00+05:30,2939.7666,2942.5485,2.7818999999999505,2025-02-25 18:35:00+05:30,2930.7706000000003,trail,3.23376109852971,48,0.7215407074387856,0.42604832803011045,1,4483.031386013053,2025
2025-02-26,long,2025-02-26 19:40:00+05:30,2899.4719999999998,2896.76,2.7119999999995343,2025-02-26 19:40:00+05:30,2896.4980000000005,initial_stop,-1.096607669616431,0,0.5320682230812764,0.35350728408478616,1,4433.870120002722,2025
2025-02-26,long,2025-02-26 20:20:00+05:30,2902.4348999999997,2890.8015,11.63339999999971,2025-02-26 21:55:00+05:30,2909.8832999999995,trail,0.640259941203771,19,1.9149791441006152,1.019148782093122,2,4462.258414226103,2025
2025-02-27,long,2025-02-27 14:45:00+05:30,2887.2520000000004,2877.0200000000004,10.231999999999971,2025-02-27 20:15:00+05:30,2876.7199000000005,initial_stop,-1.0293295543393208,66,1.9322526968336946,0.7384061909796161,1,4416.327069577481,2025
2025-02-28,long,2025-02-28 14:50:00+05:30,2862.2038,2854.92,7.283799999999701,2025-02-28 18:20:00+05:30,2854.6418000000003,initial_stop,-1.0381943491034562,42,0.5737485692797908,0.6145000499391452,1,4370.4770115032015,2025
2025-02-28,long,2025-02-28 18:45:00+05:30,2861.5467000000003,2854.4465,7.100200000000314,2025-02-28 18:55:00+05:30,2854.0858,initial_stop,-1.050801385876477,2,2.4871142900325007,0.3679026782327025,2,4324.551978496913,2025
2025-03-03,short,2025-03-03 15:05:00+05:30,2868.4523000000004,2871.58,3.1276999999995496,2025-03-03 15:20:00+05:30,2868.6940000000004,breakeven,-0.07727723247116793,3,1.134476784173727,0.3123559427785953,1,4321.210084411154,2025
2025-03-05,long,2025-03-05 16:30:00+05:30,2913.5130000000004,2908.985,4.528000000000247,2025-03-05 18:10:00+05:30,2915.9743000000003,trail,0.5435733215547268,20,0.9329202750611723,0.9587253834672116,1,4344.699029598345,2025
2025-03-06,long,2025-03-06 20:35:00+05:30,2920.6025,2910.7349999999997,9.867500000000291,2025-03-06 20:50:00+05:30,2910.4646,initial_stop,-1.027403090955143,3,6.945080661123981,0.7228821425792059,1,4300.061457475554,2025
2025-03-07,short,2025-03-07 15:50:00+05:30,2918.1589,2923.0135,4.854600000000119,2025-03-07 19:00:00+05:30,2918.5456999999997,breakeven,-0.07967700737439892,38,2.350916521326744,0.6077635293751931,1,4296.635297190977,2025
2025-03-10,long,2025-03-10 14:45:00+05:30,2909.0202,2896.757,12.26319999999987,2025-03-10 17:10:00+05:30,2896.4521999999997,initial_stop,-1.024854850283804,29,2.555393498759824,1.2530000295703367,1,4252.60102194871,2025
2025-03-10,long,2025-03-10 17:40:00+05:30,2906.1757000000002,2896.727,9.448700000000372,2025-03-10 22:15:00+05:30,2896.4383,initial_stop,-1.030554467810392,55,0.02606802670362384,0.394107403716633,2,4208.775652118867,2025
2025-03-11,short,2025-03-11 14:35:00+05:30,2909.23,2911.0550000000003,1.8250000000002728,2025-03-11 14:35:00+05:30,2911.275,initial_stop,-1.1205479452053517,0,0.31701227531234605,0.5103124431850417,1,4161.614303030746,2025
2025-03-11,short,2025-03-11 15:05:00+05:30,2909.3054000000006,2911.46,2.154599999999391,2025-03-11 15:15:00+05:30,2911.6974,initial_stop,-1.1101828645688512,2,0.5622375562932824,0.49967484782270555,2,4115.412774149052,2025
2025-03-13,short,2025-03-13 15:50:00+05:30,2943.9249,2948.6850000000004,4.7601000000004206,2025-03-13 17:30:00+05:30,2948.9134000000004,initial_stop,-1.0479821852481974,20,2.443827964666748,0.31651467263680244,1,4072.2839814265412,2025
2025-03-13,short,2025-03-13 18:00:00+05:30,2943.014,2949.2685,6.254500000000007,2025-03-13 19:05:00+05:30,2949.5055,initial_stop,-1.0378927172435974,13,0.029315680080224657,0.680856669853136,2,4030.0180425578374,2025
2025-03-14,short,2025-03-14 16:10:00+05:30,2989.7344,3004.9835000000003,15.249100000000453,2025-03-17 03:30:00+05:30,2988.0870000000004,eod_data,0.1080326052028861,124,4.786629383672474,0.9866724620284165,1,4034.371776039359,2025
2025-03-17,short,2025-03-17 17:40:00+05:30,2992.9433,3001.3635000000004,8.420200000000477,2025-03-18 01:40:00+05:30,3001.6445000000003,initial_stop,-1.033372128928046,96,3.5610594994795455,0.7569940757458827,1,3992.6817025284286,2025
2025-03-18,short,2025-03-18 15:05:00+05:30,3021.6568,3026.632,4.975199999999859,2025-03-18 17:05:00+05:30,3026.8972,initial_stop,-1.0533043897732413,24,2.9666602910795112,0.45080976442159426,1,3950.6266108860236,2025
2025-03-19,long,2025-03-19 15:10:00+05:30,3029.666,3025.6549999999997,4.011000000000422,2025-03-19 16:25:00+05:30,3033.9613999999997,trail,1.0709050112189145,15,2.666252032929675,0.36982904616253126,1,3992.93406923655,2025
2025-03-20,long,2025-03-20 14:45:00+05:30,3043.5187,3040.995,2.52370000000019,2025-03-20 15:15:00+05:30,3043.2737,breakeven,-0.09707968459003544,6,0.014892243718784233,0.3030702230553372,1,3989.057741436247,2025
2025-03-24,short,2025-03-24 16:05:00+05:30,3030.0794,3033.3950000000004,3.3156000000003587,2025-03-24 17:45:00+05:30,3026.6447000000003,trail,1.0359211002531734,20,0.5894261681433985,0.7981148925392135,1,4030.3812322810677,2025
2025-03-25,short,2025-03-25 14:40:00+05:30,3020.2933000000003,3021.965,1.6716999999998734,2025-03-25 15:15:00+05:30,3022.2468000000003,initial_stop,-1.168570915834315,7,0.022618516685095465,0.46643049272503373,1,3983.2833694033866,2025
2025-03-25,short,2025-03-25 17:30:00+05:30,3020.4445,3025.6935000000003,5.249000000000251,2025-03-25 18:00:00+05:30,3019.4829999999997,trail,0.18317774814255972,6,3.3190018513220636,0.40522881660030624,2,3990.5798581815966,2025
2025-03-26,long,2025-03-26 15:50:00+05:30,3021.3430000000003,3017.0299999999997,4.313000000000557,2025-03-26 17:25:00+05:30,3027.5465,trail,1.438325991189154,19,1.4440934525012274,0.9214580573455208,1,4047.977405480982,2025
2025-03-27,short,2025-03-27 14:55:00+05:30,3035.3268,3038.465,3.1382000000003245,2025-03-27 15:20:00+05:30,3038.7007000000003,initial_stop,-1.0751067490918853,5,1.14973864992419,0.5110902904020189,1,4004.457327192941,2025
2025-03-27,short,2025-03-27 19:20:00+05:30,3034.7425999999996,3043.38,8.637400000000525,2025-03-27 19:30:00+05:30,3043.629,initial_stop,-1.0288281195729942,2,5.59225510870538,0.4187723942166199,2,3963.258344174479,2025
2025-03-28,long,2025-03-28 14:45:00+05:30,3072.3634,3069.71,2.653400000000147,2025-03-28 15:20:00+05:30,3072.0974,breakeven,-0.10024873746893105,7,0.5034777860857682,0.5159252334824039,1,3959.285227721812,2025
2025-03-31,long,2025-03-31 19:25:00+05:30,3111.2083,3099.965,11.243299999999635,2025-03-31 21:00:00+05:30,3119.7056,trail,0.755765655990703,19,1.3451208063121882,1.207097296333832,1,3989.208145695647,2025
2025-04-02,short,2025-04-02 16:15:00+05:30,3116.984,3129.83,12.846000000000004,2025-04-02 19:00:00+05:30,3130.1226,initial_stop,-1.0227775182936494,33,4.785132080905025,1.6987959495794909,1,3948.407421623533,2025
2025-04-02,short,2025-04-02 19:20:00+05:30,3119.4924,3132.1765,12.684099999999944,2025-04-02 21:55:00+05:30,3132.4686,initial_stop,-1.0230288313715692,31,2.8481943222087565,0.4612022938721706,2,3908.0140753203095,2025
2025-04-03,long,2025-04-03 15:45:00+05:30,3119.6754,3112.3065,7.36889999999994,2025-04-03 15:45:00+05:30,3112.0461,initial_stop,-1.035337703049318,0,0.12014227730965192,1.6104177596823845,1,3867.5529321580443,2025
2025-04-03,long,2025-04-03 19:55:00+05:30,3119.3831,3088.05,31.33309999999983,2025-04-04 08:35:00+05:30,3087.7289,initial_stop,-1.0102479486549405,140,0.2101711948006845,0.752021610772536,2,3828.481057997774,2025
2025-04-04,long,2025-04-04 14:55:00+05:30,3094.5836000000004,3083.8199999999997,10.763600000000679,2025-04-04 17:05:00+05:30,3118.9457,trail,2.2633784235755967,26,2.3733604671104302,0.5160020165245062,1,3915.134072215174,2025
2025-04-07,short,2025-04-07 17:10:00+05:30,3041.1409999999996,3046.2815,5.140500000000429,2025-04-07 18:20:00+05:30,3031.4035,trail,1.8942709853125015,14,0.13355009959435216,0.8055262445741895,1,3989.29732098123,2025
2025-04-09,short,2025-04-09 17:00:00+05:30,3060.112,3064.99,4.877999999999702,2025-04-09 17:00:00+05:30,3065.3149999999996,initial_stop,-1.0666256662566294,0,0.4557750832600975,0.4624302061575156,1,3946.746451852356,2025
2025-04-09,short,2025-04-09 17:05:00+05:30,3058.4386,3065.5150000000003,7.076400000000376,2025-04-09 17:05:00+05:30,3065.8514000000005,initial_stop,-1.0475382963088749,0,0.5444647148870719,0.773198544839745,2,3905.402771310991,2025
2025-04-10,long,2025-04-10 15:30:00+05:30,3116.9730000000004,3106.685,10.288000000000466,2025-04-10 18:05:00+05:30,3122.736,trail,0.5601671850699071,31,2.6537912289427164,0.5835883489574368,1,3927.279556080686,2025
2025-04-11,short,2025-04-11 14:30:00+05:30,3215.7859999999996,3224.9300000000003,9.144000000000688,2025-04-11 15:15:00+05:30,3225.3131000000003,initial_stop,-1.0418963254593159,9,0.44754788786167427,0.4275990478985765,1,3886.361374695366,2025
2025-04-11,short,2025-04-11 16:15:00+05:30,3215.375,3230.1099999999997,14.734999999999673,2025-04-11 18:00:00+05:30,3230.486,initial_stop,-1.0255174753987248,21,3.722444424021236,0.5478133417822946,2,3846.506059640719,2025
2025-04-14,long,2025-04-14 15:05:00+05:30,3224.054,3220.9900000000002,3.063999999999851,2025-04-14 15:35:00+05:30,3220.6560000000004,initial_stop,-1.109007832898123,6,0.2789146860193186,0.46798666067663225,1,3803.8480061464024,2025
2025-04-14,long,2025-04-14 16:45:00+05:30,3223.474,3213.2,10.274000000000342,2025-04-14 17:55:00+05:30,3212.859,initial_stop,-1.033190578158447,14,3.7584047085805734,0.27146035926460554,2,3764.54700693943,2025
2025-04-15,long,2025-04-15 17:30:00+05:30,3220.508,3216.87,3.63799999999992,2025-04-15 17:50:00+05:30,3220.1969999999997,breakeven,-0.08548653106106542,4,0.7990082613233022,0.6396373412746844,1,3761.3288262930346,2025
2025-04-16,short,2025-04-16 16:40:00+05:30,3297.605,3306.985,9.38000000000011,2025-04-16 17:15:00+05:30,3307.315,initial_stop,-1.0351812366737658,7,3.0559144110370444,0.3658674445600872,1,3722.3922560336473,2025
2025-04-16,short,2025-04-16 19:10:00+05:30,3297.552,3309.045,11.492999999999938,2025-04-16 19:20:00+05:30,3309.366,initial_stop,-1.0279300443748294,2,2.9566744130462888,0.2890209661255304,2,3684.1286676643954,2025
2025-04-17,short,2025-04-17 17:45:00+05:30,3336.338,3339.175,2.836999999999989,2025-04-17 17:45:00+05:30,3339.547,initial_stop,-1.1311244272117889,0,0.22207295354745976,0.4374569627110566,1,3642.4565883745313,2025
2025-04-17,short,2025-04-17 17:50:00+05:30,3333.341,3342.535,9.19399999999996,2025-04-17 18:30:00+05:30,3329.286,trail,0.4410485098977435,8,1.0204820674868693,1.1398224524676137,2,3658.5215888812295,2025
2025-04-23,long,2025-04-23 19:50:00+05:30,3279.5649999999996,3260.125,19.4399999999996,2025-04-23 22:40:00+05:30,3294.5920000000006,trail,0.7729938271605588,34,1.5207040932575782,0.4432591842918064,1,3686.801734928618,2025
2025-04-24,short,2025-04-24 15:05:00+05:30,3330.076,3341.155,11.079000000000178,2025-04-24 16:55:00+05:30,3341.531,initial_stop,-1.0339380810542236,22,2.029097677182112,0.9423792856988678,1,3648.6824878182233,2025
2025-04-24,short,2025-04-24 18:35:00+05:30,3332.358,3344.8,12.442000000000007,2025-04-24 19:55:00+05:30,3318.646,trail,1.1020736216042422,16,2.4118025744864955,0.3936451963171711,2,3688.8936550525614,2025
2025-04-25,long,2025-04-25 18:50:00+05:30,3277.6940000000004,3271.58,6.1140000000004875,2025-04-25 18:50:00+05:30,3271.201,initial_stop,-1.0619888779849322,0,0.21920598700316327,0.7224766612839039,1,3649.718014715211,2025
2025-04-25,long,2025-04-25 19:15:00+05:30,3279.198,3265.16,14.038000000000011,2025-04-26 00:05:00+05:30,3291.951,trail,0.9084627439806344,58,1.128335130516589,0.8584367853059812,2,3682.8743431392486,2025
2025-04-30,long,2025-04-30 18:20:00+05:30,3303.9130000000005,3283.65,20.263000000000375,2025-05-01 02:05:00+05:30,3283.3160000000003,initial_stop,-1.016483245323981,93,5.7566095629311365,0.429433058947868,1,3645.4385424949023,2025
2025-05-06,short,2025-05-06 14:50:00+05:30,3372.7690000000002,3380.7200000000003,7.951000000000022,2025-05-06 15:20:00+05:30,3381.1000000000004,initial_stop,-1.0477927304741679,6,1.4581437759803624,0.4420504188495992,1,3607.241902452737,2025
2025-05-07,long,2025-05-07 14:45:00+05:30,3383.8310000000006,3378.3050000000003,5.526000000000295,2025-05-07 14:50:00+05:30,3378.01,initial_stop,-1.0533840028954138,1,0.8301779291338773,0.25750889468505445,1,3569.24379330656,2025
2025-05-07,long,2025-05-07 15:45:00+05:30,3384.385,3369.3950000000004,14.989999999999782,2025-05-08 00:45:00+05:30,3369.0240000000003,initial_stop,-1.0247498332221547,108,2.9766692854592165,0.34372362556938807,2,3532.6679734873587,2025
2025-05-09,short,2025-05-09 17:05:00+05:30,3326.2110000000002,3338.5150000000003,12.304000000000087,2025-05-09 18:55:00+05:30,3338.835,initial_stop,-1.0260078023406785,22,1.483858913855743,1.572275377634778,1,3496.422524448588,2025
2025-05-09,short,2025-05-09 19:30:00+05:30,3330.542,3339.415,8.873000000000047,2025-05-09 19:50:00+05:30,3330.832,breakeven,-0.03268342161613457,4,2.1185861932369896,0.5117553647145131,2,3495.279773933441,2025
2025-05-13,long,2025-05-13 19:15:00+05:30,3238.59,3231.96,6.630000000000109,2025-05-13 19:15:00+05:30,3231.6400000000003,initial_stop,-1.048265460030121,0,0.46699004790125964,0.8816173673193337,1,3458.639963331878,2025
2025-05-13,long,2025-05-13 19:50:00+05:30,3239.231,3225.49,13.74100000000044,2025-05-13 22:05:00+05:30,3252.4610000000002,trail,0.9628120224146419,27,0.5219940197248291,0.9681168156525346,2,3491.9401647108743,2025
2025-05-15,short,2025-05-15 17:05:00+05:30,3172.95,3179.8500000000004,6.900000000000546,2025-05-15 17:30:00+05:30,3180.1470000000004,initial_stop,-1.04304347826087,5,0.5889342910763837,0.8012904056473314,1,3455.5177105580856,2025
2025-05-19,short,2025-05-19 14:50:00+05:30,3235.1130000000003,3247.69,12.57699999999977,2025-05-19 17:15:00+05:30,3247.995,initial_stop,-1.0242506162041696,29,2.2406954435031796,1.0018939460910263,1,3420.12454911465,2025
2025-05-19,short,2025-05-19 18:20:00+05:30,3237.9000000000005,3243.2250000000004,5.324999999999818,2025-05-19 18:40:00+05:30,3238.2490000000003,breakeven,-0.06553990610323329,4,2.8111218949803565,0.2995334997315464,2,3417.8830026965466,2025
2025-05-21,long,2025-05-21 18:40:00+05:30,3303.4266000000002,3297.2865,6.140100000000075,2025-05-21 19:10:00+05:30,3303.1145,breakeven,-0.050829791045764176,6,0.333833436691785,0.27653281247427236,1,3416.1456999080874,2025
2025-05-26,long,2025-05-26 15:25:00+05:30,3329.6013000000003,3324.95,4.651300000000447,2025-05-26 17:50:00+05:30,3331.7527,trail,0.4625373551479227,29,0.0710149547218837,0.6820738674462181,1,3431.946649876442,2025
2025-05-27,long,2025-05-27 15:50:00+05:30,3295.6911,3290.633,5.058100000000195,2025-05-27 16:45:00+05:30,3290.3109,initial_stop,-1.063680037958888,11,0.025409983831758,1.1446948598682414,1,3395.4417184483073,2025
2025-05-27,long,2025-05-27 17:10:00+05:30,3293.4760000000006,3288.0365,5.4395000000004075,2025-05-27 17:25:00+05:30,3287.7110000000002,initial_stop,-1.0598400588289172,3,0.06433832545569354,0.6721479054617342,2,3359.455466942003,2025
2025-05-28,short,2025-05-28 16:10:00+05:30,3315.41,3321.1165,5.706500000000233,2025-05-28 17:00:00+05:30,3314.0143000000003,trail,0.2445807412598829,10,3.7185591496759205,0.3670196978438045,1,3367.6720480253457,2025
2025-05-30,long,2025-05-30 19:40:00+05:30,3283.7886,3271.54,12.248599999999897,2025-06-02 03:30:00+05:30,3302.6892000000003,eod_data,1.5430824747318515,82,1.1537929198607757,0.8466017466255938,1,3419.638005204868,2025
2025-06-03,long,2025-06-03 19:20:00+05:30,3344.5112,3341.9700000000003,2.5411999999996624,2025-06-03 19:20:00+05:30,3341.5938000000006,initial_stop,-1.148040295923087,0,0.28596949359149076,0.25380727504460554,1,3380.3791829304155,2025
2025-06-03,long,2025-06-03 20:00:00+05:30,3346.8128,3333.04,13.772800000000188,2025-06-04 05:05:00+05:30,3357.2575000000006,trail,0.7583570515799491,97,0.0992072742941954,0.7275200114907663,2,3406.014526834309,2025
2025-06-04,short,2025-06-04 14:30:00+05:30,3362.617,3364.295,1.6779999999998836,2025-06-04 14:40:00+05:30,3364.6152,initial_stop,-1.1908224076282097,2,0.04396450412975243,0.48535263149657204,1,3365.4549426416943,2025
2025-06-04,short,2025-06-04 14:45:00+05:30,3360.977,3364.4,3.423000000000229,2025-06-04 14:55:00+05:30,3364.6852,initial_stop,-1.0833187262634487,2,0.08486589962916502,1.1147145626376898,2,3328.9963390240982,2025
2025-06-05,short,2025-06-05 20:20:00+05:30,3366.7916,3383.2715,16.479899999999816,2025-06-05 21:45:00+05:30,3350.7283,trail,0.9747207203927195,17,4.474382890630827,0.9298674315805883,1,3361.444756121681,2025
2025-06-06,long,2025-06-06 18:05:00+05:30,3357.4758,3348.6965,8.779300000000148,2025-06-06 18:10:00+05:30,3348.3391,initial_stop,-1.0407093959654943,1,0.5593075111470317,1.7309744958955693,1,3326.4618847045335,2025
2025-06-06,long,2025-06-06 18:15:00+05:30,3353.7695,3343.525,10.244499999999789,2025-06-06 19:25:00+05:30,3343.2372,initial_stop,-1.028093123139252,14,1.5929552085668466,0.5883430906216518,2,3292.262758824038,2025
2025-06-10,short,2025-06-10 16:55:00+05:30,3339.8773,3342.225,2.3476999999998043,2025-06-10 17:00:00+05:30,3342.5067,initial_stop,-1.1199897772287875,1,0.3959450565017313,0.5131801849630838,1,3255.3897524856984,2025
2025-06-10,short,2025-06-10 17:05:00+05:30,3339.8932999999997,3342.5615000000003,2.6682000000005246,2025-06-10 17:50:00+05:30,3336.3154,trail,1.3409414586609207,9,0.5501388253339271,0.5226653882586808,2,3299.042623317778,2025
2025-06-11,long,2025-06-11 16:40:00+05:30,3328.054,3326.1285,1.9255000000002838,2025-06-11 17:30:00+05:30,3331.4799,trail,1.7792261750190723,10,0.2945058261550161,0.2741169612670283,1,3357.7400531968838,2025
2025-06-12,long,2025-06-12 14:40:00+05:30,3359.1527,3355.4485,3.704200000000128,2025-06-12 15:05:00+05:30,3358.8583,breakeven,-0.07947735003515286,5,0.5472377845291558,0.35795664882327904,1,3355.071410381534,2025
2025-06-16,long,2025-06-16 18:50:00+05:30,3416.329,3406.0115,10.31750000000011,2025-06-16 19:10:00+05:30,3405.7124,initial_stop,-1.0289895808093217,4,1.2247685288376429,1.6908900748316664,1,3320.5480751399955,2025
2025-06-17,long,2025-06-17 20:15:00+05:30,3376.0786000000003,3366.1935000000003,9.885099999999966,2025-06-17 20:55:00+05:30,3383.3749000000003,trail,0.7381108941740598,8,0.4099689802552774,0.8563493588996626,1,3345.0574022288906,2025
2025-06-18,short,2025-06-18 18:55:00+05:30,3390.7984000000006,3392.8500000000004,2.0515999999997803,2025-06-18 18:55:00+05:30,3393.1651,initial_stop,-1.1535874439461082,0,0.014195278612397309,0.6431407563259621,1,3306.469240043988,2025
2025-06-18,short,2025-06-18 19:20:00+05:30,3390.9956,3396.9165000000003,5.920900000000074,2025-06-18 20:10:00+05:30,3389.0678000000003,trail,0.32559239304833887,10,1.3721964568950549,0.5145736713355316,2,3317.2348523680544,2025
2025-06-19,short,2025-06-19 16:15:00+05:30,3376.8032000000003,3379.1980000000003,2.394800000000032,2025-06-19 18:05:00+05:30,3370.0353000000005,trail,2.8260815099380894,22,0.0205814880164532,0.8213178708399272,1,3410.98261317205,2025
2025-06-20,short,2025-06-20 16:35:00+05:30,3354.6855,3357.625,2.9394999999999527,2025-06-20 17:05:00+05:30,3354.9493,breakeven,-0.0897431535976112,6,1.476226179648532,0.2898305066989592,1,3407.9214898063233,2025
2025-06-23,short,2025-06-23 14:50:00+05:30,3365.1444,3368.795,3.6505999999999403,2025-06-23 14:55:00+05:30,3369.0605,initial_stop,-1.0727277707774006,1,1.0307599830866854,0.26286680372223087,1,3371.36376957888,2025
2025-06-23,short,2025-06-23 15:00:00+05:30,3364.8468,3369.15,4.303200000000288,2025-06-23 16:30:00+05:30,3369.4075000000003,initial_stop,-1.0598391894404504,18,1.139239741909237,0.36445937849095666,2,3335.632735130286,2025
2025-06-24,long,2025-06-24 19:35:00+05:30,3304.7971999999995,3295.435,9.362199999999575,2025-06-24 21:30:00+05:30,3312.1732,trail,0.7878490098482187,23,1.4777087190239657,0.2945835894148466,1,3361.912484606183,2025
2025-06-25,long,2025-06-25 15:45:00+05:30,3327.9617000000003,3323.16,4.801700000000437,2025-06-25 17:15:00+05:30,3322.8993,initial_stop,-1.054293271133097,18,0.013426040121051334,0.43571300014071074,1,3326.4680674995966,2025
2025-06-25,long,2025-06-25 17:55:00+05:30,3328.0514000000003,3321.6765,6.3749000000002525,2025-06-25 18:10:00+05:30,3321.3888,initial_stop,-1.045130119688128,3,0.3512024371892134,0.4218846886984792,2,3291.7021478043507,2025
2025-06-26,short,2025-06-26 14:35:00+05:30,3344.8019,3350.365,5.563099999999849,2025-06-26 15:30:00+05:30,3342.3441000000003,trail,0.4418040301270417,11,1.1031776391846786,1.374017658385985,1,3306.2450205531286,2025
2025-06-27,long,2025-06-27 17:25:00+05:30,3279.8669999999997,3276.1685,3.6984999999995125,2025-06-27 17:30:00+05:30,3279.5771999999997,breakeven,-0.07835609030689523,1,0.06292431162840634,1.0720500095164813,1,3303.6543762190568,2025
2025-06-30,long,2025-06-30 15:10:00+05:30,3284.3171,3277.4735,6.843600000000151,2025-06-30 16:50:00+05:30,3277.1848,initial_stop,-1.042185399497349,20,1.7349855792973863,0.37328818918401335,1,3269.2241726602465,2025
2025-06-30,long,2025-06-30 17:55:00+05:30,3285.4,3278.08,7.320000000000164,2025-06-30 19:05:00+05:30,3277.8006,initial_stop,-1.0381693989070888,14,3.2111239780446907,0.8888108010265444,2,3235.2840877180142,2025
2025-07-01,short,2025-07-01 14:35:00+05:30,3338.2090000000003,3341.005,2.7959999999998217,2025-07-01 14:50:00+05:30,3341.2094,initial_stop,-1.0731044349070424,3,0.5768123609881399,0.42273384155620386,1,3200.5661106908706,2025
2025-07-01,short,2025-07-01 21:25:00+05:30,3337.9286,3342.6765,4.747899999999845,2025-07-01 22:05:00+05:30,3342.9539,initial_stop,-1.0584258303670997,8,6.004948244683932,0.377099166405943,2,3166.6904922573426,2025
2025-07-02,short,2025-07-02 16:40:00+05:30,3344.5753,3347.8365000000003,3.261200000000372,2025-07-02 17:45:00+05:30,3343.4911,trail,0.33245431129635067,13,0.7771228476574071,0.7323180450398855,1,3177.2182913242636,2025
2025-07-03,long,2025-07-03 16:05:00+05:30,3350.8316,3346.035,4.796600000000126,2025-07-03 17:05:00+05:30,3345.839,initial_stop,-1.0408622774465053,12,3.1008028079323324,0.2937549208855459,1,3144.147824657739,2025
2025-07-04,long,2025-07-04 15:20:00+05:30,3336.4129000000003,3333.085,3.327900000000227,2025-07-04 16:10:00+05:30,3332.7702,initial_stop,-1.0945941885273245,10,0.7872303270339385,0.6501957113720992,1,3109.732165290327,2025
2025-07-04,long,2025-07-04 16:20:00+05:30,3337.655,3331.6035,6.051500000000033,2025-07-04 18:15:00+05:30,3331.2633,initial_stop,-1.056217466743798,23,1.5190630974195547,1.267465992949783,2,3076.88663099158,2025
2025-07-07,long,2025-07-07 16:40:00+05:30,3306.2511000000004,3296.44,9.811100000000351,2025-07-07 20:35:00+05:30,3317.4139,trail,1.1377725229586089,47,2.567232417927873,0.27761931961322023,1,3111.8946016415894,2025
2025-07-08,long,2025-07-08 17:45:00+05:30,3329.6701000000003,3321.8035,7.86660000000029,2025-07-08 18:40:00+05:30,3321.5087,initial_stop,-1.0374748938550469,11,0.7121736881280221,0.5223150275627271,1,3079.6094764263275,2025
2025-07-09,short,2025-07-09 18:35:00+05:30,3295.4955,3299.0950000000003,3.599500000000262,2025-07-09 18:40:00+05:30,3299.3457000000003,initial_stop,-1.0696485623003287,1,0.5191277277817599,0.7304093444604268,1,3046.6684779372686,2025
2025-07-09,short,2025-07-09 18:55:00+05:30,3296.7119,3299.6000000000004,2.888100000000577,2025-07-09 19:10:00+05:30,3296.9858999999997,breakeven,-0.09487206121665887,3,0.722197395906252,0.2797942342493584,2,3043.778040753811,2025
2025-07-10,long,2025-07-10 19:25:00+05:30,3317.5911,3315.2115000000003,2.379599999999755,2025-07-10 19:25:00+05:30,3314.9404000000004,initial_stop,-1.1139267103714747,0,0.19943734859337095,0.4189650771554354,1,3009.872584153433,2025
2025-07-10,long,2025-07-10 19:45:00+05:30,3319.3662999999997,3310.195,9.171299999999519,2025-07-11 06:30:00+05:30,3329.3667,trail,1.0904015788384285,117,1.5591500008403911,0.8736604586468565,2,3042.692282332067,2025
2025-07-11,short,2025-07-11 18:15:00+05:30,3352.2109,3354.63,2.4191000000000713,2025-07-11 18:15:00+05:30,3354.9641,initial_stop,-1.1381092141705698,0,0.25726228350235214,0.45507750547855896,1,3008.063121107989,2025
2025-07-11,short,2025-07-11 18:55:00+05:30,3350.6383000000005,3358.425,7.786699999999655,2025-07-11 19:05:00+05:30,3358.7719,initial_stop,-1.0445503229866338,2,1.3442575656734201,0.8562696059270015,2,2976.6423880608136,2025
2025-07-14,long,2025-07-14 19:55:00+05:30,3347.9895,3345.1850000000004,2.8044999999997344,2025-07-14 20:00:00+05:30,3347.7011,breakeven,-0.10283472989835543,1,0.35574914766132987,0.43295758713215243,1,2973.5813659010114,2025
2025-07-15,long,2025-07-15 17:35:00+05:30,3354.4507999999996,3353.3765000000003,1.0742999999993117,2025-07-15 17:35:00+05:30,3353.1207000000004,initial_stop,-1.2381085357908146,0,0.11810988181632599,0.3144312289969352,1,2936.765201191106,2025
2025-07-15,long,2025-07-15 17:55:00+05:30,3355.5754,3349.415,6.160400000000209,2025-07-15 18:05:00+05:30,3349.1301,initial_stop,-1.046246996948266,2,1.8698062404933526,0.7237959640621068,2,2906.0393834662223,2025
2025-07-16,long,2025-07-16 16:40:00+05:30,3336.3250000000003,3334.0965,2.2285000000001673,2025-07-16 16:50:00+05:30,3333.8328,initial_stop,-1.1183307157280467,2,0.004968138538136795,0.9501564954955471,1,2873.5402524297656,2025
2025-07-16,long,2025-07-16 17:00:00+05:30,3336.3352,3333.8450000000003,2.4901999999997315,2025-07-16 17:45:00+05:30,3337.172,trail,0.33603726608309753,9,0.4105917804183318,0.9211459492394141,2,2883.196418533828,2025
2025-07-18,short,2025-07-18 15:35:00+05:30,3349.3953,3354.8100000000004,5.414700000000266,2025-07-18 17:05:00+05:30,3355.0726000000004,initial_stop,-1.0484976083624222,18,1.6975006810699669,1.1490145059501375,1,2852.96617304111,2025
2025-07-21,short,2025-07-21 17:20:00+05:30,3373.818,3374.875,1.056999999999789,2025-07-21 17:25:00+05:30,3375.141,initial_stop,-1.2516556291391954,1,0.011208482533317191,0.5007465304837934,1,2817.256861338804,2025
2025-07-22,short,2025-07-22 14:30:00+05:30,3388.7888,3390.235,1.4462000000003172,2025-07-22 14:35:00+05:30,3390.4844000000003,initial_stop,-1.1724519430231612,1,0.21311233121899825,0.367285783335901,1,2784.2258785280837,2025
2025-07-22,short,2025-07-22 14:45:00+05:30,3388.8436,3390.6949999999997,1.8513999999995576,2025-07-22 15:35:00+05:30,3387.6335000000004,trail,0.6536134816895717,10,0.7100793549475906,0.32921861002145986,2,2802.4239542308333,2025
2025-07-23,short,2025-07-23 14:35:00+05:30,3428.274,3429.9815,1.7074999999999818,2025-07-23 14:35:00+05:30,3430.2374999999997,initial_stop,-1.1499267935577515,0,0.08539255622207338,0.5975126523540353,1,2770.1981303120524,2025
2025-07-23,short,2025-07-23 15:35:00+05:30,3427.6626,3431.9965,4.333900000000085,2025-07-23 16:55:00+05:30,3423.9084000000003,trail,0.8662405685409865,16,2.122109625302091,0.9788759681133035,2,2794.194710345779,2025
2025-07-24,long,2025-07-24 16:15:00+05:30,3365.359,3362.3450000000003,3.013999999999669,2025-07-24 17:00:00+05:30,3362.0557000000003,initial_stop,-1.0959854014598354,9,0.9223159307792972,0.28081686160633595,1,2763.5707442320263,2025
2025-07-24,long,2025-07-24 19:15:00+05:30,3366.8969999999995,3355.25,11.64699999999948,2025-07-25 11:40:00+05:30,3354.991,initial_stop,-1.0222374860479115,185,3.778250789801905,0.6108462298412726,2,2735.3204881310335,2025
2025-07-29,short,2025-07-29 15:00:00+05:30,3325.0013,3326.6850000000004,1.6837000000004991,2025-07-29 15:05:00+05:30,3326.9457000000007,initial_stop,-1.1548375601355305,1,0.044255101750227704,0.4860591977019605,1,2703.7319797440136,2025
2025-07-29,short,2025-07-29 15:10:00+05:30,3324.624,3327.035,2.411000000000058,2025-07-29 15:20:00+05:30,3327.3147,initial_stop,-1.1160099543757949,2,0.17784049350715866,0.6344938845191771,2,2673.558061710429,2025
2025-07-30,short,2025-07-30 15:05:00+05:30,3329.9756,3333.04,3.0643999999997504,2025-07-30 15:20:00+05:30,3333.3217,initial_stop,-1.0919266414306303,3,1.6205846603874947,0.2524958007661147,1,2644.3647689604963,2025
2025-07-30,short,2025-07-30 15:40:00+05:30,3329.8098000000005,3334.075,4.265199999999368,2025-07-30 16:50:00+05:30,3329.4424,trail,0.08613898527632889,14,1.603599260353338,0.27397468648897905,2,2646.6425979394835,2025
2025-07-31,short,2025-07-31 15:00:00+05:30,3307.4156000000003,3313.1835,5.767899999999827,2025-07-31 16:40:00+05:30,3301.4018,trail,1.0426325005635249,20,0.2825467327460017,0.883437974332162,1,2674.2373538393595,2025
2025-08-01,short,2025-08-01 16:25:00+05:30,3299.3040000000005,3303.205,3.900999999999385,2025-08-01 17:50:00+05:30,3303.4691,initial_stop,-1.06770058959239,17,0.1340706482880682,1.5309634675904082,1,2645.684505845317,2025
2025-08-01,short,2025-08-01 18:00:00+05:30,3301.3707,3304.137,2.7663000000002285,2025-08-01 18:00:00+05:30,3304.5228,initial_stop,-1.139464266348547,0,0.5208897925111554,0.4909242842517204,2,2615.5378763008894,2025
2025-08-05,long,2025-08-05 18:00:00+05:30,3361.2284,3351.5115,9.716899999999896,2025-08-05 19:40:00+05:30,3371.7598999999996,trail,1.0838333213267306,20,3.232901235490313,0.944091582525928,1,2643.88594733616,2025
2025-08-06,long,2025-08-06 19:25:00+05:30,3373.3635,3365.2635,8.099999999999909,2025-08-07 07:45:00+05:30,3379.652,trail,0.7763580246913807,136,1.8231093790199902,0.888478449621813,1,2664.411968051992,2025
2025-08-08,long,2025-08-08 17:05:00+05:30,3387.5610000000006,3380.353,7.208000000000538,2025-08-08 18:30:00+05:30,3388.0902,trail,0.07341842397328689,17,0.9599997012713573,1.2128404375677846,1,2666.3681373270915,2025
2025-08-11,long,2025-08-11 15:35:00+05:30,3356.2389000000003,3352.9184999999998,3.320400000000518,2025-08-11 16:15:00+05:30,3360.0615000000003,trail,1.151246837730204,8,0.24252111494614123,0.706461059724825,1,2697.0646161903155,2025
2025-08-12,long,2025-08-12 20:05:00+05:30,3337.8064,3331.125,6.68139999999994,2025-08-12 21:30:00+05:30,3348.7732000000005,trail,1.6413925225253243,17,0.006082973006049621,0.7538346995509695,1,2741.3340331281397,2025
2025-08-13,short,2025-08-13 15:30:00+05:30,3364.4453000000003,3366.7700000000004,2.324700000000121,2025-08-13 16:10:00+05:30,3367.0156000000006,initial_stop,-1.1056480406074687,8,0.45897391620716244,0.2829093030532899,1,2711.0245271043527,2025
2025-08-13,short,2025-08-13 16:35:00+05:30,3364.0451000000003,3367.135,3.0898999999999432,2025-08-13 17:25:00+05:30,3362.5521000000003,trail,0.4831871581604471,10,0.9801486853746258,0.5140936917327601,2,2724.123849473901,2025
2025-08-14,long,2025-08-14 14:40:00+05:30,3352.8343000000004,3345.13,7.70430000000033,2025-08-14 18:00:00+05:30,3344.8149000000003,initial_stop,-1.0408992380877937,40,2.0030757758201942,0.34225782941212474,1,2695.7684650801593,2025
2025-08-14,long,2025-08-14 18:15:00+05:30,3353.3173,3341.521,11.796299999999974,2025-08-14 19:35:00+05:30,3341.228,initial_stop,-1.0248382967540772,16,3.0579483246446637,0.47792916631303756,2,2668.1411974581983,2025
2025-08-15,long,2025-08-15 16:15:00+05:30,3338.458,3336.99,1.468000000000302,2025-08-15 16:20:00+05:30,3338.1943,breakeven,-0.17963215258849957,1,0.08116324363676408,0.48002261236543825,1,2663.3483579911035,2025
2025-08-19,short,2025-08-19 17:25:00+05:30,3340.437,3342.2815,1.8445000000001528,2025-08-19 19:00:00+05:30,3335.3056,trail,2.782000542151983,19,3.121780640921385,0.28318220368951813,1,2737.442723749812,2025
2025-08-21,long,2025-08-21 16:20:00+05:30,3331.8460000000005,3328.8265,3.0195000000003347,2025-08-21 16:25:00+05:30,3328.5741,initial_stop,-1.0835899983441892,1,0.7658324972041681,0.6848738103638531,1,2707.7800681848585,2025
2025-08-21,long,2025-08-21 16:55:00+05:30,3331.2976000000003,3325.2165,6.081100000000333,2025-08-21 19:15:00+05:30,3342.8637,trail,1.9019749716332435,28,2.3820250836722106,0.35484964028711374,2,2759.2813673686082,2025
2025-08-22,long,2025-08-22 18:05:00+05:30,3324.0858,3321.4300000000003,2.6557999999995445,2025-08-22 21:10:00+05:30,3373.9329,trail,18.769146773103586,37,0.23417195791246406,0.9012072319672708,1,3277.174937092922,2025
2025-08-25,short,2025-08-25 19:55:00+05:30,3372.5371000000005,3374.3050000000003,1.7678999999998268,2025-08-25 20:00:00+05:30,3372.7868000000003,breakeven,-0.14124102041963482,1,0.07728298891311404,0.3918013347006795,1,3272.5462217708355,2025
2025-08-26,long,2025-08-26 16:15:00+05:30,3369.6778,3367.3100000000004,2.3677999999995336,2025-08-26 17:35:00+05:30,3376.6073,trail,2.926556296985199,16,0.6478901002117402,0.36443818136879247,1,3368.319129295821,2025
2025-08-28,short,2025-08-28 18:20:00+05:30,3399.6609000000003,3408.4350000000004,8.77410000000009,2025-08-28 19:15:00+05:30,3408.7097000000003,initial_stop,-1.0313080543873372,11,2.753785485470564,0.7046208909852376,1,3333.5813828179234,2025
2025-08-29,long,2025-08-29 15:55:00+05:30,3406.8734,3405.955,0.9184000000000196,2025-08-29 16:00:00+05:30,3405.7196,initial_stop,-1.2563153310104769,1,0.18257612909019164,0.2935262383068901,1,3291.701088833871,2025
2025-08-29,long,2025-08-29 16:05:00+05:30,3406.9230000000002,3405.5299999999997,1.3930000000004839,2025-08-29 16:20:00+05:30,3405.2819999999997,initial_stop,-1.1780330222541,3,0.493563510177296,0.33144410902454985,2,3252.9237630135103,2025
2025-09-02,long,2025-09-02 14:30:00+05:30,3478.108,3474.6800000000003,3.4279999999998836,2025-09-02 16:45:00+05:30,3482.614,trail,1.3144690781797,27,0.023176466002020796,1.011487194806781,1,3295.6824400150826,2025
2025-09-03,short,2025-09-03 17:50:00+05:30,3541.6395,3549.4350000000004,7.795500000000175,2025-09-03 18:25:00+05:30,3549.7149000000004,initial_stop,-1.0359053299980747,7,1.95200554496477,0.7543906734263696,1,3261.542289959156,2025
2025-09-04,short,2025-09-04 17:50:00+05:30,3547.2268999999997,3553.5165,6.289600000000519,2025-09-04 18:40:00+05:30,3547.5469,breakeven,-0.05087763927755935,10,0.10823762161192375,1.846406486322502,1,3259.8828942379855,2025
2025-09-09,short,2025-09-09 19:35:00+05:30,3660.121,3674.8900000000003,14.769000000000233,2025-09-09 21:10:00+05:30,3641.9642,trail,1.2293858758209708,19,0.5865223910397801,2.289155340232752,1,3299.959434108051,2025
2025-09-10,short,2025-09-10 16:35:00+05:30,3650.806,3657.5215000000003,6.715500000000247,2025-09-10 18:00:00+05:30,3657.8740000000003,initial_stop,-1.0524905070359543,17,2.2750825657824856,0.523264645882542,1,3265.2276743280263,2025
2025-09-10,short,2025-09-10 18:10:00+05:30,3650.07,3658.025,7.954999999999927,2025-09-10 18:45:00+05:30,3648.7555999999995,trail,0.16522941546205808,7,0.5317939154177327,0.5498132555931965,2,3270.6227909278236,2025
2025-09-11,long,2025-09-11 18:05:00+05:30,3639.3904,3613.04,26.350400000000263,2025-09-13 00:00:00+05:30,3648.0744,eod_data,0.3295585645758567,347,0.19543195956973383,5.757972784205408,1,3281.401408450296,2025
2025-09-12,long,2025-09-12 14:55:00+05:30,3645.7748,3637.67,8.104800000000068,2025-09-12 20:05:00+05:30,3650.6453,trail,0.6009401835949008,62,2.25952455969769,0.46059539101523506,1,3301.120668098723,2025
2025-09-15,short,2025-09-15 18:25:00+05:30,3648.1653,3651.0615000000003,2.8962000000001353,2025-09-15 18:30:00+05:30,3651.3345000000004,initial_stop,-1.094261446032776,1,0.175717761544734,0.7971631085987132,1,3264.997777340699,2025
2025-09-15,short,2025-09-15 18:35:00+05:30,3648.7143,3651.2335000000003,2.5192000000001826,2025-09-15 18:50:00+05:30,3651.5139000000004,initial_stop,-1.111305176246459,3,0.23547248204254523,0.5827038267166433,2,3228.71368803678,2025
2025-09-17,long,2025-09-17 14:30:00+05:30,3665.2306000000003,3662.5950000000003,2.6356000000000677,2025-09-17 15:30:00+05:30,3667.1953000000003,trail,0.7454469570496065,12,0.11305810650062471,0.35916032793002595,1,3252.782035976094,2025
2025-09-18,short,2025-09-18 18:30:00+05:30,3662.9917,3670.02,7.028299999999945,2025-09-18 20:10:00+05:30,3644.0414,trail,2.6962850191369347,20,1.2831256778629219,0.8370204847090874,1,3340.4863107172946,2025
2025-09-19,short,2025-09-19 19:50:00+05:30,3657.3495,3664.4449999999997,7.095499999999902,2025-09-19 19:55:00+05:30,3664.7803999999996,initial_stop,-1.0472693960961088,1,1.488377876610959,0.5683724070561367,1,3305.5024199043723,2025
2025-09-24,long,2025-09-24 15:05:00+05:30,3767.6671,3766.691,0.976100000000315,2025-09-24 15:05:00+05:30,3766.4089,initial_stop,-1.2890072738446976,0,0.0212713095974787,0.3142352554115631,1,3262.8942532746923,2025
2025-09-24,long,2025-09-24 15:15:00+05:30,3768.1396999999997,3763.2250000000004,4.914699999999357,2025-09-24 15:45:00+05:30,3762.9770000000003,initial_stop,-1.0504608623110423,6,1.5082778603141118,0.4855709350865052,2,3228.6188261654456,2025
2025-09-25,short,2025-09-25 14:35:00+05:30,3755.312,3757.5215,2.2094999999999345,2025-09-25 15:10:00+05:30,3755.5757,breakeven,-0.11934826883909457,7,0.3143119796463721,0.2860487482751747,1,3224.765525489004,2025
2025-09-29,short,2025-09-29 17:10:00+05:30,3824.5491,3825.9300000000003,1.3809000000001106,2025-09-29 17:10:00+05:30,3826.1944000000003,initial_stop,-1.191469331595338,0,0.06763557758700511,0.3372712448043064,1,3186.3434332369434,2025
2025-09-29,short,2025-09-29 17:45:00+05:30,3824.2789000000002,3831.455,7.176099999999678,2025-09-29 18:45:00+05:30,3819.1002,trail,0.7216593971656781,12,1.7141764948655447,0.35820181154211106,2,3209.337980048869,2025
2025-09-30,long,2025-09-30 19:45:00+05:30,3844.2646999999997,3820.4,23.86469999999963,2025-10-01 07:50:00+05:30,3866.5775000000003,trail,0.9349708984399951,133,8.317143830401985,0.5378354019995275,1,3239.344356194908,2025
2025-10-01,short,2025-10-01 18:35:00+05:30,3869.0368000000003,3877.2335000000003,8.196699999999964,2025-10-01 20:00:00+05:30,3877.4972000000002,initial_stop,-1.0321714836458542,17,0.0028521249501821016,0.5173041628318075,1,3205.908767493173,2025
2025-10-01,short,2025-10-01 20:20:00+05:30,3866.4647,3878.8635000000004,12.398800000000392,2025-10-02 06:45:00+05:30,3861.0655,trail,0.43546149627380604,113,1.3012164996700175,0.8183922975086957,2,3219.8692657812717,2025
2025-10-02,short,2025-10-02 15:55:00+05:30,3882.2196999999996,3883.9385,1.7188000000005559,2025-10-02 16:10:00+05:30,3882.5194999999994,breakeven,-0.17442401675569025,3,0.1060089817775631,0.39394305486469156,1,3214.253040473614,2025
2025-10-03,short,2025-10-03 18:05:00+05:30,3867.4426000000003,3869.215,1.772399999999834,2025-10-03 18:10:00+05:30,3869.4751,initial_stop,-1.1467501692620121,1,0.037155253885634155,0.42883355526381844,1,3177.3935882914734,2025
2025-10-03,short,2025-10-03 19:45:00+05:30,3866.9887999999996,3886.505,19.51620000000048,2025-10-03 20:50:00+05:30,3886.7980000000002,initial_stop,-1.0150131685471615,13,3.7817094057947935,0.31424121284784207,2,3145.1426249537417,2025
2025-10-06,short,2025-10-06 14:30:00+05:30,3942.3072,3947.315,5.007799999999861,2025-10-06 15:25:00+05:30,3942.6152,breakeven,-0.06150405367626528,11,0.5157546617282674,0.25904419661472894,1,3143.2082347454952,2025
2025-10-07,short,2025-10-07 19:10:00+05:30,3972.974,3985.6850000000004,12.71100000000024,2025-10-07 20:05:00+05:30,3985.9637000000002,initial_stop,-1.0219258909605726,11,0.3990678933043098,0.27958717145993794,1,3111.0869759878265,2025
2025-10-07,short,2025-10-07 21:15:00+05:30,3971.8153,3991.1150000000002,19.29970000000003,2025-10-08 04:30:00+05:30,3991.5168000000003,initial_stop,-1.020818976460779,75,3.1000742601617195,0.4414043854960249,2,3079.328409762743,2025
2025-10-08,short,2025-10-08 16:00:00+05:30,4040.1564000000003,4048.0600000000004,7.903600000000097,2025-10-08 17:10:00+05:30,4037.4018,trail,0.34852472291110076,14,2.0896867479197483,0.5587996289242704,1,3090.0606305703914,2025
2025-10-09,short,2025-10-09 19:05:00+05:30,4047.6639000000005,4058.065,10.401099999999587,2025-10-09 20:20:00+05:30,4020.9282,trail,2.5704685081387253,15,0.928526428939192,1.207630990979828,1,3169.489665961596,2025
2025-10-10,short,2025-10-10 18:20:00+05:30,3981.4200000000005,3993.425,12.004999999999654,2025-10-10 18:55:00+05:30,3993.7197,initial_stop,-1.0245481049562624,7,4.758302628604236,0.2748659791809565,1,3137.016719652202,2025
2025-10-10,short,2025-10-10 19:25:00+05:30,3980.626,3998.15,17.523999999999887,2025-10-10 20:35:00+05:30,3998.5337,initial_stop,-1.0218956859164496,14,0.6973115349710776,0.32921639990010687,2,3104.9596811275983,2025
2025-10-13,short,2025-10-13 15:40:00+05:30,4074.1169999999997,4079.8285,5.711500000000342,2025-10-13 16:10:00+05:30,4080.1226,initial_stop,-1.0514926026437983,6,0.8764153358830519,0.6967992314689984,1,3072.311259765469,2025
2025-10-13,short,2025-10-13 17:25:00+05:30,4074.3983,4081.53,7.1317000000003645,2025-10-13 17:50:00+05:30,4081.8120000000004,initial_stop,-1.0395417642357556,5,0.15336884534210604,0.6579523465183673,2,3040.373301092889,2025
2025-10-15,short,2025-10-15 14:30:00+05:30,4207.8673,4217.085,9.21770000000015,2025-10-15 15:35:00+05:30,4196.1734,trail,1.2686353428729533,13,0.46189503352879363,1.2203524666190722,1,3078.9445513458268,2025
2025-10-16,short,2025-10-16 18:10:00+05:30,4237.6079,4251.115,13.50709999999981,2025-10-16 18:50:00+05:30,4251.4324,initial_stop,-1.0234987525079338,8,0.4133707001389744,2.1314125610900843,1,3047.4315922723913,2025
2025-10-16,short,2025-10-16 19:30:00+05:30,4245.626,4258.7565,13.130500000000211,2025-10-16 19:35:00+05:30,4259.077200000001,initial_stop,-1.0244240508739355,1,1.4596870159763848,0.4489508933826358,2,3016.212970107222,2025
2025-10-17,long,2025-10-17 15:05:00+05:30,4338.7736,4332.3835,6.39010000000053,2025-10-17 15:15:00+05:30,4338.485900000001,breakeven,-0.04502276959669411,2,0.15377644855826222,0.4132476452181043,1,3014.854987491145,2025
2025-10-20,short,2025-10-20 16:50:00+05:30,4259.1566,4261.530000000001,2.3734000000004016,2025-10-20 16:50:00+05:30,4261.883400000001,initial_stop,-1.1489003117889547,0,0.050942935619867506,0.37253331932658607,1,2980.2173091398745,2025
2025-10-20,short,2025-10-20 17:05:00+05:30,4259.6275,4264.295,4.667500000000473,2025-10-20 17:05:00+05:30,4264.6225,initial_stop,-1.070166041778317,0,0.6654356892962973,0.2946676656060327,2,2948.32403552626,2025
2025-10-23,short,2025-10-23 19:00:00+05:30,4147.1078,4149.975,2.8672000000005937,2025-10-23 19:10:00+05:30,4147.4415,breakeven,-0.11638532366073738,2,0.07976901005352464,0.31400533464014574,1,2944.8926190549455,2025
2025-10-24,long,2025-10-24 14:30:00+05:30,4065.7461999999996,4050.665,15.081199999999626,2025-10-24 16:30:00+05:30,4050.3314,initial_stop,-1.0221202556825677,24,0.016410960302846573,0.38535858201106765,1,2914.792275087484,2025
2025-10-24,long,2025-10-24 17:20:00+05:30,4065.8184,4054.73,11.088400000000092,2025-10-24 19:10:00+05:30,4109.1443,trail,3.9073175570866363,22,3.1155099243317435,0.5045363570400792,2,3028.682465404582,2025
2025-10-28,long,2025-10-28 16:20:00+05:30,3923.2212999999997,3901.917,21.304299999999785,2025-10-28 21:30:00+05:30,3960.189,trail,1.7352224668259706,62,4.251327563633002,0.6188649877350848,1,3081.236843993101,2025
2025-10-29,short,2025-10-29 21:20:00+05:30,3997.1832000000004,4009.96,12.77679999999964,2025-10-29 23:35:00+05:30,3997.6992000000005,breakeven,-0.04038569907958886,27,5.294481730063546,0.7066998453601026,1,3079.9924649533564,2025
2025-10-30,short,2025-10-30 15:55:00+05:30,3985.756,4000.9165000000003,15.160500000000411,2025-10-30 17:25:00+05:30,3976.9457,trail,0.581135186834168,18,2.9600390132860936,1.0391302653183991,1,3097.8913849190412,2025
2025-10-31,short,2025-10-31 18:00:00+05:30,4019.1146,4025.2,6.085399999999936,2025-10-31 18:05:00+05:30,4025.5706999999998,initial_stop,-1.0609162914516623,1,0.9117487728792466,0.4064975637271866,1,3065.0253505249575,2025
2025-10-31,short,2025-10-31 19:10:00+05:30,4019.221,4032.1535000000003,12.932500000000346,2025-10-31 22:30:00+05:30,3990.0710000000004,trail,2.2540112120625446,40,2.569595678637756,0.2762291938066243,2,3134.1113655783493,2025
2025-11-03,short,2025-11-03 14:50:00+05:30,4017.0636,4026.1285,9.064899999999852,2025-11-03 16:05:00+05:30,4001.1861999999996,trail,1.7515251133493548,15,0.0654242596615096,0.9752958775849973,1,3189.0061132267906,2025
2025-11-04,long,2025-11-04 20:30:00+05:30,3957.4365000000003,3928.77,28.66650000000027,2025-11-05 14:30:00+05:30,3979.3100000000004,trail,0.7630335060087539,204,2.9980909092300165,0.3470635344156925,1,3213.3392983793783,2025
2025-11-05,short,2025-11-05 14:45:00+05:30,3975.3023000000003,3983.785,8.482699999999568,2025-11-05 15:25:00+05:30,3972.1925,trail,0.3666049724734266,8,0.016608860700052165,0.8112789649575436,1,3225.1195600296796,2025
2025-11-06,short,2025-11-06 19:55:00+05:30,3994.6850000000004,4014.0550000000003,19.36999999999989,2025-11-06 21:30:00+05:30,3985.2619,trail,0.48647909137844525,19,5.033820266185712,0.922503858305457,1,3240.8090923611803,2025
2025-11-10,short,2025-11-10 15:15:00+05:30,4080.8442999999997,4086.375,5.530700000000252,2025-11-10 17:30:00+05:30,4086.6549999999997,initial_stop,-1.0506265029742587,27,0.559583858331602,0.6543893880486749,1,3206.7602931260344,2025
2025-11-10,short,2025-11-10 20:05:00+05:30,4078.1753,4089.88,11.70470000000023,2025-11-10 20:30:00+05:30,4090.159,initial_stop,-1.0238365784684778,5,0.9568233630200959,1.0763038648503915,2,3173.928308261207,2025
2025-11-12,short,2025-11-12 14:50:00+05:30,4128.052000000001,4133.64,5.587999999999738,2025-11-12 15:45:00+05:30,4126.7412,trail,0.2345740873300395,11,0.00411583255748011,1.1551770043002962,1,3181.3735216228206,2025
2025-11-13,short,2025-11-13 19:40:00+05:30,4216.21,4232.58,16.36999999999989,2025-11-13 21:25:00+05:30,4201.320500000001,trail,0.9095601710445581,21,4.039774417611325,0.2559919345816921,1,3210.3100280676595,2025
2025-11-17,short,2025-11-17 16:15:00+05:30,4079.201,4089.085,9.884000000000015,2025-11-17 17:05:00+05:30,4074.099,trail,0.5161877782274236,10,1.6932965834055154,0.5298450847684959,1,3226.881256075754,2025
2025-11-19,long,2025-11-19 14:35:00+05:30,4083.984,4080.2415,3.7424999999998363,2025-11-19 16:25:00+05:30,4110.093000000001,trail,6.976352705411349,22,0.36540004054568376,0.2962345605584066,1,3451.999873884407,2025
2025-11-20,short,2025-11-20 18:55:00+05:30,4087.6730000000002,4094.695,7.0219999999999345,2025-11-20 19:05:00+05:30,4088.0593000000003,breakeven,-0.055012816861310584,2,0.15885962874808365,0.3455421303276184,1,3450.100831515734,2025
2025-11-24,short,2025-11-24 16:25:00+05:30,4065.277,4071.05,5.773000000000138,2025-11-24 17:00:00+05:30,4071.337,initial_stop,-1.049714186731301,7,0.8530829318969703,0.4408541273431634,1,3413.884633630779,2025
2025-11-25,long,2025-11-25 15:35:00+05:30,4135.142,4125.9715,9.170500000000175,2025-11-25 18:10:00+05:30,4125.7291,initial_stop,-1.0264325827381369,31,0.07225674631955292,1.3939530644123963,1,3378.843409414102,2025
2025-11-25,long,2025-11-25 18:30:00+05:30,4130.447,4115.985000000001,14.461999999999534,2025-11-25 19:35:00+05:30,4143.7886,trail,0.9225280044254027,13,2.312776467773513,0.4269591544795994,2,3410.014186091629,2025
2025-11-28,long,2025-11-28 16:55:00+05:30,4178.5079000000005,4162.947,15.560900000000402,2025-11-28 20:30:00+05:30,4194.122,trail,1.0034188253892369,43,2.9365721899660366,0.4024304407381746,1,3444.2309103833163,2025
2025-12-01,short,2025-12-01 14:55:00+05:30,4248.6243,4251.08,2.455699999999524,2025-12-01 14:55:00+05:30,4251.4407,initial_stop,-1.1468827625525304,0,0.07281999299353065,0.513941104395973,1,3404.729619769624,2025
2025-12-01,short,2025-12-01 15:10:00+05:30,4249.0687,4251.84,2.7713000000003376,2025-12-01 15:25:00+05:30,4249.4558,breakeven,-0.1396817378125325,3,0.07341355137870503,0.416983133774758,2,3399.973834268912,2025
2025-12-02,long,2025-12-02 15:10:00+05:30,4190.097,4181.17,8.92699999999968,2025-12-02 17:50:00+05:30,4201.304000000001,trail,1.2554049512716081,32,0.9177632521936577,0.8462226868780018,1,3442.657274126263,2025
2025-12-03,long,2025-12-03 16:00:00+05:30,4203.409000000001,4194.6535,8.755500000000211,2025-12-03 19:35:00+05:30,4220.048000000001,trail,1.9004054594254722,43,2.051092787582325,0.46625869492592764,1,3508.081720913067,2025
2025-12-04,short,2025-12-04 16:00:00+05:30,4198.914,4202.8085,3.8945000000003347,2025-12-04 16:35:00+05:30,4203.0955,initial_stop,-1.0736936705611086,7,0.7252429604140496,0.29355849680921686,1,3470.415669517512,2025
2025-12-04,short,2025-12-04 17:00:00+05:30,4198.9890000000005,4206.605,7.615999999999076,2025-12-04 18:50:00+05:30,4192.804000000001,trail,0.8121060924370065,22,0.0018420239111583017,0.25297128382438927,2,3498.599126602552,2025
2025-12-05,short,2025-12-05 19:10:00+05:30,4235.787,4239.005,3.217999999999847,2025-12-05 19:20:00+05:30,4236.067,breakeven,-0.08701056556860119,2,0.21154778551757486,0.580745831581051,1,3495.5549757155172,2025
2025-12-08,long,2025-12-08 17:10:00+05:30,4213.1467,4202.175,10.971700000000055,2025-12-08 19:00:00+05:30,4201.886,initial_stop,-1.0263404941804606,22,3.189193012276958,0.8228412494187733,1,3459.678679503409,2025
2025-12-08,long,2025-12-08 19:55:00+05:30,4211.459000000001,4197.458500000001,14.000500000000102,2025-12-08 20:15:00+05:30,4197.1675000000005,initial_stop,-1.0207849719652988,4,0.2981222952054132,0.2523918844574256,2,3424.362799464751,2025
2025-12-10,long,2025-12-10 14:35:00+05:30,4197.8679999999995,4194.585,3.282999999999447,2025-12-10 15:10:00+05:30,4194.318,initial_stop,-1.081328053609464,7,0.20696956391794702,0.8800705804843333,1,3387.334203856772,2025
2025-12-10,long,2025-12-10 17:05:00+05:30,4196.2756,4192.975,3.3005999999995765,2025-12-10 18:00:00+05:30,4197.085599999999,trail,0.24540992546797388,11,0.6174422163521006,0.3724846929071269,2,3395.6470582018082,2025
2025-12-11,short,2025-12-11 15:45:00+05:30,4220.357000000001,4226.0599999999995,5.70299999999861,2025-12-11 16:25:00+05:30,4218.227,trail,0.3734876380854879,8,1.3426360959899586,0.3560495254554464,1,3408.3293801972054,2025
2025-12-15,long,2025-12-15 16:40:00+05:30,4337.504900000001,4335.3565,2.1484000000009473,2025-12-15 18:25:00+05:30,4343.431,trail,2.7583783280563003,21,0.14521668121547687,0.4689674282120654,1,3502.343999169341,2025
2025-12-16,long,2025-12-16 16:10:00+05:30,4277.6877,4274.681500000001,3.006199999999808,2025-12-16 16:20:00+05:30,4277.3917,breakeven,-0.09846317610281931,2,0.5182605294756453,0.27315105001821904,1,3498.895480029712,2025
2025-12-17,long,2025-12-17 14:55:00+05:30,4319.523700000001,4317.1849999999995,2.338700000001154,2025-12-17 15:05:00+05:30,4319.235000000001,breakeven,-0.12344464873644337,2,0.03974194005405246,0.5248676910573519,1,3494.576280794734,2025
2025-12-18,long,2025-12-18 14:35:00+05:30,4328.748,4321.9835,6.764499999999316,2025-12-18 15:10:00+05:30,4321.6135,initial_stop,-1.0546973168748508,7,0.40518843488518325,0.7310274679396445,1,3457.719078525047,2025
2025-12-18,long,2025-12-18 16:15:00+05:30,4327.317999999999,4322.1,5.217999999998938,2025-12-18 17:35:00+05:30,4321.781300000001,initial_stop,-1.0610770410118575,16,2.1099635931226435,0.28790926221976126,2,3421.030015240131,2025
2025-12-19,short,2025-12-19 15:20:00+05:30,4329.755,4333.75,3.994999999999891,2025-12-19 16:25:00+05:30,4329.68,trail,0.01877346683349691,13,0.1994321795924814,1.253294383516892,1,3421.672261175406,2025
2025-12-23,short,2025-12-23 17:35:00+05:30,4490.025000000001,4494.34,4.3149999999996,2025-12-23 18:10:00+05:30,4487.8060000000005,trail,0.5142526071843005,7,0.7703635851526999,0.7351837111434789,1,3439.268299987803,2025
2025-12-24,long,2025-12-24 19:05:00+05:30,4482.93,4474.595,8.335000000000036,2025-12-24 20:05:00+05:30,4474.2073,initial_stop,-1.0465146970606143,12,0.06126240476588692,0.9648828750637638,1,3403.2758517570837,2025
2025-12-24,long,2025-12-24 20:15:00+05:30,4481.657700000001,4469.335,12.322700000000623,2025-12-24 20:20:00+05:30,4468.9358,initial_stop,-1.0323954977399286,1,1.4613085325806041,0.527671592198425,2,3368.140585087873,2025
2025-12-26,short,2025-12-26 19:15:00+05:30,4521.5615,4528.57,7.008499999999913,2025-12-26 19:55:00+05:30,4528.9424,initial_stop,-1.0531354783477496,8,0.2300328492888933,1.261008506667552,1,3332.6695016256836,2025
2025-12-26,short,2025-12-26 20:10:00+05:30,4524.9931,4533.27,8.27690000000075,2025-12-26 20:25:00+05:30,4525.4087,breakeven,-0.0502120359071911,3,1.1172682977590493,0.4216125211039707,2,3330.9961004188594,2025
2025-12-29,long,2025-12-29 17:15:00+05:30,4453.4992,4434.285,19.214200000000346,2025-12-29 19:10:00+05:30,4433.8052,initial_stop,-1.0249711151127843,23,1.0264371098138065,1.8245245407835242,1,3296.8543525440327,2025
2025-12-30,short,2025-12-30 18:50:00+05:30,4391.567000000001,4404.3865000000005,12.819499999999607,2025-12-30 19:30:00+05:30,4390.0551000000005,trail,0.1179375170638847,8,2.3132340693861013,0.28479593847522705,1,3300.7425807086356,2025
2026-01-02,short,2026-01-02 15:30:00+05:30,4385.140299999999,4389.5935,4.453200000000834,2026-01-02 15:50:00+05:30,4390.0947,initial_stop,-1.1125482798885307,4,0.6785929756051309,0.4812103054188727,1,3264.0202259034136,2026
2026-01-02,short,2026-01-02 18:55:00+05:30,4381.0261,4402.351500000001,21.325400000000627,2026-01-02 21:10:00+05:30,4343.2187,trail,1.772881165183236,27,3.159608181164852,1.1868653241893994,2,3321.8874257162265,2026
2026-01-05,short,2026-01-05 15:20:00+05:30,4434.6269999999995,4438.32,3.693000000000211,2026-01-05 15:55:00+05:30,4435.028399999999,breakeven,-0.1086921202273806,7,0.48453224800539085,0.45180319747863856,1,3318.276795841649,2026
2026-01-06,short,2026-01-06 20:50:00+05:30,4474.0926,4491.03,16.937399999999798,2026-01-06 23:25:00+05:30,4491.4155,initial_stop,-1.0227602819795438,31,1.862794082784739,0.799490037950032,1,3284.338778727637,2026
2026-01-07,long,2026-01-07 18:45:00+05:30,4434.126499999999,4427.93,6.196499999999105,2026-01-07 19:50:00+05:30,4446.5523,trail,2.005293310740367,13,0.2214094021393199,0.7674499709546279,1,3350.1994045595143,2026
2026-01-08,short,2026-01-08 20:50:00+05:30,4447.126,4454.0815,6.955500000000029,2026-01-08 21:10:00+05:30,4454.4165,initial_stop,-1.0481633239882158,4,0.0867977072167126,0.8625208060416297,1,3315.0838431204497,2026
2026-01-08,short,2026-01-08 21:25:00+05:30,4448.2003,4456.655000000001,8.45470000000023,2026-01-08 21:30:00+05:30,4456.9827000000005,initial_stop,-1.0387595065466324,1,0.4752739391299589,0.7390823811145006,2,3280.648094550045,2026
2026-01-12,short,2026-01-12 15:40:00+05:30,4586.704000000001,4595.556500000001,8.852499999999964,2026-01-12 18:30:00+05:30,4595.829900000001,initial_stop,-1.030883931092916,34,1.1137096826514643,0.5950387977528793,1,3246.8284205076225,2026
2026-01-12,short,2026-01-12 20:00:00+05:30,4586.162,4604.4285,18.266499999999724,2026-01-12 20:05:00+05:30,4604.7252,initial_stop,-1.0162428489310966,1,4.6779633036864015,0.41800588570739533,2,3213.8327588671514,2026
2026-01-13,short,2026-01-13 20:55:00+05:30,4603.8643,4630.165000000001,26.30070000000069,2026-01-14 02:30:00+05:30,4589.8503,trail,0.5328375290391418,67,0.30168548623007646,0.4554402514128241,1,3230.9572659269497,2026
2026-01-14,long,2026-01-14 20:40:00+05:30,4605.3985999999995,4599.5085,5.89009999999962,2026-01-14 22:05:00+05:30,4614.7433,trail,1.586509566900589,17,0.3874923350085971,0.34007628322774425,1,3282.2167120533504,2026
2026-01-19,long,2026-01-19 17:15:00+05:30,4665.265,4660.025,5.240000000000691,2026-01-19 17:25:00+05:30,4659.7113,initial_stop,-1.0598664122136752,2,0.08853914331305633,1.5330388703255007,1,3247.429599546233,2026
2026-01-19,long,2026-01-19 17:35:00+05:30,4663.2547,4659.725,3.529700000000048,2026-01-19 18:20:00+05:30,4669.724,trail,1.8328186531432304,9,0.04459127800095999,0.8195569370496479,2,3306.949094994411,2026
2026-01-20,short,2026-01-20 18:55:00+05:30,4721.3878,4728.545,7.157199999999648,2026-01-20 19:10:00+05:30,4728.884,initial_stop,-1.0473648912982674,3,3.788791601054221,0.2685754790510194,1,3272.313271200334,2026
2026-01-22,short,2026-01-22 14:45:00+05:30,4832.622,4838.17,5.5479999999997744,2026-01-22 15:45:00+05:30,4825.4367,trail,1.2951153568854343,12,0.2139280625030708,1.0078593634306108,1,3314.6935029010497,2026
2026-01-23,long,2026-01-23 19:45:00+05:30,4945.339,4934.99,10.34900000000016,2026-01-23 20:00:00+05:30,4934.6926,initial_stop,-1.028737076045943,3,3.1234883489390963,0.25028963766746753,1,3280.594021879421,2026
2026-01-23,long,2026-01-23 20:35:00+05:30,4950.935,4938.360000000001,12.574999999999818,2026-01-23 22:15:00+05:30,4977.617,trail,2.1218290258449444,20,0.6833002264505121,0.9623871295400933,2,3350.2026180557923,2026
2026-01-27,short,2026-01-27 15:25:00+05:30,5095.336,5097.615,2.2789999999995416,2026-01-27 15:25:00+05:30,5097.864,initial_stop,-1.109258446687076,0,0.006321542645753849,0.3603279308094478,1,3313.040212533877,2026
2026-01-27,short,2026-01-27 15:35:00+05:30,5093.958,5099.595,5.637000000000626,2026-01-27 16:40:00+05:30,5089.481,trail,0.7942167819761158,13,0.36090508767311186,0.6044936331992826,2,3339.352933895438,2026
2026-01-28,short,2026-01-28 14:45:00+05:30,5281.573,5297.74,16.16699999999946,2026-01-28 15:30:00+05:30,5280.698,trail,0.05412259541040571,9,1.5970251262898774,0.2832262317443257,1,3341.160278373176,2026
2026-01-29,long,2026-01-29 17:55:00+05:30,5539.702700000001,5518.58,21.122700000000805,2026-01-29 18:40:00+05:30,5518.281,initial_stop,-1.0141553873321103,9,6.410798939226179,0.3292834655047212,1,3307.2757214106537,2026
2026-01-29,long,2026-01-29 20:00:00+05:30,5544.064,5510.77,33.29399999999987,2026-01-29 20:05:00+05:30,5510.406300000001,initial_stop,-1.0109238901904212,1,1.411166845515819,0.5610690175919738,2,3273.8416810284457,2026
2026-01-30,long,2026-01-30 14:30:00+05:30,5118.0569,5054.4935000000005,63.56339999999909,2026-01-30 14:40:00+05:30,5053.4987,initial_stop,-1.0156505158629088,2,0.17693749024883107,0.30491463692920245,1,3240.5908911065453,2026
2026-01-30,long,2026-01-30 16:30:00+05:30,5120.119700000001,5063.1335,56.98620000000119,2026-01-30 18:15:00+05:30,5062.1294,initial_stop,-1.0176200553818309,21,5.308203955474477,0.3326193865395814,2,3207.6139882857683,2026
2026-02-02,short,2026-02-02 15:15:00+05:30,4686.9604,4713.1615,26.201100000000224,2026-02-02 15:15:00+05:30,4714.1926,initial_stop,-1.0393533095938774,0,0.07369377262427405,0.7577146796182974,1,3174.275546139524,2026
2026-02-02,short,2026-02-02 15:55:00+05:30,4690.8125,4733.8865000000005,43.074000000000524,2026-02-02 16:40:00+05:30,4734.681500000001,initial_stop,-1.01845660955565,9,0.8348759416285333,0.6939842619862284,2,3141.9469270343575,2026
2026-02-04,long,2026-02-04 17:05:00+05:30,5033.8296,5013.610000000001,20.219599999999446,2026-02-04 18:20:00+05:30,5045.669000000001,trail,0.5855407624285879,15,0.9172665986986748,0.3957638087046426,1,3160.344307026016,2026
2026-02-05,long,2026-02-05 15:30:00+05:30,4855.6197999999995,4849.735000000001,5.884799999998904,2026-02-05 15:35:00+05:30,4854.9298,breakeven,-0.11725122349098156,1,0.027604852309109685,0.29445175796414447,1,3156.6387646595003,2026
2026-02-06,short,2026-02-06 20:35:00+05:30,4942.0211,4959.6115,17.590400000000045,2026-02-06 20:35:00+05:30,4960.0689,initial_stop,-1.0260028197198605,0,0.3356720095048482,0.8340764983452732,1,3124.2515619257238,2026
2026-02-06,short,2026-02-06 20:45:00+05:30,4947.5704,4964.8965,17.326100000000224,2026-02-06 21:20:00+05:30,4947.974099999999,breakeven,-0.023300107929645972,7,0.6774586639032977,0.4411798886085943,2,3123.5236079398014,2026
2026-02-09,long,2026-02-09 15:35:00+05:30,5006.483,4996.615,9.868000000000393,2026-02-09 15:55:00+05:30,4996.1776,initial_stop,-1.044325091203869,4,0.3583296894853715,0.7547172708273859,1,3090.9038671724097,2026
2026-02-09,long,2026-02-09 16:55:00+05:30,5003.075000000001,4988.795,14.280000000000655,2026-02-09 18:00:00+05:30,5010.361,trail,0.5102240896357714,13,1.874692535083459,0.33330295727210535,2,3106.674403290207,2026
2026-02-10,short,2026-02-10 14:45:00+05:30,5051.469700000001,5063.4285,11.958799999999428,2026-02-10 16:00:00+05:30,5051.468,trail,0.000142154731303326,15,0.09337638361199851,0.7829151278771268,1,3106.6788195748577,2026
2026-02-11,short,2026-02-11 18:15:00+05:30,5068.2178,5099.0335,30.815699999999197,2026-02-11 19:15:00+05:30,5068.8048,breakeven,-0.01904873165300641,12,3.8865296380557526,0.8577981019660464,1,3106.087036663196,2026
2026-02-13,short,2026-02-13 19:15:00+05:30,4983.553499999999,5000.5835,17.030000000000655,2026-02-13 19:45:00+05:30,5000.9884999999995,initial_stop,-1.023781561949485,6,1.2892539754241217,0.40400419956328276,1,3074.287490283735,2026
2026-02-16,long,2026-02-16 20:40:00+05:30,4978.187,4969.055,9.131999999999607,2026-02-16 23:15:00+05:30,4991.191000000001,trail,1.424003504161342,31,0.44310764047625617,1.0375822039390425,1,3118.0654518733695,2026
2026-02-17,short,2026-02-17 15:45:00+05:30,4936.094,4939.385,3.2910000000001673,2026-02-17 16:40:00+05:30,4925.5849,trail,3.1932847158917297,11,0.19740390037280972,0.2511702833719015,1,3217.6341593795423,2026
2026-02-18,long,2026-02-18 14:55:00+05:30,4923.431999999999,4913.094999999999,10.336999999999534,2026-02-18 16:05:00+05:30,4912.7723,initial_stop,-1.031217954919196,14,1.052188909390801,1.0334184432165459,1,3184.4533382044074,2026
2026-02-18,long,2026-02-18 18:05:00+05:30,4922.463000000001,4917.84,4.623000000000502,2026-02-18 19:10:00+05:30,4952.1113,trail,6.413216526064397,13,0.06197325643581539,0.8221785353787363,2,3388.679225954942,2026
2026-02-19,long,2026-02-19 18:35:00+05:30,4983.9119,4974.763500000001,9.148399999999128,2026-02-19 19:00:00+05:30,4974.358100000001,initial_stop,-1.044313759783097,5,0.19273503984946874,1.3749091152005546,1,3353.2907825233833,2026
2026-02-19,long,2026-02-19 19:05:00+05:30,4988.610000000001,4972.875,15.735000000000582,2026-02-19 19:40:00+05:30,4972.4596,initial_stop,-1.0263997457896312,7,0.4693813748549119,1.9575516960100905,2,3318.872614455976,2026
2026-02-20,short,2026-02-20 19:25:00+05:30,5045.2863,5048.361500000001,3.075200000001132,2026-02-20 19:25:00+05:30,5048.770200000001,initial_stop,-1.1329019250779797,0,0.12459568668209382,0.2970215703455124,1,3281.2730427159186,2026
2026-02-20,short,2026-02-20 19:30:00+05:30,5043.274200000001,5048.923500000001,5.649300000000039,2026-02-20 19:40:00+05:30,5043.691900000001,breakeven,-0.07393836404509675,2,0.21505392384863067,0.6194349502853184,2,3278.8469231082818,2026
2026-02-24,long,2026-02-24 17:50:00+05:30,5151.7480000000005,5147.225,4.523000000000138,2026-02-24 18:20:00+05:30,5153.601299999999,trail,0.4097501658188805,6,0.4203999426026045,0.31326690424357184,1,3292.282003812665,2026
2026-02-25,long,2026-02-25 16:05:00+05:30,5174.046700000001,5170.0985,3.9482000000007247,2026-02-25 16:20:00+05:30,5173.656300000001,breakeven,-0.09888050250751111,3,0.34465778988531953,0.33449845558274766,1,3289.026578823331,2026
2026-02-26,long,2026-02-26 15:35:00+05:30,5189.9490000000005,5180.42,9.529000000000451,2026-02-26 15:55:00+05:30,5180.0436,initial_stop,-1.0395004722426366,4,2.6932649041962247,0.4956991717094634,1,3254.8371320042766,2026
2026-02-27,long,2026-02-27 15:20:00+05:30,5177.6530999999995,5172.6585,4.994599999999991,2026-02-27 15:20:00+05:30,5172.260399999999,initial_stop,-1.079706082569243,0,0.3178056485423288,0.8221035699694627,1,3219.694457512304,2026
2026-02-27,long,2026-02-27 15:30:00+05:30,5176.5004,5172.2564999999995,4.243900000000394,2026-02-27 15:30:00+05:30,5171.8411,initial_stop,-1.0978816654491916,0,0.40647258147508775,0.5178994281333592,2,3184.3460223797924,2026
2026-03-02,short,2026-03-02 18:40:00+05:30,5397.0972,5410.318499999999,13.221299999999246,2026-03-02 18:50:00+05:30,5397.4776,breakeven,-0.028771754668605237,2,0.03216816787030944,1.532108185099618,1,3183.4298301544336,2026
2026-03-03,long,2026-03-03 15:05:00+05:30,5267.4195,5226.6115,40.80799999999999,2026-03-03 16:35:00+05:30,5225.1656,initial_stop,-1.0354317780827218,18,2.1391696136600826,0.42202302220736754,1,3150.4675860600496,2026
2026-03-04,short,2026-03-04 17:50:00+05:30,5182.9980000000005,5206.325,23.326999999999316,2026-03-04 18:30:00+05:30,5175.35,trail,0.3278604192566709,8,2.7976114945034185,0.42398671196752546,1,3160.7967222962516,2026
2026-03-05,long,2026-03-05 18:55:00+05:30,5105.373,5081.7585,23.61449999999968,2026-03-05 19:25:00+05:30,5114.5006,trail,0.3865252281437606,6,1.4454325345878394,0.6275277073718232,1,3173.0139990382677,2026
2026-03-06,long,2026-03-06 19:05:00+05:30,5124.5372,5067.3099999999995,57.227200000000266,2026-03-09 03:30:00+05:30,5164.826,eod_data,0.7040148740459096,101,3.960524793175613,1.806373099586098,1,3195.352489547056,2026
2026-03-09,long,2026-03-09 19:45:00+05:30,5071.8935,5060.572,11.321500000000015,2026-03-09 20:30:00+05:30,5085.186000000001,trail,1.1740935388420666,9,0.43449420657030036,0.4864932701796976,1,3232.868916670057,2026
2026-03-10,short,2026-03-10 14:50:00+05:30,5181.555,5189.6050000000005,8.050000000000182,2026-03-10 16:25:00+05:30,5177.791,trail,0.4675776397515576,19,0.986401558137562,0.3270880166740501,1,3247.9850888468845,2026
2026-03-11,long,2026-03-11 14:40:00+05:30,5185.005000000001,5179.530000000001,5.475000000000364,2026-03-11 15:25:00+05:30,5186.893000000001,trail,0.3448401826483643,9,0.10677730575488883,0.7701969595452769,1,3259.1854465596557,2026
2026-03-12,short,2026-03-12 15:15:00+05:30,5184.434,5187.5885,3.1544999999996435,2026-03-12 15:25:00+05:30,5187.9035,initial_stop,-1.099857346647819,2,0.17994058710878805,0.45179887672396507,1,3223.3390559847926,2026
2026-03-12,short,2026-03-12 15:50:00+05:30,5184.949,5191.6915,6.742500000000291,2026-03-12 17:10:00+05:30,5180.585,trail,0.6472376714867467,16,1.1069023183762015,0.3414347983999939,2,3244.2017206348714,2026
2026-03-16,long,2026-03-16 14:50:00+05:30,4987.927000000001,4979.99,7.937000000000808,2026-03-16 15:15:00+05:30,4979.675,initial_stop,-1.0396875393725045,5,0.05532580795331766,0.3614913348342717,1,3210.4721595933224,2026
2026-03-16,long,2026-03-16 16:20:00+05:30,4995.170999999999,4980.505,14.665999999999258,2026-03-16 17:15:00+05:30,5011.579200000001,trail,1.118791763262137,11,0.1526723692157531,1.452632689450549,2,3246.3906576766767,2026
2026-03-17,long,2026-03-17 16:15:00+05:30,4999.6672,4992.115,7.552200000000084,2026-03-17 17:25:00+05:30,5003.914999999999,trail,0.5624586213287704,14,0.46123234500409666,0.8235530137099809,1,3264.650261812791,2026
2026-03-19,long,2026-03-19 15:55:00+05:30,4679.5051,4671.115,8.39010000000053,2026-03-19 16:00:00+05:30,4679.0531,breakeven,-0.05387301700816403,1,0.023832403441363857,0.4679817403029043,1,3262.891496221988,2026
2026-03-20,long,2026-03-20 19:10:00+05:30,4654.9194,4636.765,18.15439999999944,2026-03-20 19:20:00+05:30,4636.3253,initial_stop,-1.0242200237958796,2,0.01631617416898606,1.4680373117568661,1,3229.472308162949,2026
2026-03-23,short,2026-03-23 16:50:00+05:30,4395.0416,4463.4835,68.44190000000071,2026-03-23 18:15:00+05:30,4463.9785,initial_stop,-1.0072324117243951,17,0.7526383413433776,1.1495254635268513,1,3196.944016347468,2026
2026-03-23,short,2026-03-23 18:50:00+05:30,4422.9043,4492.790000000001,69.88570000000072,2026-03-23 19:45:00+05:30,4493.199700000001,initial_stop,-1.0058624296529928,11,1.7976029824330233,0.43275389074607223,2,3164.7871575899894,2026
2026-03-25,short,2026-03-25 17:50:00+05:30,4562.966899999999,4583.6849999999995,20.71810000000005,2026-03-25 18:30:00+05:30,4555.088000000001,trail,0.3802906637191043,8,1.1791135550603224,1.78719736936989,1,3176.8225476768853,2026
2026-03-27,long,2026-03-27 18:20:00+05:30,4440.2354000000005,4422.38,17.855400000000373,2026-03-27 18:55:00+05:30,4421.9006,initial_stop,-1.0268490204644063,7,4.598590782798165,0.26596584389577665,1,3144.201376464173,2026
2026-03-27,long,2026-03-27 19:35:00+05:30,4458.402599999999,4421.2385,37.16409999999905,2026-03-27 21:15:00+05:30,4526.016100000001,trail,1.8193229487597713,20,2.199155564110539,1.8362311649727974,2,3201.404553661406,2026
2026-03-30,short,2026-03-30 18:45:00+05:30,4565.696,4578.780000000001,13.084000000000742,2026-03-30 20:15:00+05:30,4534.327499999999,trail,2.3974701926015527,18,0.04849884197434223,0.4664271345425546,1,3278.1572735800273,2026
2026-03-31,long,2026-03-31 16:45:00+05:30,4551.925000000001,4541.2585,10.666500000001179,2026-03-31 17:40:00+05:30,4576.4448,trail,2.2987671682366675,11,0.023914261349441895,1.2455189967862608,1,3353.5144767082475,2026
2026-04-02,short,2026-04-02 14:50:00+05:30,4625.35,4632.07,6.719999999999345,2026-04-02 15:00:00+05:30,4625.6717,breakeven,-0.047872023809455495,2,0.12767553047227054,0.5013719869707218,1,3351.9090814595043,2026
2026-04-06,short,2026-04-06 17:30:00+05:30,4677.6299,4694.59,16.96010000000024,2026-04-06 18:05:00+05:30,4678.1173,breakeven,-0.028738038101188836,7,4.693443284766717,0.30435416908105395,1,3350.945808550557,2026
2026-04-07,short,2026-04-07 16:10:00+05:30,4663.0531,4680.601500000001,17.548400000000584,2026-04-07 17:05:00+05:30,4653.0405,trail,0.5705705363451761,11,3.1321358178569576,0.3424149341442842,1,3370.06531802304,2026
2026-04-08,long,2026-04-08 17:45:00+05:30,4805.833700000001,4794.799999999999,11.033700000001772,2026-04-08 17:45:00+05:30,4794.426299999999,initial_stop,-1.033868965079714,0,0.7382633029412158,0.2648931599158987,1,3335.223258597085,2026
2026-04-10,short,2026-04-10 20:15:00+05:30,4780.715,4795.1435,14.428499999999985,2026-04-10 22:05:00+05:30,4765.8235,trail,1.0320892677686342,22,0.14121775247895432,0.8416071436976653,1,3369.6457399051887,2026
2026-04-13,long,2026-04-13 15:10:00+05:30,4716.277,4710.945,5.332000000000335,2026-04-13 15:10:00+05:30,4710.643,initial_stop,-1.0566391597898839,0,0.08996188771113157,0.8034404719877682,1,3334.0407434711587,2026
2026-04-13,long,2026-04-13 15:15:00+05:30,4714.307500000001,4710.695,3.6125000000010914,2026-04-13 15:45:00+05:30,4714.001800000001,breakeven,-0.08462283737018562,6,0.13466484109290316,0.4541044410157238,2,3331.2193835949556,2026
2026-04-14,short,2026-04-14 19:55:00+05:30,4800.588299999999,4806.5135,5.925200000000586,2026-04-14 19:55:00+05:30,4806.9052,initial_stop,-1.0661074731654778,0,0.23729720188946274,0.46866197373187163,1,3295.705004798913,2026
2026-04-14,short,2026-04-14 20:15:00+05:30,4798.330600000001,4817.9565,19.625899999999092,2026-04-14 21:55:00+05:30,4818.3216,initial_stop,-1.0186029685262843,20,0.001928090267035665,0.6945214849889303,2,3262.1348557861616,2026
2026-04-15,long,2026-04-15 14:45:00+05:30,4805.4547,4792.825,12.629700000000412,2026-04-15 15:15:00+05:30,4792.517,initial_stop,-1.024386960893765,6,1.4184439229186847,0.5040235281660833,1,3228.7179716767173,2026
2026-04-15,long,2026-04-15 16:25:00+05:30,4803.8234,4793.085,10.738400000000183,2026-04-15 18:15:00+05:30,4809.9265,trail,0.5683435148624799,22,2.761921436090559,0.2768976152405293,2,3247.0681808819413,2026
2026-04-16,long,2026-04-16 20:40:00+05:30,4808.875,4785.535,23.340000000000146,2026-04-16 22:15:00+05:30,4785.232,initial_stop,-1.0129820051413831,19,3.457590975139246,0.5723268736401228,1,3214.1759645149355,2026
2026-04-17,short,2026-04-17 17:25:00+05:30,4801.2545,4811.865,10.610499999999774,2026-04-17 17:50:00+05:30,4812.1696999999995,initial_stop,-1.028716837095301,5,0.19609074746476696,0.9095514512680807,1,3181.1111951941,2026
2026-04-20,short,2026-04-20 20:35:00+05:30,4797.7566,4815.210000000001,17.45340000000124,2026-04-20 23:35:00+05:30,4815.605000000001,initial_stop,-1.0226316935382451,36,2.814539103334179,0.848200301709037,1,3148.580143905352,2026
2026-04-21,long,2026-04-21 18:50:00+05:30,4768.743,4760.905000000001,7.837999999999738,2026-04-21 19:50:00+05:30,4773.157,trail,0.5631538657820755,12,0.6944602027482605,0.4048586266021181,1,3166.3114947030017,2026
2026-04-22,long,2026-04-22 15:50:00+05:30,4754.034,4745.889999999999,8.144000000000233,2026-04-22 18:10:00+05:30,4745.581999999999,initial_stop,-1.0378192534381119,28,1.2698602734343896,0.6879970606319837,1,3133.45090438715,2026
2026-04-22,long,2026-04-22 19:15:00+05:30,4755.8664,4740.375,15.491399999999885,2026-04-22 20:00:00+05:30,4740.062,initial_stop,-1.0202047587693885,9,2.3057537173617537,0.7290133556969549,2,3101.4832891468895,2026
2026-04-23,long,2026-04-23 17:15:00+05:30,4705.7880000000005,4696.675,9.113000000000284,2026-04-23 18:30:00+05:30,4731.359,trail,2.8059914407987616,15,3.915452702611633,0.27047535116681937,1,3188.510644778155,2026
2026-04-24,short,2026-04-24 18:15:00+05:30,4698.6630000000005,4711.715,13.05199999999968,2026-04-24 19:15:00+05:30,4711.984,initial_stop,-1.0206098682194482,12,2.250521193195064,0.7777055431424825,1,3155.9683904883213,2026
2026-04-27,long,2026-04-27 16:05:00+05:30,4707.5650000000005,4699.625,7.940000000000509,2026-04-27 18:10:00+05:30,4699.365,initial_stop,-1.032745591939572,25,1.8189257770335239,0.5161421216181838,1,3123.375266052547,2026
2026-04-28,long,2026-04-28 15:15:00+05:30,4614.036999999999,4608.225,5.811999999998989,2026-04-28 15:25:00+05:30,4608.0070000000005,initial_stop,-1.0375086028905516,2,0.39944825878336865,0.5129928558604763,1,3090.969978966696,2026
2026-04-28,long,2026-04-28 15:45:00+05:30,4612.984,4604.59,8.394000000000233,2026-04-28 16:25:00+05:30,4604.326,initial_stop,-1.0314510364546243,8,1.0087639315107872,0.3484217526598374,2,3059.088137082143,2026
2026-04-29,long,2026-04-29 15:50:00+05:30,4571.659000000001,4551.88,19.77900000000045,2026-04-29 18:00:00+05:30,4551.585,initial_stop,-1.0149148086354247,26,3.2633752023255274,0.29798791050941387,1,3028.040998569687,2026
2026-04-30,short,2026-04-30 19:25:00+05:30,4613.7182999999995,4634.66,20.94170000000031,2026-05-01 03:30:00+05:30,4635.182,initial_stop,-1.024926343133553,85,4.166141426002973,0.4363799990150385,1,2997.005808694462,2026
2026-05-01,long,2026-05-01 17:45:00+05:30,4585.044,4572.895,12.148999999999432,2026-05-01 18:45:00+05:30,4589.482,trail,0.3652975553543756,12,4.044953421930732,1.1712444243883722,1,3007.953797647451,2026
2026-05-04,long,2026-05-04 17:50:00+05:30,4573.8060000000005,4558.139999999999,15.666000000001077,2026-05-04 18:30:00+05:30,4557.821,initial_stop,-1.0203625686199083,8,7.2305652536460885,0.25232191437922613,1,2977.2617630148757,2026
2026-05-04,long,2026-05-04 20:05:00+05:30,4576.116,4553.9085,22.207500000000437,2026-05-04 20:40:00+05:30,4553.575099999999,initial_stop,-1.0150129460767954,7,0.19139167917469618,0.4866102169867678,2,2947.0421706816805,2026
2026-05-05,short,2026-05-05 17:50:00+05:30,4561.873,4567.110000000001,5.2370000000009895,2026-05-05 17:50:00+05:30,4567.342000000001,initial_stop,-1.044300171854101,0,0.23747463018747525,0.6089330011428845,1,2916.266204228639,2026
2026-05-05,short,2026-05-05 18:20:00+05:30,4563.464,4574.7300000000005,11.266000000000531,2026-05-05 18:30:00+05:30,4575.013000000001,initial_stop,-1.025119829575745,2,1.705832133634302,0.29984616282538434,2,2886.370981085875,2026
2026-05-06,short,2026-05-06 17:45:00+05:30,4672.747,4700.51,27.76299999999992,2026-05-06 19:15:00+05:30,4700.803,initial_stop,-1.0105536145229141,18,5.475005647086709,0.972461917567693,1,2857.202654807971,2026
2026-05-08,long,2026-05-08 15:05:00+05:30,4715.283000000001,4709.85,5.433000000000902,2026-05-08 15:05:00+05:30,4709.517,initial_stop,-1.0612921038101386,0,0.5018324055290871,0.4940217844318944,1,2826.8793886426406,2026
2026-05-08,long,2026-05-08 18:05:00+05:30,4723.583500000001,4702.8915,20.692000000000917,2026-05-08 19:35:00+05:30,4734.678,trail,0.5361734003479003,18,1.534978611002806,1.7537434694532437,2,2842.03636398446,2026
2026-05-12,long,2026-05-12 19:35:00+05:30,4690.9529999999995,4676.21,14.742999999999483,2026-05-12 20:00:00+05:30,4675.96,initial_stop,-1.016957200027132,5,0.19408500180662214,1.42161686668143,1,2813.134070553531,2026
2026-05-12,long,2026-05-12 20:05:00+05:30,4684.978999999999,4671.6315,13.347499999998945,2026-05-12 20:20:00+05:30,4671.3835,initial_stop,-1.018580258475409,3,0.7307160872912574,0.782930744791,2,2784.480042266427,2026
2026-05-13,long,2026-05-13 15:15:00+05:30,4694.512000000001,4686.055,8.457000000000335,2026-05-13 16:00:00+05:30,4698.634,trail,0.48740688187291303,9,0.08470492089110655,0.8226820398881054,1,2798.051789616811,2026
2026-05-15,long,2026-05-15 14:50:00+05:30,4547.1604,4539.5599999999995,7.600400000000263,2026-05-15 15:05:00+05:30,4546.886399999999,breakeven,-0.03605073417192944,3,0.31958861964352264,0.6599907838432517,1,2797.0430714041436,2026
2026-05-18,short,2026-05-18 17:20:00+05:30,4555.116,4567.101500000001,11.985500000000684,2026-05-18 18:10:00+05:30,4567.337500000001,initial_stop,-1.019690459304982,10,0.24623941917418707,1.0487975261129352,1,2768.5218900623845,2026
2026-05-18,short,2026-05-18 19:55:00+05:30,4559.101,4575.79,16.689000000000306,2026-05-18 21:10:00+05:30,4543.2727,trail,0.9484271076756503,15,2.4212805554812,0.3943196051625696,2,2794.7793021496705,2026
2026-05-20,short,2026-05-20 14:30:00+05:30,4483.9718,4490.3585,6.386700000000019,2026-05-20 15:10:00+05:30,4484.175,trail,-0.031816117869936544,8,0.4664136080413551,0.5548872509529977,1,2793.890111872694,2026
2026-05-21,long,2026-05-21 16:05:00+05:30,4514.911,4508.13,6.780999999999949,2026-05-21 16:05:00+05:30,4507.844,initial_stop,-1.0421766701076627,0,0.17157369547707396,0.8747841938412315,1,2764.7728409383117,2026
2026-05-21,long,2026-05-21 16:15:00+05:30,4517.3707,4504.995,12.375700000000506,2026-05-21 17:55:00+05:30,4504.5943,initial_stop,-1.0323779664988748,20,0.6007555678831178,1.1292774305804008,2,2736.2299353047197,2026
2026-05-22,long,2026-05-22 19:45:00+05:30,4498.09,4493.095,4.994999999999891,2026-05-22 19:45:00+05:30,4492.81,initial_stop,-1.0570570570570292,0,0.36959158732579905,0.27514040389814326,1,2707.3064236762743,2026
2026-05-22,long,2026-05-22 19:50:00+05:30,4498.4917,4492.68,5.811699999999291,2026-05-22 19:50:00+05:30,4492.4183,initial_stop,-1.045029853571253,0,0.4236255240748805,0.3311486841483758,2,2679.014263321205,2026
2026-05-25,short,2026-05-25 16:55:00+05:30,4571.696000000001,4575.505,3.808999999999287,2026-05-25 17:05:00+05:30,4575.803,initial_stop,-1.0782357574166002,2,1.0108107653160232,0.37364600274373777,1,2650.1281735877847,2026
2026-05-25,short,2026-05-25 17:20:00+05:30,4571.0443,4577.15,6.10570000000007,2026-05-25 18:05:00+05:30,4564.5767,trail,1.0592724830895512,9,1.4884266803769346,0.5667674548061652,2,2678.2002520972037,2026
2026-05-26,long,2026-05-26 14:50:00+05:30,4525.259499999999,4518.360000000001,6.899499999998625,2026-05-26 15:00:00+05:30,4518.0830000000005,initial_stop,-1.0401478367997825,2,0.47098590588711253,1.0108339691035586,1,2650.3430101098484,2026
2026-05-26,long,2026-05-26 15:30:00+05:30,4523.142,4512.226500000001,10.915499999999156,2026-05-26 16:40:00+05:30,4532.679,trail,0.8737116943796436,14,1.7435047094845915,0.5118313091467216,2,2673.4993669303517,2026
2026-05-28,short,2026-05-28 16:05:00+05:30,4398.640600000001,4404.14,5.499399999999696,2026-05-28 16:45:00+05:30,4389.7371,trail,1.6189947994328184,8,0.4560627312383803,0.3075285389541426,1,2716.7831826438232,2026
2026-05-29,short,2026-05-29 15:25:00+05:30,4532.2913,4539.5985,7.3072000000001935,2026-05-29 16:05:00+05:30,4539.8825,initial_stop,-1.038865776220665,8,0.670462283041501,0.6803601782909146,1,2688.559451945218,2026
2026-05-29,short,2026-05-29 16:40:00+05:30,4532.2898,4541.16,8.870200000000295,2026-05-29 18:30:00+05:30,4524.5187,trail,0.8760907307613892,22,0.2114528412390842,0.7542533580649403,2,2712.1136720947193,2026
2026-06-02,long,2026-06-02 19:35:00+05:30,4502.793000000001,4495.298000000001,7.494999999999891,2026-06-02 19:45:00+05:30,4494.991000000001,initial_stop,-1.0409606404269238,2,0.5654988344888341,0.6773312811639959,1,2683.881636244576,2026
2026-06-03,long,2026-06-03 14:35:00+05:30,4451.559000000001,4440.235000000001,11.324000000000524,2026-06-03 14:55:00+05:30,4439.9400000000005,initial_stop,-1.0260508654185851,4,0.9332244247813656,0.9280005249681414,1,2656.343645489078,2026
2026-06-03,long,2026-06-03 15:35:00+05:30,4448.3460000000005,4441.115,7.231000000000677,2026-06-03 16:10:00+05:30,4453.383000000001,trail,0.6965841515696019,7,0.8107951788901728,0.3902539268082598,2,2674.847314334781,2026
2026-06-04,long,2026-06-04 20:25:00+05:30,4464.2604,4457.38,6.880400000000009,2026-06-04 22:35:00+05:30,4480.186,trail,2.3146328701819017,26,0.09071222962071912,0.7726854666965517,1,2736.760209499552,2026
2026-06-05,short,2026-06-05 17:45:00+05:30,4469.191000000001,4475.355,6.16399999999885,2026-06-05 17:50:00+05:30,4475.6397,initial_stop,-1.0461875405581134,1,0.04141535044565755,0.38277823896509583,1,2708.1285651728153,2026
2026-06-05,short,2026-06-05 17:55:00+05:30,4467.7996,4475.945,8.145399999999427,2026-06-05 20:20:00+05:30,4364.365,trail,12.698529231223485,29,1.1212644687906521,0.605505533804617,2,3052.0210626403987,2026
2026-06-08,long,2026-06-08 15:10:00+05:30,4294.222,4273.005,21.216999999999643,2026-06-08 17:15:00+05:30,4321.844999999999,trail,1.3019276994862636,25,0.3595498527132886,2.561530892435155,1,3091.756170249069,2026
2026-06-09,short,2026-06-09 19:20:00+05:30,4351.8856,4363.54,11.65440000000035,2026-06-09 22:05:00+05:30,4267.4827000000005,trail,7.242148887973348,33,0.6381070995317031,0.9727935626491943,1,3315.6657553516093,2026
2026-06-11,long,2026-06-11 17:55:00+05:30,4069.6807000000003,4061.38,8.300700000000234,2026-06-11 18:00:00+05:30,4061.0730000000003,initial_stop,-1.0369848326044526,1,0.42233826495992005,0.7357216557046271,1,3281.282804368753,2026
2026-06-11,long,2026-06-11 19:55:00+05:30,4079.85,4052.8514999999998,26.99850000000015,2026-06-11 21:55:00+05:30,4086.597,trail,0.2499027723762528,24,1.0396748560351095,1.3985656894017702,2,3289.482821066376,2026
2026-06-12,short,2026-06-12 18:10:00+05:30,4192.826999999999,4215.485000000001,22.658000000001266,2026-06-12 20:45:00+05:30,4215.785000000001,initial_stop,-1.0132403566069452,31,5.595617949196565,0.3339525974235992,1,3256.1524535996787,2026
2026-06-16,short,2026-06-16 19:30:00+05:30,4331.448,4340.708500000001,9.26050000000032,2026-06-16 20:45:00+05:30,4327.665,trail,0.40850925975921665,15,4.357587929911069,0.2983287035539319,1,3269.45413788451,2026
2026-06-17,short,2026-06-17 19:10:00+05:30,4337.443000000001,4340.870000000001,3.42699999999968,2026-06-17 19:10:00+05:30,4341.127,initial_stop,-1.0749927049896792,0,0.2332880244641378,0.4846955071392764,1,3234.3077444092683,2026
2026-06-19,short,2026-06-19 15:35:00+05:30,4157.775000000001,4167.385,9.609999999999673,2026-06-19 17:10:00+05:30,4149.388,trail,0.8727367325703341,19,2.0389804093737407,0.8019328676519084,1,3262.534736139095,2026
2026-06-22,long,2026-06-22 21:30:00+05:30,4183.347,4169.865,13.481999999999971,2026-06-23 06:40:00+05:30,4184.875,trail,0.1133363002522067,98,0.1376166115715233,0.631507339765819,1,3266.2323723034783,2026
2026-06-23,short,2026-06-23 15:55:00+05:30,4127.746,4133.395,5.649000000000342,2026-06-23 16:40:00+05:30,4127.2597000000005,trail,0.08608603292610094,9,0.005633636139847918,0.8506790570982484,1,3269.0441421789424,2026
2026-06-24,long,2026-06-24 15:50:00+05:30,4059.46,4055.335,4.125,2026-06-24 16:20:00+05:30,4059.194,breakeven,-0.064484848484867,6,0.017860351700453962,0.7869060837431707,1,3266.9361040169547,2026
2026-06-25,short,2026-06-25 18:05:00+05:30,3994.8466,4012.035,17.1884,2026-06-25 18:15:00+05:30,4012.337,initial_stop,-1.0175699890623988,2,2.1391194422468733,0.5219483024457695,1,3233.692742660634,2026
2026-06-26,short,2026-06-26 18:35:00+05:30,4051.94,4066.125,14.184999999999945,2026-06-26 19:20:00+05:30,4066.5057,initial_stop,-1.026838209376113,9,1.478148831219427,0.727495183814605,1,3200.487950005172,2026
2026-06-29,long,2026-06-29 14:30:00+05:30,4047.3440000000005,4043.8935,3.4505000000003747,2026-06-29 14:50:00+05:30,4047.1000000000004,breakeven,-0.07071438921898722,4,0.38260147440584286,0.3060382267911199,1,3198.2247444992986,2026
2026-07-03,short,2026-07-03 17:00:00+05:30,4183.052000000001,4186.305,3.2529999999997017,2026-07-03 17:15:00+05:30,4186.59,initial_stop,-1.087611435597873,3,0.6884352853842183,0.2724720450343233,1,3163.4404864420035,2026
2026-07-03,short,2026-07-03 17:25:00+05:30,4181.312,4186.594999999999,5.282999999999447,2026-07-03 18:30:00+05:30,4178.101000000001,trail,0.6077985992806486,13,0.8421481238730136,0.8959761482851073,2,3182.667833407675,2026
2026-07-06,long,2026-07-06 18:25:00+05:30,4139.82,4131.58,8.239999999999782,2026-07-06 18:45:00+05:30,4139.563999999999,breakeven,-0.031067961165087334,4,1.0364705219115484,0.7062385890626948,1,3181.679043401178,2026
2026-07-07,short,2026-07-07 21:25:00+05:30,4137.691,4148.395,10.704000000000633,2026-07-07 23:00:00+05:30,4148.738,initial_stop,-1.0320440956651558,19,6.580784018807393,0.6601200101596125,1,3148.842712690741,2026
2026-07-09,short,2026-07-09 19:35:00+05:30,4131.168000000001,4135.015,3.8469999999997526,2026-07-09 19:35:00+05:30,4135.307000000001,initial_stop,-1.075903301273821,0,0.19478220360592285,0.3483164111537939,1,3114.964209992981,2026
2026-07-09,short,2026-07-09 19:40:00+05:30,4125.978999999999,4136.105,10.126000000000204,2026-07-09 20:05:00+05:30,4126.322999999999,breakeven,-0.033971953387324116,5,0.3476296397365272,1.0936002197210055,2,3113.9059958035305,2026
2026-07-10,long,2026-07-10 15:25:00+05:30,4105.044,4098.555,6.488999999999578,2026-07-10 16:25:00+05:30,4105.997,trail,0.1468639235630284,12,0.17733543408699123,0.5304507282780027,1,3118.479200325032,2026
2026-07-13,short,2026-07-13 14:50:00+05:30,4072.561,4078.245,5.683999999999742,2026-07-13 16:35:00+05:30,4067.464,trail,0.8967276565799506,21,0.04615335284924011,0.42785405479281846,1,3146.44346577904,2026
2026-07-14,long,2026-07-14 14:35:00+05:30,4020.1220000000003,4013.885,6.23700000000008,2026-07-14 15:00:00+05:30,4013.5440000000003,initial_stop,-1.0546737213403703,5,0.024701530843609126,1.530194831728886,1,3113.258753388637,2026
2026-07-14,long,2026-07-14 15:10:00+05:30,4016.626,4013.755,2.8710000000000946,2026-07-14 15:55:00+05:30,4016.5130000000004,trail,-0.03935910832456471,9,0.02412570416555731,0.6205667238129468,2,3112.0334025034667,2026
2026-07-16,short,2026-07-16 17:40:00+05:30,4033.162,4043.34,10.178000000000338,2026-07-16 18:50:00+05:30,3997.4449999999997,trail,3.5092356062093644,14,0.04382694735198911,1.7950398649510757,1,3221.2419867412473,2026
2026-07-17,long,2026-07-17 18:25:00+05:30,3969.457,3964.2,5.257000000000062,2026-07-17 18:30:00+05:30,3963.8619999999996,initial_stop,-1.06429522541377,1,0.15909393709118597,0.7738178478628414,1,3186.9584620773367,2026
2026-07-17,long,2026-07-17 18:35:00+05:30,3974.598,3959.825,14.773000000000138,2026-07-17 20:00:00+05:30,3993.437,trail,1.2752318418736726,17,0.8290821559713243,1.468364852864633,2,3227.5995711730343,2026
2026-07-20,short,2026-07-20 17:35:00+05:30,4014.1890000000003,4033.505,19.315999999999804,2026-07-21 06:45:00+05:30,4033.962,initial_stop,-1.0236591426796378,146,4.712031200838581,0.5213480467143756,1,3194.5599530736326,2026
2026-07-22,short,2026-07-22 19:50:00+05:30,4148.833,4163.53,14.697000000000116,2026-07-22 21:15:00+05:30,4163.812,initial_stop,-1.01918758930395,17,1.7697773854756589,0.5468323046774988,1,3162.001394499032,2026
2026-07-24,short,2026-07-24 18:40:00+05:30,4046.387,4058.5350000000003,12.148000000000138,2026-07-24 19:15:00+05:30,4058.8340000000003,initial_stop,-1.0246131050378642,7,3.337983344029156,0.9852032929582745,1,3129.6031138295148,2026
2026-07-27,long,2026-07-27 15:45:00+05:30,4091.258,4086.615,4.643000000000029,2026-07-27 16:35:00+05:30,4096.778,trail,1.1888864958002159,10,0.21794685573140118,1.03200001223789,1,3166.8105426219768,2026
2026-07-28,long,2026-07-28 15:05:00+05:30,4038.323,4036.1949999999997,2.1280000000001564,2026-07-28 15:05:00+05:30,4035.872,initial_stop,-1.1517857142856398,0,0.2338724406944627,0.29052477104891694,1,3130.3356711935653,2026
2026-07-28,long,2026-07-28 21:15:00+05:30,4041.791,4032.5,9.291000000000167,2026-07-28 23:05:00+05:30,4032.234,initial_stop,-1.0286298568507235,22,4.589559125680993,0.8170085516803731,2,3098.13610386002,2026
2026-08-03,long,2026-08-03 15:10:00+05:30,4052.784,4046.59,6.19399999999996,2026-08-03 16:20:00+05:30,4046.327,initial_stop,-1.0424604455924962,14,0.9064018681633024,0.571807239144316,1,3065.8392604266587,2026
2026-08-03,long,2026-08-03 16:35:00+05:30,4052.404,4045.925,6.4789999999998145,2026-08-03 16:50:00+05:30,4045.6420000000003,initial_stop,-1.043679580182113,3,1.2807176076247455,0.5695391456491353,2,3033.841722104379,2026
2026-08-04,long,2026-08-04 14:45:00+05:30,4050.8720000000003,4048.54,2.3320000000003347,2026-08-04 15:05:00+05:30,4048.2509999999997,initial_stop,-1.1239279588336935,4,0.2715689678459964,0.35700639593194694,1,2999.7435267628866,2026
2026-08-04,long,2026-08-04 15:15:00+05:30,4050.721,4046.1400000000003,4.580999999999676,2026-08-04 15:45:00+05:30,4045.9005,initial_stop,-1.0522811613185226,6,1.0596966911571923,0.3285381838842601,2,2968.177790742889,2026
2026-08-05,short,2026-08-05 18:45:00+05:30,4187.948,4197.245,9.29699999999957,2026-08-05 18:50:00+05:30,4197.558,initial_stop,-1.0336667742282581,1,0.4903296815873788,0.8881255865810164,1,2937.4967231199576,2026
2026-08-06,short,2026-08-06 14:35:00+05:30,4280.109,4283.825000000001,3.7160000000003492,2026-08-06 14:45:00+05:30,4280.367,breakeven,-0.06942949407959811,2,0.24460425580721112,0.46753471679651804,1,2935.4572340064906,2026
2026-08-07,short,2026-08-07 15:40:00+05:30,4312.235000000001,4320.84,8.604999999999563,2026-08-07 16:20:00+05:30,4321.117,initial_stop,-1.0321905868681067,8,0.9548838633651394,0.5907647248055173,1,2905.1577207555365,2026
2026-08-07,short,2026-08-07 17:55:00+05:30,4310.468000000001,4325.54,15.071999999999207,2026-08-07 18:00:00+05:30,4326.081,initial_stop,-1.035894373673049,1,0.34167162466456136,0.910796117621662,2,2875.0633553799016,2026
2026-08-10,long,2026-08-10 18:10:00+05:30,4331.666,4324.195,7.471000000000458,2026-08-10 19:10:00+05:30,4331.3730000000005,breakeven,-0.03921831080171963,12,0.1436175528599729,1.0777560705892706,1,2873.9358040974425,2026
2026-08-11,short,2026-08-11 19:20:00+05:30,4394.924,4404.225,9.301000000000386,2026-08-11 20:00:00+05:30,4390.621999999999,trail,0.4625309106548125,8,0.11379978519779409,1.293887968686438,1,2887.2286455437693,2026
2026-08-12,short,2026-08-12 15:00:00+05:30,4412.909,4424.405,11.496000000000095,2026-08-12 17:55:00+05:30,4424.972,initial_stop,-1.0493215031315242,35,0.854104736040173,1.6621933167881915,1,2856.9323345215053,2026
2026-08-12,short,2026-08-12 18:55:00+05:30,4416.721,4441.665,24.944000000000415,2026-08-13 06:00:00+05:30,4442.0509999999995,initial_stop,-1.0154746632456506,121,2.2169635074078315,0.370984873658389,2,2827.920910518367,2026
2026-08-13,short,2026-08-13 16:50:00+05:30,4393.0830000000005,4396.695,3.6119999999991705,2026-08-13 17:35:00+05:30,4389.4400000000005,trail,1.008582502768789,9,0.5423043959403838,0.46268629902961633,1,2856.442826013995,2026
2026-08-17,long,2026-08-17 18:00:00+05:30,4386.176,4382.3150000000005,3.8609999999998763,2026-08-17 18:05:00+05:30,4385.847000000001,breakeven,-0.08521108521101634,1,0.36829996335590587,0.4728496303729589,1,2854.008820083516,2026
2026-08-18,long,2026-08-18 19:05:00+05:30,4397.276,4375.824500000001,21.451499999999214,2026-08-18 20:20:00+05:30,4375.5555,initial_stop,-1.0125399156236274,15,0.96146965333683,2.397130015991099,1,2825.1108415847516,2026
2026-08-19,short,2026-08-19 15:35:00+05:30,4359.842000000001,4363.365,3.5229999999992287,2026-08-19 15:40:00+05:30,4363.655,initial_stop,-1.0823162077774702,1,0.16971510913610802,0.7673443823317013,1,2794.5342090586014,2026
2026-08-20,long,2026-08-20 17:20:00+05:30,4471.361,4465.865,5.496000000000095,2026-08-20 17:25:00+05:30,4465.583,initial_stop,-1.0513100436681493,1,0.38323882726283465,0.6883914591585983,1,2765.154990245026,2026
2026-08-20,long,2026-08-20 18:20:00+05:30,4471.6630000000005,4451.2300000000005,20.432999999999993,2026-08-20 21:05:00+05:30,4521.513,trail,2.439680908334531,33,2.526875743750803,0.5434858920686275,2,2832.6159486278934,2026
2026-08-21,short,2026-08-21 15:00:00+05:30,4582.032,4602.1900000000005,20.158000000000357,2026-08-21 17:05:00+05:30,4602.4580000000005,initial_stop,-1.0132949697390625,25,2.5946631538085465,0.7359499555331878,1,2803.9131937084207,2026
2026-08-21,short,2026-08-21 18:00:00+05:30,4584.578,4600.33,15.751999999999498,2026-08-21 18:30:00+05:30,4581.308000000001,trail,0.20759268664294256,6,0.024951144171260067,0.3297115479764968,2,2809.733912438376,2026
2026-08-24,short,2026-08-24 19:10:00+05:30,4667.036,4680.995,13.958999999999833,2026-08-24 22:05:00+05:30,4661.917,trail,0.36671681352530616,35,1.1253650428909123,0.5695217565127285,1,2820.03767911061,2026
2026-08-25,long,2026-08-25 15:05:00+05:30,4637.288,4624.32,12.967999999999847,2026-08-25 18:40:00+05:30,4624.012,initial_stop,-1.0237507711289324,43,0.06453175036000247,2.009469694752168,1,2791.1675216245885,2026
2026-08-25,long,2026-08-25 20:05:00+05:30,4629.893,4613.115,16.778000000000247,2026-08-25 21:30:00+05:30,4647.76,trail,1.064906425080458,17,1.3795870811774094,0.584540560688509,2,2820.8908438971275,2026
2026-08-26,long,2026-08-26 18:05:00+05:30,4623.474,4612.345,11.128999999999905,2026-08-26 18:20:00+05:30,4612.066,initial_stop,-1.025069637883049,3,0.04934358769799979,2.0492101714572604,1,2791.974748338515,2026
2026-08-26,long,2026-08-26 18:25:00+05:30,4616.684,4611.030000000001,5.653999999999542,2026-08-26 18:30:00+05:30,4610.754000000001,initial_stop,-1.0488149982313162,1,0.24117953906920647,0.5852828304800791,2,2762.6920984311096,2026
2026-08-27,long,2026-08-27 16:45:00+05:30,4592.733,4586.094999999999,6.6380000000008295,2026-08-27 17:35:00+05:30,4594.262000000001,trail,0.23034046399521846,10,0.17793782748151832,0.44189857818176803,1,2769.055696229395,2026
2026-08-28,long,2026-08-28 20:00:00+05:30,4552.651,4529.9,22.751000000000204,2026-08-28 20:15:00+05:30,4552.315,breakeven,-0.014768581600819177,3,0.2781339417809021,1.1752458731558073,1,2768.6467459793253,2026
2026-08-31,short,2026-08-31 18:00:00+05:30,4447.317,4461.05,13.733000000000175,2026-08-31 19:45:00+05:30,4429.573,trail,1.2920701958785015,21,0.1444276557463445,1.3093368499019373,1,2804.419605413284,2026
2026-09-02,long,2026-09-02 15:00:00+05:30,4309.275000000001,4304.885,4.390000000000327,2026-09-02 15:30:00+05:30,4304.655,initial_stop,-1.0523917995445229,6,0.10207220401395128,0.7244153508154895,1,2774.906123461096,2026
2026-09-02,long,2026-09-02 15:45:00+05:30,4307.01,4301.63,5.380000000000109,2026-09-02 18:05:00+05:30,4329.253,trail,4.1343866171001915,28,0.847358621764244,0.31242134860759013,2,2889.631470866565,2026
2026-09-03,short,2026-09-03 17:50:00+05:30,4441.156,4450.23,9.073999999999614,2026-09-03 18:00:00+05:30,4450.4855,initial_stop,-1.0281573727132711,2,1.3972278025922267,0.4940890303468551,1,2859.9215118546076,2026
2026-09-07,short,2026-09-07 15:00:00+05:30,4405.522000000001,4413.555,8.032999999999447,2026-09-07 16:50:00+05:30,4394.9,trail,1.322295530935135,22,0.29172612907794115,0.6381509073585766,1,2897.7381261941136,2026
