sweep,depth,pen,space,ema,sl,exit,be,n_is,avgR_is,R_is,win_is,pf_is,n_oos,avgR_oos,R_oos,win_oos,pf_oos
close,0.0,0.0,0.0,False,atr1.5,trail3,True,665,-0.145,-96.5,36.8,0.76,432,-0.144,-62.1,40.3,0.74
close,0.0,0.0,0.0,False,atr1.5,trail3,False,665,-0.146,-97.2,38.0,0.76,432,-0.159,-68.7,40.7,0.72
close,0.0,0.0,0.0,False,atr1.5,trail5,True,665,-0.151,-100.1,33.1,0.75,432,-0.117,-50.4,36.3,0.79
close,0.0,0.0,0.0,False,atr1.5,trail5,False,665,-0.161,-107.3,34.7,0.74,432,-0.131,-56.8,37.7,0.77
close,0.0,0.0,0.0,False,atr1.5,trail8,True,665,-0.153,-101.9,27.5,0.75,432,-0.09,-38.9,31.7,0.84
close,0.0,0.0,0.0,False,atr1.5,trail8,False,665,-0.17,-112.8,29.6,0.74,432,-0.099,-42.9,33.8,0.83
close,0.0,0.0,0.0,False,atr1.5,trail12,True,665,-0.164,-109.2,23.3,0.73,432,-0.068,-29.3,26.4,0.88
close,0.0,0.0,0.0,False,atr1.5,trail12,False,665,-0.181,-120.2,25.9,0.73,432,-0.042,-18.1,29.2,0.93
close,0.0,0.0,0.0,False,atr1.5,fixed1.0,True,665,-0.186,-123.7,44.5,0.69,432,-0.079,-34.0,48.6,0.85
close,0.0,0.0,0.0,False,atr1.5,fixed1.0,False,665,-0.186,-123.7,44.5,0.69,432,-0.079,-34.0,48.6,0.85
close,0.0,0.0,0.0,False,atr1.5,fixed1.5,True,665,-0.162,-107.7,31.3,0.73,432,-0.086,-37.2,31.9,0.84
close,0.0,0.0,0.0,False,atr1.5,fixed1.5,False,665,-0.136,-90.3,37.7,0.8,432,-0.091,-39.3,38.4,0.86
close,0.0,0.0,0.0,False,atr1.5,fixed2.0,True,665,-0.168,-111.7,23.2,0.73,432,-0.036,-15.6,26.4,0.93
close,0.0,0.0,0.0,False,atr1.5,fixed2.0,False,665,-0.113,-75.3,32.3,0.85,432,-0.057,-24.6,33.1,0.92
close,0.0,0.0,0.0,False,atr2.0,trail3,True,645,-0.115,-74.2,40.5,0.8,416,-0.088,-36.7,45.7,0.83
close,0.0,0.0,0.0,False,atr2.0,trail3,False,645,-0.122,-78.9,40.9,0.79,416,-0.093,-38.6,45.9,0.83
close,0.0,0.0,0.0,False,atr2.0,trail5,True,645,-0.118,-76.4,37.8,0.8,416,-0.081,-33.6,43.0,0.85
close,0.0,0.0,0.0,False,atr2.0,trail5,False,645,-0.132,-85.4,38.6,0.78,416,-0.088,-36.6,43.5,0.84
close,0.0,0.0,0.0,False,atr2.0,trail8,True,645,-0.099,-63.6,33.6,0.83,416,-0.064,-26.7,39.2,0.88
close,0.0,0.0,0.0,False,atr2.0,trail8,False,645,-0.119,-76.5,34.7,0.81,416,-0.07,-29.1,39.9,0.87
close,0.0,0.0,0.0,False,atr2.0,trail12,True,645,-0.112,-72.1,29.5,0.81,416,-0.055,-22.9,34.4,0.9
close,0.0,0.0,0.0,False,atr2.0,trail12,False,645,-0.134,-86.7,31.2,0.79,416,-0.032,-13.1,35.8,0.94
close,0.0,0.0,0.0,False,atr2.0,fixed1.0,True,645,-0.155,-100.0,45.3,0.73,416,-0.053,-22.0,49.3,0.9
close,0.0,0.0,0.0,False,atr2.0,fixed1.0,False,645,-0.155,-100.0,45.3,0.73,416,-0.053,-22.0,49.3,0.9
close,0.0,0.0,0.0,False,atr2.0,fixed1.5,True,645,-0.139,-89.5,31.3,0.76,416,-0.032,-13.2,34.4,0.94
close,0.0,0.0,0.0,False,atr2.0,fixed1.5,False,645,-0.108,-69.9,38.1,0.83,416,-0.048,-19.9,39.7,0.92
close,0.0,0.0,0.0,False,atr2.0,fixed2.0,True,645,-0.154,-99.1,22.8,0.74,416,-0.051,-21.0,24.8,0.91
close,0.0,0.0,0.0,False,atr2.0,fixed2.0,False,645,-0.133,-86.1,31.0,0.82,416,-0.04,-16.5,33.4,0.94
close,0.0,0.0,0.0,False,atr2.5,trail3,True,613,-0.099,-60.6,43.2,0.82,405,-0.088,-35.7,46.4,0.83
close,0.0,0.0,0.0,False,atr2.5,trail3,False,613,-0.102,-62.2,43.7,0.82,405,-0.088,-35.8,46.9,0.83
close,0.0,0.0,0.0,False,atr2.5,trail5,True,613,-0.112,-68.7,40.9,0.8,405,-0.076,-30.9,44.9,0.85
close,0.0,0.0,0.0,False,atr2.5,trail5,False,613,-0.12,-73.7,41.4,0.79,405,-0.073,-29.7,45.4,0.86
close,0.0,0.0,0.0,False,atr2.5,trail8,True,613,-0.099,-60.9,37.7,0.82,405,-0.068,-27.7,42.2,0.87
close,0.0,0.0,0.0,False,atr2.5,trail8,False,613,-0.104,-63.5,39.2,0.82,405,-0.072,-29.3,42.7,0.87
close,0.0,0.0,0.0,False,atr2.5,trail12,True,613,-0.112,-68.9,33.6,0.8,405,-0.048,-19.5,38.3,0.91
close,0.0,0.0,0.0,False,atr2.5,trail12,False,613,-0.12,-73.8,35.7,0.8,405,-0.027,-10.9,39.5,0.95
close,0.0,0.0,0.0,False,atr2.5,fixed1.0,True,613,-0.11,-67.4,46.8,0.8,405,-0.046,-18.8,49.1,0.91
close,0.0,0.0,0.0,False,atr2.5,fixed1.0,False,613,-0.11,-67.4,46.8,0.8,405,-0.046,-18.8,49.1,0.91
close,0.0,0.0,0.0,False,atr2.5,fixed1.5,True,613,-0.129,-78.9,30.0,0.77,405,-0.059,-24.0,32.1,0.89
close,0.0,0.0,0.0,False,atr2.5,fixed1.5,False,613,-0.091,-55.9,38.3,0.86,405,-0.064,-25.9,38.8,0.9
close,0.0,0.0,0.0,False,atr2.5,fixed2.0,True,613,-0.138,-84.4,22.3,0.76,405,-0.067,-27.2,23.7,0.87
close,0.0,0.0,0.0,False,atr2.5,fixed2.0,False,613,-0.091,-56.0,32.3,0.87,405,-0.094,-38.2,31.4,0.87
close,0.0,0.0,0.0,False,atr3.0,trail3,True,598,-0.051,-30.5,46.0,0.9,394,-0.105,-41.5,45.9,0.8
close,0.0,0.0,0.0,False,atr3.0,trail3,False,598,-0.055,-32.9,46.3,0.9,394,-0.105,-41.3,46.4,0.8
close,0.0,0.0,0.0,False,atr3.0,trail5,True,598,-0.058,-34.7,44.3,0.89,394,-0.096,-37.9,45.7,0.82
close,0.0,0.0,0.0,False,atr3.0,trail5,False,598,-0.067,-40.1,44.5,0.88,394,-0.093,-36.8,46.2,0.82
close,0.0,0.0,0.0,False,atr3.0,trail8,True,598,-0.062,-36.8,42.0,0.88,394,-0.094,-37.1,43.9,0.82
close,0.0,0.0,0.0,False,atr3.0,trail8,False,598,-0.063,-37.8,43.3,0.88,394,-0.096,-37.7,44.4,0.82
close,0.0,0.0,0.0,False,atr3.0,trail12,True,598,-0.072,-43.0,38.5,0.86,394,-0.085,-33.5,40.4,0.84
close,0.0,0.0,0.0,False,atr3.0,trail12,False,598,-0.082,-49.0,40.0,0.85,394,-0.058,-22.9,41.9,0.89
close,0.0,0.0,0.0,False,atr3.0,fixed1.0,True,598,-0.053,-31.8,49.2,0.9,394,-0.052,-20.5,48.5,0.9
close,0.0,0.0,0.0,False,atr3.0,fixed1.0,False,598,-0.053,-31.8,49.2,0.9,394,-0.052,-20.5,48.5,0.9
close,0.0,0.0,0.0,False,atr3.0,fixed1.5,True,598,-0.073,-43.5,31.8,0.86,394,-0.085,-33.4,30.2,0.84
close,0.0,0.0,0.0,False,atr3.0,fixed1.5,False,598,-0.074,-44.5,38.6,0.88,394,-0.086,-34.1,37.6,0.86
close,0.0,0.0,0.0,False,atr3.0,fixed2.0,True,598,-0.113,-67.7,22.2,0.79,394,-0.071,-27.9,23.6,0.87
close,0.0,0.0,0.0,False,atr3.0,fixed2.0,False,598,-0.099,-59.0,31.9,0.86,394,-0.049,-19.4,33.0,0.93
close,0.0,0.0,0.0,False,struct5,trail3,True,641,-0.169,-108.4,37.9,0.72,419,-0.187,-78.5,39.1,0.67
close,0.0,0.0,0.0,False,struct5,trail3,False,641,-0.181,-116.1,38.5,0.7,419,-0.194,-81.1,40.6,0.67
close,0.0,0.0,0.0,False,struct5,trail5,True,641,-0.173,-110.7,35.6,0.71,419,-0.191,-79.8,34.8,0.66
close,0.0,0.0,0.0,False,struct5,trail5,False,641,-0.189,-121.3,36.5,0.7,419,-0.202,-84.5,36.5,0.66
close,0.0,0.0,0.0,False,struct5,trail8,True,641,-0.17,-109.1,31.8,0.72,419,-0.153,-64.2,32.2,0.73
close,0.0,0.0,0.0,False,struct5,trail8,False,641,-0.187,-120.0,33.1,0.71,419,-0.166,-69.5,33.4,0.73
close,0.0,0.0,0.0,False,struct5,trail12,True,641,-0.202,-129.3,28.4,0.67,419,-0.15,-62.8,29.1,0.74
close,0.0,0.0,0.0,False,struct5,trail12,False,641,-0.224,-143.6,30.0,0.65,419,-0.128,-53.5,31.3,0.79
close,0.0,0.0,0.0,False,struct5,fixed1.0,True,641,-0.179,-114.9,44.6,0.7,419,-0.115,-48.4,46.8,0.79
close,0.0,0.0,0.0,False,struct5,fixed1.0,False,641,-0.179,-114.9,44.6,0.7,419,-0.115,-48.4,46.8,0.79
close,0.0,0.0,0.0,False,struct5,fixed1.5,True,641,-0.187,-120.0,29.6,0.69,419,-0.111,-46.5,31.7,0.8
close,0.0,0.0,0.0,False,struct5,fixed1.5,False,641,-0.196,-125.8,35.6,0.72,419,-0.088,-36.9,38.7,0.86
close,0.0,0.0,0.0,False,struct5,fixed2.0,True,641,-0.165,-105.8,23.7,0.73,419,-0.133,-55.9,22.9,0.77
close,0.0,0.0,0.0,False,struct5,fixed2.0,False,641,-0.177,-113.2,30.6,0.76,419,-0.067,-28.1,33.2,0.9
close,0.0,0.0,0.0,True,atr1.5,trail3,True,599,-0.068,-41.0,38.7,0.88,387,-0.147,-56.8,40.6,0.73
close,0.0,0.0,0.0,True,atr1.5,trail3,False,599,-0.07,-42.0,40.2,0.88,387,-0.157,-60.8,40.8,0.72
close,0.0,0.0,0.0,True,atr1.5,trail5,True,599,-0.083,-50.0,35.2,0.86,387,-0.122,-47.2,37.2,0.78
close,0.0,0.0,0.0,True,atr1.5,trail5,False,599,-0.093,-55.7,37.1,0.85,387,-0.121,-46.8,38.5,0.79
close,0.0,0.0,0.0,True,atr1.5,trail8,True,599,-0.075,-44.9,28.7,0.87,387,-0.105,-40.7,32.8,0.81
close,0.0,0.0,0.0,True,atr1.5,trail8,False,599,-0.085,-50.9,31.1,0.86,387,-0.101,-39.1,34.9,0.83
close,0.0,0.0,0.0,True,atr1.5,trail12,True,599,-0.081,-48.5,24.7,0.86,387,-0.096,-37.2,27.4,0.83
close,0.0,0.0,0.0,True,atr1.5,trail12,False,599,-0.082,-48.9,27.5,0.87,387,-0.057,-22.1,30.2,0.91
close,0.0,0.0,0.0,True,atr1.5,fixed1.0,True,599,-0.133,-79.9,47.1,0.77,387,-0.084,-32.4,48.3,0.85
close,0.0,0.0,0.0,True,atr1.5,fixed1.0,False,599,-0.133,-79.9,47.1,0.77,387,-0.084,-32.4,48.3,0.85
close,0.0,0.0,0.0,True,atr1.5,fixed1.5,True,599,-0.098,-58.9,33.7,0.83,387,-0.075,-29.2,32.8,0.86
close,0.0,0.0,0.0,True,atr1.5,fixed1.5,False,599,-0.073,-43.6,40.2,0.89,387,-0.082,-31.8,38.8,0.87
close,0.0,0.0,0.0,True,atr1.5,fixed2.0,True,599,-0.117,-70.0,24.4,0.8,387,-0.024,-9.2,27.1,0.96
close,0.0,0.0,0.0,True,atr1.5,fixed2.0,False,599,-0.037,-22.3,34.9,0.95,387,-0.047,-18.1,33.6,0.93
close,0.0,0.0,0.0,True,atr2.0,trail3,True,581,-0.052,-30.0,42.5,0.91,378,-0.099,-37.5,45.5,0.82
close,0.0,0.0,0.0,True,atr2.0,trail3,False,581,-0.057,-33.1,43.0,0.9,378,-0.102,-38.6,45.8,0.81
close,0.0,0.0,0.0,True,atr2.0,trail5,True,581,-0.06,-34.7,39.8,0.89,378,-0.089,-33.7,43.1,0.83
close,0.0,0.0,0.0,True,atr2.0,trail5,False,581,-0.072,-41.8,40.6,0.88,378,-0.094,-35.6,43.7,0.83
close,0.0,0.0,0.0,True,atr2.0,trail8,True,581,-0.043,-24.7,34.9,0.92,378,-0.076,-28.8,39.9,0.86
close,0.0,0.0,0.0,True,atr2.0,trail8,False,581,-0.055,-31.7,36.3,0.91,378,-0.083,-31.2,40.5,0.85
close,0.0,0.0,0.0,True,atr2.0,trail12,True,581,-0.056,-32.6,30.3,0.9,378,-0.084,-31.7,34.4,0.84
close,0.0,0.0,0.0,True,atr2.0,trail12,False,581,-0.066,-38.3,32.5,0.89,378,-0.058,-21.8,36.0,0.9
close,0.0,0.0,0.0,True,atr2.0,fixed1.0,True,581,-0.11,-63.7,47.5,0.8,378,-0.066,-25.1,48.7,0.88
close,0.0,0.0,0.0,True,atr2.0,fixed1.0,False,581,-0.11,-63.7,47.5,0.8,378,-0.066,-25.1,48.7,0.88
close,0.0,0.0,0.0,True,atr2.0,fixed1.5,True,581,-0.086,-49.7,33.4,0.85,378,-0.041,-15.3,34.1,0.92
close,0.0,0.0,0.0,True,atr2.0,fixed1.5,False,581,-0.06,-34.8,40.1,0.91,378,-0.057,-21.4,39.4,0.91
close,0.0,0.0,0.0,True,atr2.0,fixed2.0,True,581,-0.093,-53.8,24.8,0.84,378,-0.062,-23.4,24.6,0.89
close,0.0,0.0,0.0,True,atr2.0,fixed2.0,False,581,-0.08,-46.4,32.9,0.89,378,-0.05,-18.8,33.3,0.93
close,0.0,0.0,0.0,True,atr2.5,trail3,True,557,-0.077,-42.8,43.6,0.86,366,-0.084,-30.8,46.7,0.84
close,0.0,0.0,0.0,True,atr2.5,trail3,False,557,-0.08,-44.3,44.2,0.86,366,-0.083,-30.5,47.3,0.84
close,0.0,0.0,0.0,True,atr2.5,trail5,True,557,-0.089,-49.6,41.5,0.84,366,-0.075,-27.5,45.4,0.86
close,0.0,0.0,0.0,True,atr2.5,trail5,False,557,-0.098,-54.3,42.0,0.83,366,-0.07,-25.6,45.9,0.87
close,0.0,0.0,0.0,True,atr2.5,trail8,True,557,-0.075,-41.8,37.9,0.86,366,-0.06,-22.0,42.6,0.89
close,0.0,0.0,0.0,True,atr2.5,trail8,False,557,-0.078,-43.5,39.3,0.86,366,-0.062,-22.8,43.2,0.88
close,0.0,0.0,0.0,True,atr2.5,trail12,True,557,-0.084,-46.9,33.6,0.85,366,-0.063,-23.1,38.3,0.88
close,0.0,0.0,0.0,True,atr2.5,trail12,False,557,-0.086,-47.7,35.9,0.85,366,-0.038,-13.9,39.6,0.93
close,0.0,0.0,0.0,True,atr2.5,fixed1.0,True,557,-0.091,-50.5,47.8,0.83,366,-0.048,-17.5,49.2,0.91
close,0.0,0.0,0.0,True,atr2.5,fixed1.0,False,557,-0.091,-50.5,47.8,0.83,366,-0.048,-17.5,49.2,0.91
close,0.0,0.0,0.0,True,atr2.5,fixed1.5,True,557,-0.109,-60.9,30.7,0.8,366,-0.05,-18.5,32.8,0.9
close,0.0,0.0,0.0,True,atr2.5,fixed1.5,False,557,-0.072,-40.3,39.1,0.89,366,-0.052,-18.9,39.3,0.92
close,0.0,0.0,0.0,True,atr2.5,fixed2.0,True,557,-0.103,-57.4,23.7,0.81,366,-0.077,-28.2,23.5,0.85
close,0.0,0.0,0.0,True,atr2.5,fixed2.0,False,557,-0.07,-38.8,33.2,0.9,366,-0.074,-27.1,32.2,0.89
close,0.0,0.0,0.0,True,atr3.0,trail3,True,541,-0.042,-22.6,45.8,0.92,356,-0.099,-35.3,46.3,0.81
close,0.0,0.0,0.0,True,atr3.0,trail3,False,541,-0.042,-22.9,46.2,0.92,356,-0.098,-34.8,46.9,0.81
close,0.0,0.0,0.0,True,atr3.0,trail5,True,541,-0.055,-29.7,44.2,0.9,356,-0.091,-32.3,46.1,0.83
close,0.0,0.0,0.0,True,atr3.0,trail5,False,541,-0.061,-33.0,44.4,0.89,356,-0.086,-30.6,46.6,0.84
close,0.0,0.0,0.0,True,atr3.0,trail8,True,541,-0.052,-28.3,41.6,0.9,356,-0.08,-28.3,43.8,0.85
close,0.0,0.0,0.0,True,atr3.0,trail8,False,541,-0.05,-27.3,42.9,0.91,356,-0.08,-28.4,44.4,0.85
close,0.0,0.0,0.0,True,atr3.0,trail12,True,541,-0.057,-30.7,38.1,0.89,356,-0.091,-32.2,39.9,0.83
close,0.0,0.0,0.0,True,atr3.0,trail12,False,541,-0.057,-31.0,39.9,0.9,356,-0.061,-21.8,41.6,0.89
close,0.0,0.0,0.0,True,atr3.0,fixed1.0,True,541,-0.053,-28.6,49.2,0.9,356,-0.05,-18.0,48.6,0.9
close,0.0,0.0,0.0,True,atr3.0,fixed1.0,False,541,-0.053,-28.6,49.2,0.9,356,-0.05,-18.0,48.6,0.9
close,0.0,0.0,0.0,True,atr3.0,fixed1.5,True,541,-0.06,-32.7,32.7,0.89,356,-0.086,-30.7,30.3,0.84
close,0.0,0.0,0.0,True,atr3.0,fixed1.5,False,541,-0.067,-36.2,39.0,0.89,356,-0.1,-35.7,37.4,0.84
close,0.0,0.0,0.0,True,atr3.0,fixed2.0,True,541,-0.086,-46.5,23.8,0.84,356,-0.097,-34.5,22.5,0.82
close,0.0,0.0,0.0,True,atr3.0,fixed2.0,False,541,-0.066,-35.6,33.3,0.9,356,-0.082,-29.0,32.0,0.88
close,0.0,0.0,0.0,True,struct5,trail3,True,566,-0.096,-54.2,42.6,0.83,370,-0.101,-37.3,44.3,0.81
close,0.0,0.0,0.0,True,struct5,trail3,False,566,-0.1,-56.5,43.3,0.82,370,-0.103,-38.1,45.1,0.81
close,0.0,0.0,0.0,True,struct5,trail5,True,566,-0.111,-62.9,40.6,0.8,370,-0.068,-25.2,41.1,0.87
close,0.0,0.0,0.0,True,struct5,trail5,False,566,-0.119,-67.5,41.5,0.79,370,-0.067,-24.7,41.9,0.88
close,0.0,0.0,0.0,True,struct5,trail8,True,566,-0.106,-59.8,35.9,0.81,370,-0.062,-23.0,38.1,0.89
close,0.0,0.0,0.0,True,struct5,trail8,False,566,-0.122,-68.8,37.1,0.79,370,-0.062,-23.1,38.9,0.89
close,0.0,0.0,0.0,True,struct5,trail12,True,566,-0.101,-57.3,32.0,0.82,370,-0.056,-20.7,34.6,0.9
close,0.0,0.0,0.0,True,struct5,trail12,False,566,-0.116,-65.7,33.7,0.81,370,-0.013,-5.0,36.5,0.98
close,0.0,0.0,0.0,True,struct5,fixed1.0,True,566,-0.108,-61.3,47.3,0.8,370,-0.086,-31.8,47.8,0.84
close,0.0,0.0,0.0,True,struct5,fixed1.0,False,566,-0.108,-61.3,47.3,0.8,370,-0.086,-31.8,47.8,0.84
close,0.0,0.0,0.0,True,struct5,fixed1.5,True,566,-0.121,-68.3,31.4,0.79,370,-0.052,-19.3,34.3,0.9
close,0.0,0.0,0.0,True,struct5,fixed1.5,False,566,-0.133,-75.5,37.6,0.8,370,-0.049,-18.2,40.0,0.92
close,0.0,0.0,0.0,True,struct5,fixed2.0,True,566,-0.101,-57.2,25.1,0.82,370,-0.065,-24.2,25.1,0.88
close,0.0,0.0,0.0,True,struct5,fixed2.0,False,566,-0.083,-47.2,33.4,0.88,370,-0.034,-12.5,34.1,0.95
close,0.0,0.0,0.25,False,atr1.5,trail3,True,557,-0.13,-72.3,37.0,0.78,352,-0.101,-35.6,42.0,0.81
close,0.0,0.0,0.25,False,atr1.5,trail3,False,557,-0.134,-74.4,38.1,0.78,352,-0.112,-39.3,42.9,0.8
close,0.0,0.0,0.25,False,atr1.5,trail5,True,557,-0.125,-69.5,33.2,0.79,352,-0.058,-20.6,38.1,0.89
close,0.0,0.0,0.25,False,atr1.5,trail5,False,557,-0.138,-76.7,35.0,0.78,352,-0.069,-24.4,39.8,0.88
close,0.0,0.0,0.25,False,atr1.5,trail8,True,557,-0.132,-73.6,27.1,0.78,352,-0.05,-17.6,34.4,0.91
close,0.0,0.0,0.25,False,atr1.5,trail8,False,557,-0.109,-60.9,29.8,0.83,352,-0.069,-24.2,36.4,0.88
close,0.0,0.0,0.25,False,atr1.5,trail12,True,557,-0.143,-79.4,23.5,0.76,352,-0.045,-15.7,28.4,0.92
close,0.0,0.0,0.25,False,atr1.5,trail12,False,557,-0.129,-71.6,26.0,0.8,352,-0.019,-6.8,31.0,0.97
close,0.0,0.0,0.25,False,atr1.5,fixed1.0,True,557,-0.157,-87.4,46.0,0.73,352,-0.061,-21.6,49.4,0.88
close,0.0,0.0,0.25,False,atr1.5,fixed1.0,False,557,-0.157,-87.4,46.0,0.73,352,-0.061,-21.6,49.4,0.88
close,0.0,0.0,0.25,False,atr1.5,fixed1.5,True,557,-0.137,-76.4,32.0,0.77,352,-0.045,-15.8,34.1,0.92
close,0.0,0.0,0.25,False,atr1.5,fixed1.5,False,557,-0.125,-69.9,38.1,0.81,352,-0.042,-14.8,40.3,0.93
close,0.0,0.0,0.25,False,atr1.5,fixed2.0,True,557,-0.146,-81.5,23.5,0.76,352,-0.004,-1.3,27.6,0.99
close,0.0,0.0,0.25,False,atr1.5,fixed2.0,False,557,-0.112,-62.3,32.3,0.85,352,0.016,5.5,35.5,1.02
close,0.0,0.0,0.25,False,atr2.0,trail3,True,547,-0.102,-55.6,40.0,0.82,339,-0.048,-16.4,47.8,0.91
close,0.0,0.0,0.25,False,atr2.0,trail3,False,547,-0.106,-58.2,40.6,0.82,339,-0.052,-17.6,48.4,0.9
close,0.0,0.0,0.25,False,atr2.0,trail5,True,547,-0.104,-57.1,37.3,0.82,339,-0.03,-10.3,45.4,0.94
close,0.0,0.0,0.25,False,atr2.0,trail5,False,547,-0.115,-63.1,38.2,0.81,339,-0.038,-12.9,46.0,0.93
close,0.0,0.0,0.25,False,atr2.0,trail8,True,547,-0.093,-50.6,32.9,0.84,339,-0.038,-12.7,42.2,0.93
close,0.0,0.0,0.25,False,atr2.0,trail8,False,547,-0.107,-58.5,34.6,0.82,339,-0.053,-17.9,42.5,0.9
close,0.0,0.0,0.25,False,atr2.0,trail12,True,547,-0.11,-59.9,29.8,0.81,339,-0.027,-9.1,35.1,0.95
close,0.0,0.0,0.25,False,atr2.0,trail12,False,547,-0.134,-73.4,31.1,0.79,339,-0.006,-2.1,36.3,0.99
close,0.0,0.0,0.25,False,atr2.0,fixed1.0,True,547,-0.147,-80.6,45.5,0.74,339,-0.017,-5.9,51.0,0.97
close,0.0,0.0,0.25,False,atr2.0,fixed1.0,False,547,-0.147,-80.6,45.5,0.74,339,-0.017,-5.9,51.0,0.97
close,0.0,0.0,0.25,False,atr2.0,fixed1.5,True,547,-0.118,-64.7,32.4,0.8,339,0.01,3.4,36.0,1.02
close,0.0,0.0,0.25,False,atr2.0,fixed1.5,False,547,-0.111,-60.6,38.0,0.83,339,0.007,2.4,41.9,1.01
close,0.0,0.0,0.25,False,atr2.0,fixed2.0,True,547,-0.14,-76.8,23.2,0.76,339,-0.032,-10.8,24.8,0.94
close,0.0,0.0,0.25,False,atr2.0,fixed2.0,False,547,-0.141,-77.0,30.7,0.81,339,-0.037,-12.5,33.6,0.95
close,0.0,0.0,0.25,False,atr2.5,trail3,True,520,-0.101,-52.5,42.3,0.82,331,-0.085,-28.3,47.1,0.83
close,0.0,0.0,0.25,False,atr2.5,trail3,False,520,-0.102,-53.3,42.9,0.82,331,-0.085,-28.1,48.0,0.84
close,0.0,0.0,0.25,False,atr2.5,trail5,True,520,-0.113,-58.8,40.4,0.8,331,-0.063,-20.8,45.6,0.88
close,0.0,0.0,0.25,False,atr2.5,trail5,False,520,-0.121,-63.2,41.0,0.79,331,-0.057,-18.9,46.5,0.89
close,0.0,0.0,0.25,False,atr2.5,trail8,True,520,-0.106,-55.3,37.3,0.81,331,-0.08,-26.4,43.2,0.85
close,0.0,0.0,0.25,False,atr2.5,trail8,False,520,-0.111,-57.5,38.8,0.81,331,-0.081,-26.7,43.8,0.85
close,0.0,0.0,0.25,False,atr2.5,trail12,True,520,-0.116,-60.6,33.5,0.79,331,-0.067,-22.1,37.8,0.87
close,0.0,0.0,0.25,False,atr2.5,trail12,False,520,-0.13,-67.6,35.0,0.78,331,-0.038,-12.4,39.3,0.93
close,0.0,0.0,0.25,False,atr2.5,fixed1.0,True,520,-0.111,-57.9,46.7,0.8,331,-0.028,-9.4,50.2,0.94
close,0.0,0.0,0.25,False,atr2.5,fixed1.0,False,520,-0.111,-57.9,46.7,0.8,331,-0.028,-9.4,50.2,0.94
close,0.0,0.0,0.25,False,atr2.5,fixed1.5,True,520,-0.115,-59.9,31.0,0.8,331,-0.039,-13.0,32.9,0.92
close,0.0,0.0,0.25,False,atr2.5,fixed1.5,False,520,-0.088,-45.8,38.5,0.86,331,-0.059,-19.4,39.3,0.91
close,0.0,0.0,0.25,False,atr2.5,fixed2.0,True,520,-0.127,-66.0,23.1,0.78,331,-0.057,-18.8,23.9,0.89
close,0.0,0.0,0.25,False,atr2.5,fixed2.0,False,520,-0.104,-54.1,32.1,0.85,331,-0.102,-33.8,31.4,0.86
close,0.0,0.0,0.25,False,atr3.0,trail3,True,507,-0.074,-37.4,44.6,0.86,324,-0.1,-32.3,47.5,0.81
close,0.0,0.0,0.25,False,atr3.0,trail3,False,507,-0.076,-38.3,45.0,0.86,324,-0.099,-32.2,47.8,0.81
close,0.0,0.0,0.25,False,atr3.0,trail5,True,507,-0.081,-41.1,43.2,0.85,324,-0.08,-26.0,47.2,0.85
close,0.0,0.0,0.25,False,atr3.0,trail5,False,507,-0.085,-43.2,43.6,0.84,324,-0.075,-24.4,47.5,0.86
close,0.0,0.0,0.25,False,atr3.0,trail8,True,507,-0.088,-44.6,40.8,0.84,324,-0.087,-28.3,45.4,0.83
close,0.0,0.0,0.25,False,atr3.0,trail8,False,507,-0.088,-44.5,41.8,0.84,324,-0.086,-27.9,45.7,0.84
close,0.0,0.0,0.25,False,atr3.0,trail12,True,507,-0.094,-47.5,37.7,0.83,324,-0.083,-26.8,40.1,0.84
close,0.0,0.0,0.25,False,atr3.0,trail12,False,507,-0.104,-52.9,38.9,0.82,324,-0.054,-17.5,41.4,0.9
close,0.0,0.0,0.25,False,atr3.0,fixed1.0,True,507,-0.078,-39.4,47.9,0.86,324,-0.037,-11.8,49.4,0.93
close,0.0,0.0,0.25,False,atr3.0,fixed1.0,False,507,-0.078,-39.4,47.9,0.86,324,-0.037,-11.8,49.4,0.93
close,0.0,0.0,0.25,False,atr3.0,fixed1.5,True,507,-0.102,-51.9,30.8,0.81,324,-0.08,-25.9,30.2,0.85
close,0.0,0.0,0.25,False,atr3.0,fixed1.5,False,507,-0.106,-53.6,37.5,0.84,324,-0.09,-29.0,37.7,0.86
close,0.0,0.0,0.25,False,atr3.0,fixed2.0,True,507,-0.118,-59.6,22.9,0.78,324,-0.082,-26.7,22.8,0.84
close,0.0,0.0,0.25,False,atr3.0,fixed2.0,False,507,-0.132,-67.0,31.2,0.81,324,-0.09,-29.3,31.5,0.87
close,0.0,0.0,0.25,False,struct5,trail3,True,535,-0.17,-91.2,39.6,0.71,340,-0.174,-59.1,41.5,0.69
close,0.0,0.0,0.25,False,struct5,trail3,False,535,-0.178,-95.3,40.0,0.7,340,-0.18,-61.1,42.6,0.68
close,0.0,0.0,0.25,False,struct5,trail5,True,535,-0.162,-86.6,37.2,0.72,340,-0.155,-52.7,37.9,0.72
close,0.0,0.0,0.25,False,struct5,trail5,False,535,-0.173,-92.6,38.1,0.71,340,-0.16,-54.4,39.1,0.72
close,0.0,0.0,0.25,False,struct5,trail8,True,535,-0.16,-85.8,32.7,0.73,340,-0.177,-60.0,35.6,0.69
close,0.0,0.0,0.25,False,struct5,trail8,False,535,-0.135,-72.4,34.8,0.78,340,-0.187,-63.7,36.5,0.68
close,0.0,0.0,0.25,False,struct5,trail12,True,535,-0.197,-105.6,29.7,0.67,340,-0.161,-54.7,30.9,0.72
close,0.0,0.0,0.25,False,struct5,trail12,False,535,-0.184,-98.4,31.4,0.71,340,-0.129,-43.7,32.6,0.79
close,0.0,0.0,0.25,False,struct5,fixed1.0,True,535,-0.156,-83.2,45.4,0.73,340,-0.116,-39.4,46.5,0.79
close,0.0,0.0,0.25,False,struct5,fixed1.0,False,535,-0.156,-83.2,45.4,0.73,340,-0.116,-39.4,46.5,0.79
close,0.0,0.0,0.25,False,struct5,fixed1.5,True,535,-0.158,-84.6,30.7,0.73,340,-0.118,-40.0,31.2,0.79
close,0.0,0.0,0.25,False,struct5,fixed1.5,False,535,-0.17,-90.8,36.3,0.75,340,-0.094,-31.9,38.2,0.85
close,0.0,0.0,0.25,False,struct5,fixed2.0,True,535,-0.167,-89.5,23.0,0.72,340,-0.138,-46.9,22.6,0.76
close,0.0,0.0,0.25,False,struct5,fixed2.0,False,535,-0.186,-99.3,30.1,0.75,340,-0.054,-18.4,33.5,0.92
close,0.0,0.0,0.25,True,atr1.5,trail3,True,496,-0.073,-36.3,38.5,0.87,322,-0.102,-33.0,42.5,0.81
close,0.0,0.0,0.25,True,atr1.5,trail3,False,496,-0.075,-37.4,39.7,0.87,322,-0.108,-34.9,43.2,0.8
close,0.0,0.0,0.25,True,atr1.5,trail5,True,496,-0.079,-39.1,34.5,0.86,322,-0.059,-18.9,37.9,0.89
close,0.0,0.0,0.25,True,atr1.5,trail5,False,496,-0.087,-43.2,36.3,0.86,322,-0.053,-17.2,39.4,0.9
close,0.0,0.0,0.25,True,atr1.5,trail8,True,496,-0.081,-40.2,27.6,0.86,322,-0.037,-11.9,34.2,0.93
close,0.0,0.0,0.25,True,atr1.5,trail8,False,496,-0.039,-19.5,30.6,0.94,322,-0.041,-13.1,36.3,0.93
close,0.0,0.0,0.25,True,atr1.5,trail12,True,496,-0.086,-42.4,24.2,0.85,322,-0.039,-12.5,28.9,0.93
close,0.0,0.0,0.25,True,atr1.5,trail12,False,496,-0.038,-18.8,27.6,0.94,322,-0.001,-0.2,31.7,1.0
close,0.0,0.0,0.25,True,atr1.5,fixed1.0,True,496,-0.119,-59.2,47.8,0.79,322,-0.044,-14.1,50.3,0.92
close,0.0,0.0,0.25,True,atr1.5,fixed1.0,False,496,-0.119,-59.2,47.8,0.79,322,-0.044,-14.1,50.3,0.92
close,0.0,0.0,0.25,True,atr1.5,fixed1.5,True,496,-0.086,-42.7,34.1,0.85,322,-0.04,-12.7,33.9,0.93
close,0.0,0.0,0.25,True,atr1.5,fixed1.5,False,496,-0.078,-38.6,39.9,0.88,322,-0.034,-10.8,40.7,0.95
close,0.0,0.0,0.25,True,atr1.5,fixed2.0,True,496,-0.105,-52.3,24.6,0.82,322,-0.005,-1.7,27.0,0.99
close,0.0,0.0,0.25,True,atr1.5,fixed2.0,False,496,-0.053,-26.3,34.3,0.93,322,0.022,7.0,35.7,1.03
close,0.0,0.0,0.25,True,atr2.0,trail3,True,484,-0.066,-31.8,41.7,0.88,312,-0.061,-19.1,47.1,0.88
close,0.0,0.0,0.25,True,atr2.0,trail3,False,484,-0.07,-34.0,42.4,0.88,312,-0.065,-20.2,47.8,0.88
close,0.0,0.0,0.25,True,atr2.0,trail5,True,484,-0.071,-34.6,38.4,0.87,312,-0.035,-10.8,44.2,0.93
close,0.0,0.0,0.25,True,atr2.0,trail5,False,484,-0.083,-40.0,39.5,0.86,312,-0.043,-13.5,44.9,0.92
close,0.0,0.0,0.25,True,atr2.0,trail8,True,484,-0.066,-31.9,33.3,0.88,312,-0.034,-10.5,41.0,0.93
close,0.0,0.0,0.25,True,atr2.0,trail8,False,484,-0.07,-34.1,35.3,0.88,312,-0.05,-15.7,41.3,0.91
close,0.0,0.0,0.25,True,atr2.0,trail12,True,484,-0.076,-36.7,30.0,0.87,312,-0.046,-14.2,34.6,0.91
close,0.0,0.0,0.25,True,atr2.0,trail12,False,484,-0.08,-38.9,32.2,0.87,312,-0.021,-6.7,35.9,0.96
close,0.0,0.0,0.25,True,atr2.0,fixed1.0,True,484,-0.102,-49.6,47.7,0.81,312,-0.027,-8.5,50.6,0.95
close,0.0,0.0,0.25,True,atr2.0,fixed1.0,False,484,-0.102,-49.6,47.7,0.81,312,-0.027,-8.5,50.6,0.95
close,0.0,0.0,0.25,True,atr2.0,fixed1.5,True,484,-0.085,-41.1,33.1,0.85,312,-0.009,-2.7,34.9,0.98
close,0.0,0.0,0.25,True,atr2.0,fixed1.5,False,484,-0.069,-33.6,39.7,0.89,312,0.01,3.2,42.0,1.02
close,0.0,0.0,0.25,True,atr2.0,fixed2.0,True,484,-0.107,-51.7,23.8,0.81,312,-0.067,-20.8,23.4,0.87
close,0.0,0.0,0.25,True,atr2.0,fixed2.0,False,484,-0.098,-47.2,32.2,0.86,312,-0.05,-15.5,33.3,0.93
close,0.0,0.0,0.25,True,atr2.5,trail3,True,466,-0.092,-42.9,42.7,0.83,304,-0.089,-27.2,46.7,0.83
close,0.0,0.0,0.25,True,atr2.5,trail3,False,466,-0.094,-43.6,43.3,0.83,304,-0.089,-27.1,47.4,0.83
close,0.0,0.0,0.25,True,atr2.5,trail5,True,466,-0.102,-47.7,40.8,0.81,304,-0.067,-20.3,45.1,0.87
close,0.0,0.0,0.25,True,atr2.5,trail5,False,466,-0.111,-51.6,41.4,0.8,304,-0.06,-18.3,46.1,0.89
close,0.0,0.0,0.25,True,atr2.5,trail8,True,466,-0.097,-45.3,37.1,0.82,304,-0.074,-22.4,42.4,0.86
close,0.0,0.0,0.25,True,atr2.5,trail8,False,466,-0.096,-44.9,39.1,0.83,304,-0.074,-22.4,43.1,0.86
close,0.0,0.0,0.25,True,atr2.5,trail12,True,466,-0.097,-45.2,33.9,0.82,304,-0.087,-26.5,36.8,0.83
close,0.0,0.0,0.25,True,atr2.5,trail12,False,466,-0.096,-44.9,36.1,0.84,304,-0.052,-15.9,38.5,0.9
close,0.0,0.0,0.25,True,atr2.5,fixed1.0,True,466,-0.092,-43.0,47.6,0.83,304,-0.038,-11.6,49.7,0.93
close,0.0,0.0,0.25,True,atr2.5,fixed1.0,False,466,-0.092,-43.0,47.6,0.83,304,-0.038,-11.6,49.7,0.93
close,0.0,0.0,0.25,True,atr2.5,fixed1.5,True,466,-0.103,-48.0,31.1,0.81,304,-0.053,-16.2,32.2,0.9
close,0.0,0.0,0.25,True,atr2.5,fixed1.5,False,466,-0.074,-34.3,39.1,0.88,304,-0.07,-21.1,38.8,0.89
close,0.0,0.0,0.25,True,atr2.5,fixed2.0,True,466,-0.113,-52.9,23.2,0.8,304,-0.093,-28.2,22.4,0.82
close,0.0,0.0,0.25,True,atr2.5,fixed2.0,False,466,-0.096,-44.8,32.4,0.86,304,-0.119,-36.2,30.9,0.83
close,0.0,0.0,0.25,True,atr3.0,trail3,True,456,-0.076,-34.8,45.0,0.86,298,-0.099,-29.4,47.3,0.81
close,0.0,0.0,0.25,True,atr3.0,trail3,False,456,-0.075,-34.4,45.4,0.86,298,-0.099,-29.4,47.7,0.81
close,0.0,0.0,0.25,True,atr3.0,trail5,True,456,-0.087,-39.7,43.4,0.84,298,-0.081,-24.2,47.0,0.84
close,0.0,0.0,0.25,True,atr3.0,trail5,False,456,-0.089,-40.4,43.9,0.84,298,-0.076,-22.6,47.3,0.85
close,0.0,0.0,0.25,True,atr3.0,trail8,True,456,-0.094,-42.9,40.6,0.82,298,-0.08,-23.8,44.6,0.85
close,0.0,0.0,0.25,True,atr3.0,trail8,False,456,-0.091,-41.6,41.7,0.83,298,-0.079,-23.6,45.0,0.85
close,0.0,0.0,0.25,True,atr3.0,trail12,True,456,-0.092,-42.0,37.9,0.83,298,-0.101,-30.1,39.6,0.81
close,0.0,0.0,0.25,True,atr3.0,trail12,False,456,-0.093,-42.2,39.5,0.83,298,-0.07,-21.0,40.9,0.87
close,0.0,0.0,0.25,True,atr3.0,fixed1.0,True,456,-0.071,-32.2,48.2,0.87,298,-0.036,-10.7,49.3,0.93
close,0.0,0.0,0.25,True,atr3.0,fixed1.0,False,456,-0.071,-32.2,48.2,0.87,298,-0.036,-10.7,49.3,0.93
close,0.0,0.0,0.25,True,atr3.0,fixed1.5,True,456,-0.106,-48.3,30.3,0.8,298,-0.103,-30.6,28.9,0.8
close,0.0,0.0,0.25,True,atr3.0,fixed1.5,False,456,-0.11,-50.0,37.3,0.83,298,-0.114,-34.1,36.9,0.82
close,0.0,0.0,0.25,True,atr3.0,fixed2.0,True,456,-0.103,-47.1,23.5,0.81,298,-0.13,-38.9,20.5,0.75
close,0.0,0.0,0.25,True,atr3.0,fixed2.0,False,456,-0.114,-52.1,31.8,0.84,298,-0.125,-37.4,30.5,0.82
close,0.0,0.0,0.25,True,struct5,trail3,True,468,-0.104,-48.6,43.4,0.81,306,-0.13,-39.9,43.8,0.76
close,0.0,0.0,0.25,True,struct5,trail3,False,468,-0.107,-50.0,43.8,0.81,306,-0.135,-41.2,44.8,0.76
close,0.0,0.0,0.25,True,struct5,trail5,True,468,-0.113,-52.9,41.5,0.8,306,-0.076,-23.4,40.2,0.86
close,0.0,0.0,0.25,True,struct5,trail5,False,468,-0.12,-56.3,42.1,0.79,306,-0.078,-23.8,40.8,0.86
close,0.0,0.0,0.25,True,struct5,trail8,True,468,-0.113,-52.7,36.3,0.8,306,-0.094,-28.6,37.6,0.83
close,0.0,0.0,0.25,True,struct5,trail8,False,468,-0.083,-38.7,37.8,0.86,306,-0.097,-29.6,38.6,0.83
close,0.0,0.0,0.25,True,struct5,trail12,True,468,-0.1,-47.0,33.3,0.82,306,-0.096,-29.3,33.3,0.83
close,0.0,0.0,0.25,True,struct5,trail12,False,468,-0.075,-35.0,34.8,0.87,306,-0.049,-15.0,35.3,0.92
close,0.0,0.0,0.25,True,struct5,fixed1.0,True,468,-0.101,-47.4,47.6,0.82,306,-0.089,-27.3,47.7,0.84
close,0.0,0.0,0.25,True,struct5,fixed1.0,False,468,-0.101,-47.4,47.6,0.82,306,-0.089,-27.3,47.7,0.84
close,0.0,0.0,0.25,True,struct5,fixed1.5,True,468,-0.112,-52.5,31.8,0.8,306,-0.08,-24.4,32.7,0.85
close,0.0,0.0,0.25,True,struct5,fixed1.5,False,468,-0.131,-61.2,37.6,0.8,306,-0.042,-12.8,40.2,0.93
close,0.0,0.0,0.25,True,struct5,fixed2.0,True,468,-0.121,-56.5,24.1,0.79,306,-0.107,-32.8,23.2,0.81
close,0.0,0.0,0.25,True,struct5,fixed2.0,False,468,-0.141,-65.9,31.6,0.8,306,-0.014,-4.4,34.6,0.98
close,0.0,0.0,0.5,False,atr1.5,trail3,True,419,-0.068,-28.3,37.5,0.88,242,-0.049,-12.0,45.0,0.9
close,0.0,0.0,0.5,False,atr1.5,trail3,False,419,-0.073,-30.4,39.1,0.88,242,-0.07,-16.9,45.5,0.87
close,0.0,0.0,0.5,False,atr1.5,trail5,True,419,-0.058,-24.2,34.4,0.9,242,-0.037,-8.8,38.4,0.93
close,0.0,0.0,0.5,False,atr1.5,trail5,False,419,-0.065,-27.1,36.5,0.89,242,-0.059,-14.3,40.1,0.89
close,0.0,0.0,0.5,False,atr1.5,trail8,True,419,-0.067,-28.0,27.7,0.88,242,-0.004,-1.0,36.0,0.99
close,0.0,0.0,0.5,False,atr1.5,trail8,False,419,-0.064,-26.9,31.3,0.9,242,-0.031,-7.4,38.0,0.94
close,0.0,0.0,0.5,False,atr1.5,trail12,True,419,-0.079,-33.1,25.3,0.86,242,0.014,3.5,29.3,1.03
close,0.0,0.0,0.5,False,atr1.5,trail12,False,419,-0.079,-33.2,28.6,0.88,242,-0.035,-8.4,31.4,0.94
close,0.0,0.0,0.5,False,atr1.5,fixed1.0,True,419,-0.125,-52.2,47.5,0.78,242,0.001,0.3,52.5,1.0
close,0.0,0.0,0.5,False,atr1.5,fixed1.0,False,419,-0.125,-52.2,47.5,0.78,242,0.001,0.3,52.5,1.0
close,0.0,0.0,0.5,False,atr1.5,fixed1.5,True,419,-0.088,-36.7,34.1,0.85,242,-0.01,-2.5,34.3,0.98
close,0.0,0.0,0.5,False,atr1.5,fixed1.5,False,419,-0.052,-21.7,41.1,0.92,242,-0.006,-1.5,41.7,0.99
close,0.0,0.0,0.5,False,atr1.5,fixed2.0,True,419,-0.075,-31.3,26.3,0.87,242,0.012,3.0,26.9,1.02
close,0.0,0.0,0.5,False,atr1.5,fixed2.0,False,419,-0.005,-2.3,35.8,0.99,242,0.066,15.9,37.2,1.1
close,0.0,0.0,0.5,False,atr2.0,trail3,True,411,-0.086,-35.2,42.3,0.84,240,-0.026,-6.2,49.2,0.95
close,0.0,0.0,0.5,False,atr2.0,trail3,False,411,-0.088,-36.2,43.3,0.84,240,-0.031,-7.5,49.2,0.94
close,0.0,0.0,0.5,False,atr2.0,trail5,True,411,-0.092,-37.7,39.2,0.83,240,-0.032,-7.7,45.4,0.94
close,0.0,0.0,0.5,False,atr2.0,trail5,False,411,-0.098,-40.5,40.6,0.83,240,-0.04,-9.6,45.8,0.92
close,0.0,0.0,0.5,False,atr2.0,trail8,True,411,-0.096,-39.4,33.3,0.83,240,-0.02,-4.8,42.5,0.96
close,0.0,0.0,0.5,False,atr2.0,trail8,False,411,-0.095,-39.0,36.3,0.84,240,-0.037,-8.9,42.9,0.93
close,0.0,0.0,0.5,False,atr2.0,trail12,True,411,-0.12,-49.5,29.9,0.78,240,0.015,3.6,36.7,1.03
close,0.0,0.0,0.5,False,atr2.0,trail12,False,411,-0.122,-50.2,33.1,0.8,240,-0.011,-2.7,37.5,0.98
close,0.0,0.0,0.5,False,atr2.0,fixed1.0,True,411,-0.089,-36.6,48.4,0.84,240,0.005,1.1,52.1,1.01
close,0.0,0.0,0.5,False,atr2.0,fixed1.0,False,411,-0.089,-36.6,48.4,0.84,240,0.005,1.1,52.1,1.01
close,0.0,0.0,0.5,False,atr2.0,fixed1.5,True,411,-0.073,-30.1,33.3,0.87,240,0.025,6.0,36.2,1.05
close,0.0,0.0,0.5,False,atr2.0,fixed1.5,False,411,-0.027,-11.1,41.4,0.96,240,0.033,7.9,42.9,1.06
close,0.0,0.0,0.5,False,atr2.0,fixed2.0,True,411,-0.099,-40.8,23.8,0.82,240,0.02,4.9,27.1,1.04
close,0.0,0.0,0.5,False,atr2.0,fixed2.0,False,411,-0.058,-23.8,33.6,0.92,240,0.022,5.2,35.8,1.03
close,0.0,0.0,0.5,False,atr2.5,trail3,True,396,-0.067,-26.6,44.2,0.87,233,-0.045,-10.4,48.1,0.91
close,0.0,0.0,0.5,False,atr2.5,trail3,False,396,-0.073,-28.9,44.7,0.87,233,-0.046,-10.8,48.9,0.91
close,0.0,0.0,0.5,False,atr2.5,trail5,True,396,-0.081,-32.0,42.2,0.85,233,-0.041,-9.6,45.9,0.92
close,0.0,0.0,0.5,False,atr2.5,trail5,False,396,-0.094,-37.1,42.7,0.83,233,-0.031,-7.3,46.8,0.94
close,0.0,0.0,0.5,False,atr2.5,trail8,True,396,-0.075,-29.7,38.4,0.86,233,-0.036,-8.3,44.2,0.93
close,0.0,0.0,0.5,False,atr2.5,trail8,False,396,-0.081,-31.9,40.2,0.86,233,-0.033,-7.8,45.1,0.94
close,0.0,0.0,0.5,False,atr2.5,trail12,True,396,-0.097,-38.3,35.1,0.82,233,0.004,1.0,39.9,1.01
close,0.0,0.0,0.5,False,atr2.5,trail12,False,396,-0.107,-42.2,36.9,0.81,233,-0.001,-0.2,41.2,1.0
close,0.0,0.0,0.5,False,atr2.5,fixed1.0,True,396,-0.072,-28.5,48.7,0.87,233,-0.001,-0.2,51.5,1.0
close,0.0,0.0,0.5,False,atr2.5,fixed1.0,False,396,-0.072,-28.5,48.7,0.87,233,-0.001,-0.2,51.5,1.0
close,0.0,0.0,0.5,False,atr2.5,fixed1.5,True,396,-0.07,-27.5,32.8,0.87,233,0.02,4.7,36.1,1.04
close,0.0,0.0,0.5,False,atr2.5,fixed1.5,False,396,-0.052,-20.6,39.9,0.92,233,0.008,1.8,42.1,1.01
close,0.0,0.0,0.5,False,atr2.5,fixed2.0,True,396,-0.087,-34.4,24.5,0.84,233,0.016,3.7,27.0,1.03
close,0.0,0.0,0.5,False,atr2.5,fixed2.0,False,396,-0.095,-37.5,32.6,0.87,233,-0.023,-5.2,34.3,0.97
close,0.0,0.0,0.5,False,atr3.0,trail3,True,389,-0.068,-26.6,45.5,0.87,226,-0.001,-0.1,50.9,1.0
close,0.0,0.0,0.5,False,atr3.0,trail3,False,389,-0.078,-30.4,45.8,0.85,226,-0.0,-0.1,51.3,1.0
close,0.0,0.0,0.5,False,atr3.0,trail5,True,389,-0.087,-33.9,44.0,0.84,226,0.045,10.3,50.9,1.09
close,0.0,0.0,0.5,False,atr3.0,trail5,False,389,-0.099,-38.5,44.2,0.82,226,0.054,12.1,51.3,1.11
close,0.0,0.0,0.5,False,atr3.0,trail8,True,389,-0.093,-36.2,40.9,0.82,226,0.055,12.5,49.6,1.12
close,0.0,0.0,0.5,False,atr3.0,trail8,False,389,-0.099,-38.6,41.9,0.82,226,0.06,13.4,50.0,1.12
close,0.0,0.0,0.5,False,atr3.0,trail12,True,389,-0.109,-42.6,38.6,0.79,226,0.084,19.1,45.6,1.17
close,0.0,0.0,0.5,False,atr3.0,trail12,False,389,-0.122,-47.6,39.8,0.78,226,0.084,18.9,46.5,1.17
close,0.0,0.0,0.5,False,atr3.0,fixed1.0,True,389,-0.054,-20.9,49.4,0.9,226,0.037,8.3,53.1,1.08
close,0.0,0.0,0.5,False,atr3.0,fixed1.0,False,389,-0.054,-20.9,49.4,0.9,226,0.037,8.3,53.1,1.08
close,0.0,0.0,0.5,False,atr3.0,fixed1.5,True,389,-0.099,-38.6,30.3,0.81,226,0.048,11.0,36.7,1.1
close,0.0,0.0,0.5,False,atr3.0,fixed1.5,False,389,-0.104,-40.3,37.8,0.84,226,0.033,7.6,42.9,1.06
close,0.0,0.0,0.5,False,atr3.0,fixed2.0,True,389,-0.11,-42.9,22.9,0.79,226,0.05,11.2,27.9,1.1
close,0.0,0.0,0.5,False,atr3.0,fixed2.0,False,389,-0.155,-60.4,30.8,0.78,226,0.01,2.3,35.0,1.02
close,0.0,0.0,0.5,False,struct5,trail3,True,398,-0.116,-46.3,42.5,0.79,236,-0.086,-20.3,45.3,0.84
close,0.0,0.0,0.5,False,struct5,trail3,False,398,-0.123,-48.9,43.0,0.78,236,-0.087,-20.6,46.6,0.83
close,0.0,0.0,0.5,False,struct5,trail5,True,398,-0.129,-51.2,40.7,0.77,236,-0.07,-16.5,42.8,0.87
close,0.0,0.0,0.5,False,struct5,trail5,False,398,-0.139,-55.4,41.5,0.76,236,-0.063,-14.9,44.1,0.88
close,0.0,0.0,0.5,False,struct5,trail8,True,398,-0.129,-51.4,36.2,0.77,236,-0.084,-19.7,41.1,0.84
close,0.0,0.0,0.5,False,struct5,trail8,False,398,-0.143,-56.9,38.2,0.75,236,-0.081,-19.1,42.4,0.85
close,0.0,0.0,0.5,False,struct5,trail12,True,398,-0.146,-58.2,33.2,0.74,236,-0.055,-13.1,36.4,0.89
close,0.0,0.0,0.5,False,struct5,trail12,False,398,-0.174,-69.4,34.4,0.71,236,-0.06,-14.1,38.1,0.89
close,0.0,0.0,0.5,False,struct5,fixed1.0,True,398,-0.111,-44.1,47.2,0.8,236,-0.041,-9.6,50.0,0.92
close,0.0,0.0,0.5,False,struct5,fixed1.0,False,398,-0.111,-44.1,47.2,0.8,236,-0.041,-9.6,50.0,0.92
close,0.0,0.0,0.5,False,struct5,fixed1.5,True,398,-0.125,-49.6,31.4,0.78,236,-0.027,-6.4,34.7,0.95
close,0.0,0.0,0.5,False,struct5,fixed1.5,False,398,-0.135,-53.6,37.7,0.79,236,0.005,1.1,41.9,1.01
close,0.0,0.0,0.5,False,struct5,fixed2.0,True,398,-0.109,-43.6,25.1,0.81,236,-0.047,-11.1,25.4,0.91
close,0.0,0.0,0.5,False,struct5,fixed2.0,False,398,-0.139,-55.3,31.9,0.81,236,-0.001,-0.3,35.2,1.0
close,0.0,0.0,0.5,True,atr1.5,trail3,True,384,-0.052,-20.1,38.8,0.91,228,-0.087,-19.7,43.4,0.83
close,0.0,0.0,0.5,True,atr1.5,trail3,False,384,-0.058,-22.2,40.1,0.9,228,-0.11,-25.0,43.4,0.8
close,0.0,0.0,0.5,True,atr1.5,trail5,True,384,-0.048,-18.5,35.4,0.91,228,-0.072,-16.4,36.4,0.86
close,0.0,0.0,0.5,True,atr1.5,trail5,False,384,-0.056,-21.6,37.2,0.91,228,-0.096,-21.9,37.7,0.83
close,0.0,0.0,0.5,True,atr1.5,trail8,True,384,-0.06,-22.9,27.9,0.9,228,-0.024,-5.6,33.8,0.95
close,0.0,0.0,0.5,True,atr1.5,trail8,False,384,-0.055,-21.0,31.5,0.91,228,-0.052,-11.9,36.0,0.91
close,0.0,0.0,0.5,True,atr1.5,trail12,True,384,-0.077,-29.7,25.3,0.87,228,-0.014,-3.3,29.4,0.97
close,0.0,0.0,0.5,True,atr1.5,trail12,False,384,-0.073,-28.2,28.6,0.88,228,-0.064,-14.5,31.6,0.89
close,0.0,0.0,0.5,True,atr1.5,fixed1.0,True,384,-0.11,-42.2,48.2,0.8,228,-0.031,-7.1,50.9,0.94
close,0.0,0.0,0.5,True,atr1.5,fixed1.0,False,384,-0.11,-42.2,48.2,0.8,228,-0.031,-7.1,50.9,0.94
close,0.0,0.0,0.5,True,atr1.5,fixed1.5,True,384,-0.072,-27.8,34.6,0.87,228,-0.047,-10.8,32.9,0.91
close,0.0,0.0,0.5,True,atr1.5,fixed1.5,False,384,-0.042,-16.2,41.4,0.93,228,-0.052,-11.8,39.9,0.92
close,0.0,0.0,0.5,True,atr1.5,fixed2.0,True,384,-0.066,-25.3,26.3,0.89,228,-0.032,-7.3,25.4,0.94
close,0.0,0.0,0.5,True,atr1.5,fixed2.0,False,384,0.006,2.5,36.2,1.01,228,0.016,3.6,35.5,1.02
close,0.0,0.0,0.5,True,atr2.0,trail3,True,375,-0.059,-22.1,44.0,0.89,227,-0.08,-18.3,46.3,0.85
close,0.0,0.0,0.5,True,atr2.0,trail3,False,375,-0.062,-23.1,44.8,0.89,227,-0.086,-19.6,46.3,0.84
close,0.0,0.0,0.5,True,atr2.0,trail5,True,375,-0.073,-27.3,40.3,0.86,227,-0.085,-19.4,42.3,0.84
close,0.0,0.0,0.5,True,atr2.0,trail5,False,375,-0.081,-30.3,41.6,0.85,227,-0.094,-21.3,42.7,0.83
close,0.0,0.0,0.5,True,atr2.0,trail8,True,375,-0.074,-27.9,33.9,0.86,227,-0.065,-14.9,39.6,0.88
close,0.0,0.0,0.5,True,atr2.0,trail8,False,375,-0.072,-27.0,36.8,0.87,227,-0.083,-18.8,40.1,0.85
close,0.0,0.0,0.5,True,atr2.0,trail12,True,375,-0.105,-39.2,30.1,0.81,227,-0.056,-12.7,35.2,0.9
close,0.0,0.0,0.5,True,atr2.0,trail12,False,375,-0.104,-39.0,33.3,0.82,227,-0.081,-18.3,36.1,0.86
close,0.0,0.0,0.5,True,atr2.0,fixed1.0,True,375,-0.059,-22.3,49.9,0.89,227,-0.053,-12.0,49.3,0.9
close,0.0,0.0,0.5,True,atr2.0,fixed1.0,False,375,-0.059,-22.3,49.9,0.89,227,-0.053,-12.0,49.3,0.9
close,0.0,0.0,0.5,True,atr2.0,fixed1.5,True,375,-0.046,-17.3,34.1,0.91,227,-0.038,-8.6,33.9,0.93
close,0.0,0.0,0.5,True,atr2.0,fixed1.5,False,375,-0.008,-2.9,42.1,0.99,227,-0.016,-3.6,41.0,0.97
close,0.0,0.0,0.5,True,atr2.0,fixed2.0,True,375,-0.071,-26.5,24.5,0.87,227,-0.063,-14.2,24.2,0.88
close,0.0,0.0,0.5,True,atr2.0,fixed2.0,False,375,-0.019,-7.1,34.9,0.97,227,-0.048,-10.9,33.5,0.93
close,0.0,0.0,0.5,True,atr2.5,trail3,True,363,-0.042,-15.1,45.7,0.92,221,-0.094,-20.8,45.7,0.82
close,0.0,0.0,0.5,True,atr2.5,trail3,False,363,-0.045,-16.3,46.3,0.91,221,-0.096,-21.2,46.2,0.82
close,0.0,0.0,0.5,True,atr2.5,trail5,True,363,-0.061,-22.1,43.5,0.88,221,-0.092,-20.4,43.4,0.83
close,0.0,0.0,0.5,True,atr2.5,trail5,False,363,-0.07,-25.4,44.1,0.87,221,-0.081,-17.9,44.3,0.85
close,0.0,0.0,0.5,True,atr2.5,trail8,True,363,-0.052,-18.9,39.4,0.9,221,-0.079,-17.6,41.6,0.85
close,0.0,0.0,0.5,True,atr2.5,trail8,False,363,-0.053,-19.2,41.3,0.9,221,-0.076,-16.7,42.5,0.86
close,0.0,0.0,0.5,True,atr2.5,trail12,True,363,-0.079,-28.5,35.8,0.85,221,-0.066,-14.7,37.6,0.88
close,0.0,0.0,0.5,True,atr2.5,trail12,False,363,-0.082,-29.8,37.7,0.85,221,-0.068,-15.0,38.9,0.88
close,0.0,0.0,0.5,True,atr2.5,fixed1.0,True,363,-0.049,-17.7,49.9,0.91,221,-0.054,-12.0,48.9,0.9
close,0.0,0.0,0.5,True,atr2.5,fixed1.0,False,363,-0.049,-17.7,49.9,0.91,221,-0.054,-12.0,48.9,0.9
close,0.0,0.0,0.5,True,atr2.5,fixed1.5,True,363,-0.055,-19.8,33.1,0.9,221,-0.048,-10.6,33.0,0.91
close,0.0,0.0,0.5,True,atr2.5,fixed1.5,False,363,-0.031,-11.3,40.8,0.95,221,-0.057,-12.5,39.4,0.91
close,0.0,0.0,0.5,True,atr2.5,fixed2.0,True,363,-0.065,-23.7,25.1,0.88,221,-0.046,-10.1,24.9,0.91
close,0.0,0.0,0.5,True,atr2.5,fixed2.0,False,363,-0.066,-24.1,33.6,0.9,221,-0.082,-18.1,32.1,0.88
close,0.0,0.0,0.5,True,atr3.0,trail3,True,357,-0.045,-16.1,47.1,0.91,213,-0.05,-10.6,48.4,0.9
close,0.0,0.0,0.5,True,atr3.0,trail3,False,357,-0.051,-18.0,47.3,0.9,213,-0.049,-10.5,48.8,0.9
close,0.0,0.0,0.5,True,atr3.0,trail5,True,357,-0.068,-24.4,45.4,0.87,213,-0.015,-3.3,48.4,0.97
close,0.0,0.0,0.5,True,atr3.0,trail5,False,357,-0.074,-26.6,45.7,0.86,213,-0.007,-1.4,48.8,0.99
close,0.0,0.0,0.5,True,atr3.0,trail8,True,357,-0.074,-26.4,42.0,0.86,213,-0.001,-0.2,46.5,1.0
close,0.0,0.0,0.5,True,atr3.0,trail8,False,357,-0.073,-26.2,43.1,0.86,213,0.003,0.6,46.9,1.01
close,0.0,0.0,0.5,True,atr3.0,trail12,True,357,-0.094,-33.6,39.5,0.82,213,0.003,0.7,42.7,1.01
close,0.0,0.0,0.5,True,atr3.0,trail12,False,357,-0.099,-35.4,40.9,0.82,213,0.001,0.3,43.7,1.0
close,0.0,0.0,0.5,True,atr3.0,fixed1.0,True,357,-0.038,-13.6,50.1,0.93,213,-0.01,-2.1,50.7,0.98
close,0.0,0.0,0.5,True,atr3.0,fixed1.0,False,357,-0.038,-13.6,50.1,0.93,213,-0.01,-2.1,50.7,0.98
close,0.0,0.0,0.5,True,atr3.0,fixed1.5,True,357,-0.082,-29.3,31.1,0.84,213,-0.014,-3.0,33.8,0.97
close,0.0,0.0,0.5,True,atr3.0,fixed1.5,False,357,-0.09,-32.1,38.4,0.86,213,-0.037,-7.9,39.9,0.94
close,0.0,0.0,0.5,True,atr3.0,fixed2.0,True,357,-0.094,-33.5,23.5,0.82,213,-0.043,-9.3,23.9,0.92
close,0.0,0.0,0.5,True,atr3.0,fixed2.0,False,357,-0.134,-47.9,31.7,0.81,213,-0.1,-21.2,31.0,0.86
close,0.0,0.0,0.5,True,struct5,trail3,True,362,-0.089,-32.3,44.5,0.83,220,-0.107,-23.6,45.0,0.8
close,0.0,0.0,0.5,True,struct5,trail3,False,362,-0.095,-34.4,45.0,0.83,220,-0.11,-24.1,45.9,0.8
close,0.0,0.0,0.5,True,struct5,trail5,True,362,-0.113,-41.0,42.8,0.79,220,-0.083,-18.4,42.3,0.84
close,0.0,0.0,0.5,True,struct5,trail5,False,362,-0.122,-44.3,43.6,0.78,220,-0.076,-16.7,43.2,0.86
close,0.0,0.0,0.5,True,struct5,trail8,True,362,-0.115,-41.5,37.6,0.79,220,-0.091,-20.1,40.5,0.83
close,0.0,0.0,0.5,True,struct5,trail8,False,362,-0.125,-45.3,39.8,0.78,220,-0.087,-19.1,41.8,0.84
close,0.0,0.0,0.5,True,struct5,trail12,True,362,-0.139,-50.4,34.3,0.74,220,-0.079,-17.3,37.3,0.85
close,0.0,0.0,0.5,True,struct5,trail12,False,362,-0.165,-59.8,35.6,0.71,220,-0.079,-17.3,39.1,0.86
close,0.0,0.0,0.5,True,struct5,fixed1.0,True,362,-0.073,-26.5,48.9,0.86,220,-0.06,-13.1,49.1,0.89
close,0.0,0.0,0.5,True,struct5,fixed1.0,False,362,-0.073,-26.5,48.9,0.86,220,-0.06,-13.1,49.1,0.89
close,0.0,0.0,0.5,True,struct5,fixed1.5,True,362,-0.095,-34.5,32.0,0.82,220,-0.058,-12.9,33.2,0.89
close,0.0,0.0,0.5,True,struct5,fixed1.5,False,362,-0.108,-39.1,38.7,0.83,220,-0.038,-8.4,40.0,0.94
close,0.0,0.0,0.5,True,struct5,fixed2.0,True,362,-0.091,-33.0,25.1,0.83,220,-0.08,-17.6,24.1,0.85
close,0.0,0.0,0.5,True,struct5,fixed2.0,False,362,-0.111,-40.3,32.9,0.84,220,-0.054,-11.8,33.2,0.92
close,0.0,0.2,0.0,False,atr1.5,trail3,True,659,-0.149,-98.0,36.4,0.75,428,-0.14,-59.8,40.4,0.74
close,0.0,0.2,0.0,False,atr1.5,trail3,False,659,-0.151,-99.5,37.5,0.76,428,-0.155,-66.4,40.9,0.72
close,0.0,0.2,0.0,False,atr1.5,trail5,True,659,-0.156,-102.5,32.6,0.74,428,-0.11,-47.1,36.4,0.8
close,0.0,0.2,0.0,False,atr1.5,trail5,False,659,-0.168,-110.9,34.1,0.73,428,-0.125,-53.5,37.9,0.78
close,0.0,0.2,0.0,False,atr1.5,trail8,True,659,-0.162,-106.7,27.0,0.74,428,-0.076,-32.7,32.0,0.86
close,0.0,0.2,0.0,False,atr1.5,trail8,False,659,-0.18,-118.7,29.0,0.72,428,-0.086,-36.7,34.1,0.85
close,0.0,0.2,0.0,False,atr1.5,trail12,True,659,-0.174,-114.9,22.6,0.72,428,-0.052,-22.4,27.1,0.9
close,0.0,0.2,0.0,False,atr1.5,trail12,False,659,-0.192,-126.8,25.2,0.71,428,-0.025,-10.8,29.9,0.96
close,0.0,0.2,0.0,False,atr1.5,fixed1.0,True,659,-0.19,-125.1,44.3,0.68,428,-0.074,-31.9,48.8,0.86
close,0.0,0.2,0.0,False,atr1.5,fixed1.0,False,659,-0.19,-125.1,44.3,0.68,428,-0.074,-31.9,48.8,0.86
close,0.0,0.2,0.0,False,atr1.5,fixed1.5,True,659,-0.169,-111.1,31.0,0.72,428,-0.08,-34.1,32.2,0.85
close,0.0,0.2,0.0,False,atr1.5,fixed1.5,False,659,-0.146,-96.2,37.3,0.78,428,-0.088,-37.6,38.6,0.86
close,0.0,0.2,0.0,False,atr1.5,fixed2.0,True,659,-0.175,-115.1,22.9,0.72,428,-0.024,-10.5,26.9,0.96
close,0.0,0.2,0.0,False,atr1.5,fixed2.0,False,659,-0.127,-83.6,31.9,0.83,428,-0.055,-23.4,33.2,0.92
close,0.0,0.2,0.0,False,atr2.0,trail3,True,640,-0.122,-78.1,40.0,0.79,413,-0.086,-35.3,45.8,0.84
close,0.0,0.2,0.0,False,atr2.0,trail3,False,640,-0.129,-82.8,40.5,0.78,413,-0.09,-37.2,46.0,0.83
close,0.0,0.2,0.0,False,atr2.0,trail5,True,640,-0.124,-79.3,37.3,0.79,413,-0.076,-31.4,43.1,0.86
close,0.0,0.2,0.0,False,atr2.0,trail5,False,640,-0.138,-88.3,38.1,0.77,413,-0.083,-34.4,43.6,0.85
close,0.0,0.2,0.0,False,atr2.0,trail8,True,640,-0.107,-68.2,33.1,0.82,413,-0.056,-23.2,39.5,0.89
close,0.0,0.2,0.0,False,atr2.0,trail8,False,640,-0.127,-81.1,34.2,0.8,413,-0.062,-25.5,40.2,0.89
close,0.0,0.2,0.0,False,atr2.0,trail12,True,640,-0.122,-77.9,28.9,0.8,413,-0.046,-18.9,34.9,0.91
close,0.0,0.2,0.0,False,atr2.0,trail12,False,640,-0.144,-92.4,30.6,0.77,413,-0.022,-8.9,36.3,0.96
close,0.0,0.2,0.0,False,atr2.0,fixed1.0,True,640,-0.163,-104.6,44.8,0.72,413,-0.051,-20.9,49.4,0.9
close,0.0,0.2,0.0,False,atr2.0,fixed1.0,False,640,-0.163,-104.6,44.8,0.72,413,-0.051,-20.9,49.4,0.9
close,0.0,0.2,0.0,False,atr2.0,fixed1.5,True,640,-0.146,-93.5,31.1,0.75,413,-0.027,-11.1,34.6,0.95
close,0.0,0.2,0.0,False,atr2.0,fixed1.5,False,640,-0.116,-74.5,37.8,0.82,413,-0.047,-19.3,39.7,0.93
close,0.0,0.2,0.0,False,atr2.0,fixed2.0,True,640,-0.163,-104.6,22.5,0.73,413,-0.041,-16.9,25.2,0.92
close,0.0,0.2,0.0,False,atr2.0,fixed2.0,False,640,-0.145,-92.6,30.6,0.8,413,-0.025,-10.4,33.9,0.96
close,0.0,0.2,0.0,False,atr2.5,trail3,True,608,-0.1,-60.6,43.1,0.82,402,-0.087,-34.8,46.5,0.83
close,0.0,0.2,0.0,False,atr2.5,trail3,False,608,-0.102,-62.2,43.6,0.82,402,-0.087,-34.9,47.0,0.83
close,0.0,0.2,0.0,False,atr2.5,trail5,True,608,-0.113,-68.5,40.8,0.8,402,-0.074,-29.6,45.0,0.86
close,0.0,0.2,0.0,False,atr2.5,trail5,False,608,-0.121,-73.4,41.3,0.79,402,-0.071,-28.4,45.5,0.87
close,0.0,0.2,0.0,False,atr2.5,trail8,True,608,-0.102,-62.2,37.5,0.82,402,-0.062,-24.7,42.3,0.88
close,0.0,0.2,0.0,False,atr2.5,trail8,False,608,-0.106,-64.7,39.0,0.82,402,-0.065,-26.3,42.8,0.88
close,0.0,0.2,0.0,False,atr2.5,trail12,True,608,-0.117,-71.1,33.2,0.79,402,-0.04,-16.0,38.6,0.92
close,0.0,0.2,0.0,False,atr2.5,trail12,False,608,-0.125,-76.0,35.4,0.79,402,-0.018,-7.4,39.8,0.97
close,0.0,0.2,0.0,False,atr2.5,fixed1.0,True,608,-0.112,-68.1,46.7,0.8,402,-0.044,-17.7,49.3,0.92
close,0.0,0.2,0.0,False,atr2.5,fixed1.0,False,608,-0.112,-68.1,46.7,0.8,402,-0.044,-17.7,49.3,0.92
close,0.0,0.2,0.0,False,atr2.5,fixed1.5,True,608,-0.133,-81.1,29.8,0.76,402,-0.054,-21.9,32.3,0.9
close,0.0,0.2,0.0,False,atr2.5,fixed1.5,False,608,-0.1,-60.6,38.0,0.85,402,-0.057,-22.8,39.1,0.91
close,0.0,0.2,0.0,False,atr2.5,fixed2.0,True,608,-0.145,-88.0,22.0,0.75,402,-0.058,-23.2,24.1,0.89
close,0.0,0.2,0.0,False,atr2.5,fixed2.0,False,608,-0.103,-62.7,31.9,0.86,402,-0.08,-32.1,31.8,0.89
close,0.0,0.2,0.0,False,atr3.0,trail3,True,595,-0.061,-36.2,45.4,0.89,391,-0.104,-40.5,46.0,0.8
close,0.0,0.2,0.0,False,atr3.0,trail3,False,595,-0.063,-37.7,45.7,0.88,391,-0.103,-40.4,46.5,0.8
close,0.0,0.2,0.0,False,atr3.0,trail5,True,595,-0.067,-39.9,43.7,0.87,391,-0.093,-36.5,45.8,0.82
close,0.0,0.2,0.0,False,atr3.0,trail5,False,595,-0.075,-44.4,43.9,0.86,391,-0.09,-35.4,46.3,0.83
close,0.0,0.2,0.0,False,atr3.0,trail8,True,595,-0.072,-43.0,41.3,0.86,391,-0.088,-34.3,44.0,0.83
close,0.0,0.2,0.0,False,atr3.0,trail8,False,595,-0.072,-43.1,42.7,0.87,391,-0.089,-34.8,44.5,0.83
close,0.0,0.2,0.0,False,atr3.0,trail12,True,595,-0.084,-50.1,37.8,0.84,391,-0.077,-30.2,40.7,0.85
close,0.0,0.2,0.0,False,atr3.0,trail12,False,595,-0.093,-55.2,39.3,0.83,391,-0.05,-19.7,42.2,0.91
close,0.0,0.2,0.0,False,atr3.0,fixed1.0,True,595,-0.068,-40.6,48.4,0.87,391,-0.05,-19.4,48.6,0.9
close,0.0,0.2,0.0,False,atr3.0,fixed1.0,False,595,-0.068,-40.6,48.4,0.87,391,-0.05,-19.4,48.6,0.9
close,0.0,0.2,0.0,False,atr3.0,fixed1.5,True,595,-0.088,-52.3,31.3,0.84,391,-0.08,-31.4,30.4,0.85
close,0.0,0.2,0.0,False,atr3.0,fixed1.5,False,595,-0.09,-53.8,38.0,0.86,391,-0.079,-31.0,37.9,0.87
close,0.0,0.2,0.0,False,atr3.0,fixed2.0,True,595,-0.135,-80.6,21.5,0.75,391,-0.066,-25.9,23.8,0.87
close,0.0,0.2,0.0,False,atr3.0,fixed2.0,False,595,-0.124,-73.9,31.1,0.82,391,-0.042,-16.3,33.2,0.94
close,0.0,0.2,0.0,False,struct5,trail3,True,638,-0.185,-117.7,37.5,0.7,414,-0.177,-73.3,39.6,0.68
close,0.0,0.2,0.0,False,struct5,trail3,False,638,-0.194,-123.8,38.1,0.69,414,-0.183,-75.9,41.1,0.68
close,0.0,0.2,0.0,False,struct5,trail5,True,638,-0.189,-120.6,35.1,0.69,414,-0.178,-73.5,35.5,0.68
close,0.0,0.2,0.0,False,struct5,trail5,False,638,-0.203,-129.7,36.1,0.68,414,-0.19,-78.5,37.0,0.68
close,0.0,0.2,0.0,False,struct5,trail8,True,638,-0.191,-121.8,31.3,0.69,414,-0.136,-56.3,32.9,0.76
close,0.0,0.2,0.0,False,struct5,trail8,False,638,-0.206,-131.1,32.6,0.68,414,-0.148,-61.4,34.1,0.75
close,0.0,0.2,0.0,False,struct5,trail12,True,638,-0.222,-141.7,27.9,0.64,414,-0.133,-55.1,29.7,0.76
close,0.0,0.2,0.0,False,struct5,trail12,False,638,-0.242,-154.4,29.5,0.63,414,-0.11,-45.6,31.9,0.82
close,0.0,0.2,0.0,False,struct5,fixed1.0,True,638,-0.195,-124.1,43.7,0.68,414,-0.103,-42.8,47.3,0.81
close,0.0,0.2,0.0,False,struct5,fixed1.0,False,638,-0.195,-124.1,43.7,0.68,414,-0.103,-42.8,47.3,0.81
close,0.0,0.2,0.0,False,struct5,fixed1.5,True,638,-0.203,-129.8,29.0,0.67,414,-0.095,-39.5,32.4,0.83
close,0.0,0.2,0.0,False,struct5,fixed1.5,False,638,-0.213,-136.1,34.8,0.69,414,-0.076,-31.3,39.1,0.88
close,0.0,0.2,0.0,False,struct5,fixed2.0,True,638,-0.182,-116.1,23.2,0.7,414,-0.122,-50.3,23.2,0.78
close,0.0,0.2,0.0,False,struct5,fixed2.0,False,638,-0.189,-120.5,30.1,0.75,414,-0.062,-25.5,33.3,0.91
close,0.0,0.2,0.0,True,atr1.5,trail3,True,596,-0.073,-43.3,38.6,0.87,384,-0.15,-57.8,40.4,0.73
close,0.0,0.2,0.0,True,atr1.5,trail3,False,596,-0.075,-44.6,39.9,0.87,384,-0.161,-61.8,40.6,0.72
close,0.0,0.2,0.0,True,atr1.5,trail5,True,596,-0.091,-54.1,35.1,0.84,384,-0.125,-47.9,37.0,0.77
close,0.0,0.2,0.0,True,atr1.5,trail5,False,596,-0.1,-59.8,36.7,0.84,384,-0.124,-47.6,38.3,0.78
close,0.0,0.2,0.0,True,atr1.5,trail8,True,596,-0.081,-48.2,28.5,0.86,384,-0.106,-40.9,32.6,0.81
close,0.0,0.2,0.0,True,atr1.5,trail8,False,596,-0.091,-54.0,30.7,0.86,384,-0.102,-39.3,34.6,0.83
close,0.0,0.2,0.0,True,atr1.5,trail12,True,596,-0.087,-51.6,24.3,0.85,384,-0.096,-37.0,27.1,0.83
close,0.0,0.2,0.0,True,atr1.5,trail12,False,596,-0.086,-51.3,27.2,0.87,384,-0.057,-21.9,29.9,0.91
close,0.0,0.2,0.0,True,atr1.5,fixed1.0,True,596,-0.142,-84.5,46.6,0.75,384,-0.087,-33.3,48.2,0.84
close,0.0,0.2,0.0,True,atr1.5,fixed1.0,False,596,-0.142,-84.5,46.6,0.75,384,-0.087,-33.3,48.2,0.84
close,0.0,0.2,0.0,True,atr1.5,fixed1.5,True,596,-0.105,-62.5,33.6,0.82,384,-0.081,-31.1,32.6,0.85
close,0.0,0.2,0.0,True,atr1.5,fixed1.5,False,596,-0.08,-47.7,39.9,0.88,384,-0.088,-33.7,38.5,0.86
close,0.0,0.2,0.0,True,atr1.5,fixed2.0,True,596,-0.125,-74.6,24.2,0.79,384,-0.031,-12.1,26.8,0.94
close,0.0,0.2,0.0,True,atr1.5,fixed2.0,False,596,-0.047,-27.9,34.6,0.93,384,-0.055,-21.0,33.3,0.92
close,0.0,0.2,0.0,True,atr2.0,trail3,True,578,-0.054,-31.1,42.4,0.9,377,-0.1,-37.9,45.4,0.81
close,0.0,0.2,0.0,True,atr2.0,trail3,False,578,-0.059,-34.2,42.9,0.9,377,-0.103,-39.0,45.6,0.81
close,0.0,0.2,0.0,True,atr2.0,trail5,True,578,-0.062,-35.8,39.6,0.89,377,-0.09,-34.0,43.0,0.83
close,0.0,0.2,0.0,True,atr2.0,trail5,False,578,-0.074,-43.0,40.5,0.87,377,-0.095,-35.8,43.5,0.83
close,0.0,0.2,0.0,True,atr2.0,trail8,True,578,-0.044,-25.2,34.8,0.92,377,-0.077,-28.9,39.8,0.86
close,0.0,0.2,0.0,True,atr2.0,trail8,False,578,-0.056,-32.2,36.2,0.91,377,-0.083,-31.3,40.3,0.85
close,0.0,0.2,0.0,True,atr2.0,trail12,True,578,-0.057,-33.1,30.1,0.9,377,-0.084,-31.8,34.2,0.84
close,0.0,0.2,0.0,True,atr2.0,trail12,False,578,-0.067,-38.7,32.4,0.89,377,-0.058,-21.9,35.8,0.9
close,0.0,0.2,0.0,True,atr2.0,fixed1.0,True,578,-0.111,-64.4,47.4,0.8,377,-0.069,-26.0,48.5,0.87
close,0.0,0.2,0.0,True,atr2.0,fixed1.0,False,578,-0.111,-64.4,47.4,0.8,377,-0.069,-26.0,48.5,0.87
close,0.0,0.2,0.0,True,atr2.0,fixed1.5,True,578,-0.089,-51.5,33.2,0.84,377,-0.045,-16.8,34.0,0.92
close,0.0,0.2,0.0,True,atr2.0,fixed1.5,False,578,-0.063,-36.5,40.0,0.9,377,-0.061,-22.9,39.3,0.9
close,0.0,0.2,0.0,True,atr2.0,fixed2.0,True,578,-0.094,-54.5,24.7,0.84,377,-0.067,-25.3,24.4,0.88
close,0.0,0.2,0.0,True,atr2.0,fixed2.0,False,578,-0.085,-49.1,32.7,0.88,377,-0.055,-20.8,33.2,0.92
close,0.0,0.2,0.0,True,atr2.5,trail3,True,554,-0.076,-41.9,43.7,0.86,365,-0.086,-31.3,46.6,0.84
close,0.0,0.2,0.0,True,atr2.5,trail3,False,554,-0.078,-43.5,44.2,0.86,365,-0.085,-30.9,47.1,0.84
close,0.0,0.2,0.0,True,atr2.5,trail5,True,554,-0.089,-49.1,41.5,0.84,365,-0.076,-27.7,45.2,0.86
close,0.0,0.2,0.0,True,atr2.5,trail5,False,554,-0.097,-53.7,42.1,0.83,365,-0.071,-25.8,45.8,0.87
close,0.0,0.2,0.0,True,atr2.5,trail8,True,554,-0.074,-40.8,37.9,0.87,365,-0.061,-22.1,42.5,0.88
close,0.0,0.2,0.0,True,atr2.5,trail8,False,554,-0.077,-42.5,39.4,0.86,365,-0.063,-22.9,43.0,0.88
close,0.0,0.2,0.0,True,atr2.5,trail12,True,554,-0.083,-46.0,33.4,0.85,365,-0.063,-23.2,38.1,0.88
close,0.0,0.2,0.0,True,atr2.5,trail12,False,554,-0.084,-46.7,35.7,0.85,365,-0.038,-14.0,39.5,0.93
close,0.0,0.2,0.0,True,atr2.5,fixed1.0,True,554,-0.089,-49.3,47.8,0.84,365,-0.05,-18.4,49.0,0.9
close,0.0,0.2,0.0,True,atr2.5,fixed1.0,False,554,-0.089,-49.3,47.8,0.84,365,-0.05,-18.4,49.0,0.9
close,0.0,0.2,0.0,True,atr2.5,fixed1.5,True,554,-0.109,-60.2,30.7,0.8,365,-0.055,-19.9,32.6,0.9
close,0.0,0.2,0.0,True,atr2.5,fixed1.5,False,554,-0.076,-42.1,39.0,0.88,365,-0.056,-20.4,39.2,0.91
close,0.0,0.2,0.0,True,atr2.5,fixed2.0,True,554,-0.103,-57.2,23.6,0.81,365,-0.077,-28.1,23.6,0.85
close,0.0,0.2,0.0,True,atr2.5,fixed2.0,False,554,-0.075,-41.6,33.0,0.89,365,-0.071,-26.1,32.3,0.9
close,0.0,0.2,0.0,True,atr3.0,trail3,True,540,-0.046,-24.8,45.6,0.91,355,-0.1,-35.7,46.2,0.81
close,0.0,0.2,0.0,True,atr3.0,trail3,False,540,-0.047,-25.1,45.9,0.91,355,-0.099,-35.2,46.8,0.81
close,0.0,0.2,0.0,True,atr3.0,trail5,True,540,-0.059,-32.0,43.9,0.89,355,-0.091,-32.5,45.9,0.83
close,0.0,0.2,0.0,True,atr3.0,trail5,False,540,-0.065,-35.3,44.1,0.88,355,-0.087,-30.8,46.5,0.84
close,0.0,0.2,0.0,True,atr3.0,trail8,True,540,-0.056,-30.1,41.3,0.89,355,-0.08,-28.4,43.7,0.85
close,0.0,0.2,0.0,True,atr3.0,trail8,False,540,-0.054,-29.2,42.6,0.9,355,-0.08,-28.5,44.2,0.85
close,0.0,0.2,0.0,True,atr3.0,trail12,True,540,-0.06,-32.4,37.8,0.89,355,-0.091,-32.3,39.7,0.83
close,0.0,0.2,0.0,True,atr3.0,trail12,False,540,-0.061,-32.8,39.6,0.89,355,-0.062,-21.9,41.4,0.89
close,0.0,0.2,0.0,True,atr3.0,fixed1.0,True,540,-0.058,-31.6,48.9,0.89,355,-0.053,-18.9,48.5,0.9
close,0.0,0.2,0.0,True,atr3.0,fixed1.0,False,540,-0.058,-31.6,48.9,0.89,355,-0.053,-18.9,48.5,0.9
close,0.0,0.2,0.0,True,atr3.0,fixed1.5,True,540,-0.065,-35.2,32.6,0.88,355,-0.086,-30.6,30.4,0.84
close,0.0,0.2,0.0,True,atr3.0,fixed1.5,False,540,-0.074,-40.1,38.7,0.88,355,-0.098,-34.7,37.5,0.85
close,0.0,0.2,0.0,True,atr3.0,fixed2.0,True,540,-0.092,-49.4,23.7,0.83,355,-0.097,-34.5,22.5,0.82
close,0.0,0.2,0.0,True,atr3.0,fixed2.0,False,540,-0.075,-40.5,33.0,0.89,355,-0.079,-28.0,32.1,0.89
close,0.0,0.2,0.0,True,struct5,trail3,True,561,-0.097,-54.2,42.4,0.83,367,-0.104,-38.1,44.1,0.81
close,0.0,0.2,0.0,True,struct5,trail3,False,561,-0.101,-56.5,43.1,0.82,367,-0.106,-38.8,45.0,0.81
close,0.0,0.2,0.0,True,struct5,trail5,True,561,-0.115,-64.6,40.5,0.79,367,-0.07,-25.7,40.9,0.87
close,0.0,0.2,0.0,True,struct5,trail5,False,561,-0.123,-69.1,41.4,0.78,367,-0.069,-25.2,41.7,0.88
close,0.0,0.2,0.0,True,struct5,trail8,True,561,-0.108,-60.5,35.7,0.81,367,-0.063,-23.0,37.9,0.89
close,0.0,0.2,0.0,True,struct5,trail8,False,561,-0.124,-69.4,36.9,0.79,367,-0.063,-23.1,38.7,0.89
close,0.0,0.2,0.0,True,struct5,trail12,True,561,-0.102,-57.4,31.7,0.82,367,-0.056,-20.4,34.3,0.9
close,0.0,0.2,0.0,True,struct5,trail12,False,561,-0.117,-65.7,33.5,0.8,367,-0.013,-4.7,36.2,0.98
close,0.0,0.2,0.0,True,struct5,fixed1.0,True,561,-0.11,-61.7,47.2,0.8,367,-0.089,-32.6,47.7,0.84
close,0.0,0.2,0.0,True,struct5,fixed1.0,False,561,-0.11,-61.7,47.2,0.8,367,-0.089,-32.6,47.7,0.84
close,0.0,0.2,0.0,True,struct5,fixed1.5,True,561,-0.125,-70.2,31.2,0.78,367,-0.058,-21.2,34.1,0.89
close,0.0,0.2,0.0,True,struct5,fixed1.5,False,561,-0.138,-77.4,37.4,0.79,367,-0.055,-20.1,39.8,0.91
close,0.0,0.2,0.0,True,struct5,fixed2.0,True,561,-0.108,-60.6,24.8,0.81,367,-0.074,-27.1,24.8,0.87
close,0.0,0.2,0.0,True,struct5,fixed2.0,False,561,-0.09,-50.6,33.2,0.87,367,-0.042,-15.4,33.8,0.94
close,0.0,0.2,0.25,False,atr1.5,trail3,True,547,-0.135,-74.0,36.6,0.77,344,-0.105,-35.9,42.2,0.8
close,0.0,0.2,0.25,False,atr1.5,trail3,False,547,-0.141,-77.0,37.5,0.77,344,-0.115,-39.4,43.0,0.79
close,0.0,0.2,0.25,False,atr1.5,trail5,True,547,-0.13,-71.1,32.9,0.78,344,-0.058,-20.1,38.1,0.89
close,0.0,0.2,0.25,False,atr1.5,trail5,False,547,-0.144,-78.6,34.6,0.77,344,-0.069,-23.6,39.8,0.88
close,0.0,0.2,0.25,False,atr1.5,trail8,True,547,-0.138,-75.3,26.7,0.77,344,-0.039,-13.5,34.3,0.93
close,0.0,0.2,0.25,False,atr1.5,trail8,False,547,-0.114,-62.6,29.3,0.82,344,-0.058,-19.8,36.3,0.9
close,0.0,0.2,0.25,False,atr1.5,trail12,True,547,-0.152,-83.4,23.0,0.75,344,-0.032,-11.1,28.8,0.94
close,0.0,0.2,0.25,False,atr1.5,trail12,False,547,-0.137,-74.7,25.6,0.79,344,-0.005,-1.7,31.4,0.99
close,0.0,0.2,0.25,False,atr1.5,fixed1.0,True,547,-0.165,-90.4,45.5,0.72,344,-0.062,-21.3,49.4,0.88
close,0.0,0.2,0.25,False,atr1.5,fixed1.0,False,547,-0.165,-90.4,45.5,0.72,344,-0.062,-21.3,49.4,0.88
close,0.0,0.2,0.25,False,atr1.5,fixed1.5,True,547,-0.141,-76.9,32.0,0.76,344,-0.042,-14.5,34.3,0.92
close,0.0,0.2,0.25,False,atr1.5,fixed1.5,False,547,-0.126,-68.8,38.0,0.81,344,-0.048,-16.5,40.1,0.92
close,0.0,0.2,0.25,False,atr1.5,fixed2.0,True,547,-0.156,-85.5,23.2,0.74,344,-0.003,-0.9,27.6,0.99
close,0.0,0.2,0.25,False,atr1.5,fixed2.0,False,547,-0.127,-69.3,31.8,0.83,344,0.005,1.8,35.2,1.01
close,0.0,0.2,0.25,False,atr2.0,trail3,True,538,-0.102,-55.0,40.0,0.82,332,-0.054,-17.8,47.6,0.9
close,0.0,0.2,0.25,False,atr2.0,trail3,False,538,-0.107,-57.6,40.5,0.82,332,-0.057,-18.9,48.2,0.89
close,0.0,0.2,0.25,False,atr2.0,trail5,True,538,-0.104,-55.8,37.4,0.82,332,-0.033,-10.9,45.2,0.94
close,0.0,0.2,0.25,False,atr2.0,trail5,False,538,-0.115,-61.8,38.3,0.81,332,-0.041,-13.5,45.8,0.92
close,0.0,0.2,0.25,False,atr2.0,trail8,True,538,-0.095,-51.1,32.9,0.84,332,-0.034,-11.4,41.9,0.93
close,0.0,0.2,0.25,False,atr2.0,trail8,False,538,-0.109,-58.9,34.6,0.82,332,-0.05,-16.6,42.2,0.91
close,0.0,0.2,0.25,False,atr2.0,trail12,True,538,-0.116,-62.2,29.7,0.8,332,-0.02,-6.8,34.9,0.96
close,0.0,0.2,0.25,False,atr2.0,trail12,False,538,-0.14,-75.3,31.0,0.78,332,0.001,0.2,36.1,1.0
close,0.0,0.2,0.25,False,atr2.0,fixed1.0,True,538,-0.15,-80.9,45.4,0.74,332,-0.02,-6.7,50.9,0.96
close,0.0,0.2,0.25,False,atr2.0,fixed1.0,False,538,-0.15,-80.9,45.4,0.74,332,-0.02,-6.7,50.9,0.96
close,0.0,0.2,0.25,False,atr2.0,fixed1.5,True,538,-0.12,-64.5,32.3,0.8,332,0.002,0.6,35.5,1.0
close,0.0,0.2,0.25,False,atr2.0,fixed1.5,False,538,-0.109,-58.4,38.1,0.83,332,-0.001,-0.4,41.6,1.0
close,0.0,0.2,0.25,False,atr2.0,fixed2.0,True,538,-0.145,-78.1,23.0,0.75,332,-0.047,-15.6,24.1,0.91
close,0.0,0.2,0.25,False,atr2.0,fixed2.0,False,538,-0.138,-74.1,30.9,0.81,332,-0.052,-17.3,33.1,0.93
close,0.0,0.2,0.25,False,atr2.5,trail3,True,510,-0.093,-47.3,42.7,0.83,325,-0.095,-31.0,46.8,0.82
close,0.0,0.2,0.25,False,atr2.5,trail3,False,510,-0.095,-48.3,43.1,0.83,325,-0.095,-30.9,47.4,0.82
close,0.0,0.2,0.25,False,atr2.5,trail5,True,510,-0.105,-53.3,40.8,0.81,325,-0.071,-23.2,45.2,0.86
close,0.0,0.2,0.25,False,atr2.5,trail5,False,510,-0.113,-57.8,41.2,0.8,325,-0.065,-21.1,46.2,0.88
close,0.0,0.2,0.25,False,atr2.5,trail8,True,510,-0.1,-51.1,37.6,0.82,325,-0.082,-26.7,42.8,0.84
close,0.0,0.2,0.25,False,atr2.5,trail8,False,510,-0.105,-53.5,39.0,0.82,325,-0.082,-26.8,43.4,0.85
close,0.0,0.2,0.25,False,atr2.5,trail12,True,510,-0.113,-57.7,33.5,0.8,325,-0.066,-21.6,37.5,0.87
close,0.0,0.2,0.25,False,atr2.5,trail12,False,510,-0.127,-64.8,35.1,0.79,325,-0.034,-11.1,39.1,0.94
close,0.0,0.2,0.25,False,atr2.5,fixed1.0,True,510,-0.104,-53.3,47.1,0.81,325,-0.041,-13.2,49.5,0.92
close,0.0,0.2,0.25,False,atr2.5,fixed1.0,False,510,-0.104,-53.3,47.1,0.81,325,-0.041,-13.2,49.5,0.92
close,0.0,0.2,0.25,False,atr2.5,fixed1.5,True,510,-0.111,-56.8,31.0,0.8,325,-0.05,-16.3,32.6,0.9
close,0.0,0.2,0.25,False,atr2.5,fixed1.5,False,510,-0.084,-42.8,38.6,0.87,325,-0.064,-20.8,39.1,0.9
close,0.0,0.2,0.25,False,atr2.5,fixed2.0,True,510,-0.126,-64.4,22.9,0.78,325,-0.067,-21.7,23.7,0.87
close,0.0,0.2,0.25,False,atr2.5,fixed2.0,False,510,-0.103,-52.5,32.2,0.85,325,-0.104,-33.6,31.4,0.85
close,0.0,0.2,0.25,False,atr3.0,trail3,True,500,-0.073,-36.3,44.6,0.87,318,-0.104,-33.2,47.2,0.8
close,0.0,0.2,0.25,False,atr3.0,trail3,False,500,-0.074,-36.9,45.0,0.86,318,-0.104,-33.2,47.5,0.8
close,0.0,0.2,0.25,False,atr3.0,trail5,True,500,-0.079,-39.5,43.2,0.85,318,-0.083,-26.5,46.9,0.84
close,0.0,0.2,0.25,False,atr3.0,trail5,False,500,-0.086,-42.8,43.4,0.84,318,-0.078,-24.9,47.2,0.85
close,0.0,0.2,0.25,False,atr3.0,trail8,True,500,-0.088,-44.1,40.8,0.84,318,-0.085,-27.0,45.0,0.84
close,0.0,0.2,0.25,False,atr3.0,trail8,False,500,-0.09,-45.0,41.6,0.84,318,-0.084,-26.6,45.3,0.84
close,0.0,0.2,0.25,False,atr3.0,trail12,True,500,-0.096,-47.9,37.6,0.82,318,-0.078,-24.9,39.9,0.85
close,0.0,0.2,0.25,False,atr3.0,trail12,False,500,-0.108,-54.1,38.6,0.81,318,-0.049,-15.5,41.2,0.91
close,0.0,0.2,0.25,False,atr3.0,fixed1.0,True,500,-0.08,-40.0,47.8,0.85,318,-0.042,-13.4,49.1,0.92
close,0.0,0.2,0.25,False,atr3.0,fixed1.0,False,500,-0.08,-40.0,47.8,0.85,318,-0.042,-13.4,49.1,0.92
close,0.0,0.2,0.25,False,atr3.0,fixed1.5,True,500,-0.106,-53.0,30.6,0.8,318,-0.088,-28.0,29.9,0.83
close,0.0,0.2,0.25,False,atr3.0,fixed1.5,False,500,-0.108,-53.8,37.4,0.83,318,-0.095,-30.1,37.4,0.85
close,0.0,0.2,0.25,False,atr3.0,fixed2.0,True,500,-0.125,-62.3,22.6,0.77,318,-0.082,-26.2,23.0,0.84
close,0.0,0.2,0.25,False,atr3.0,fixed2.0,False,500,-0.137,-68.7,31.0,0.81,318,-0.081,-25.8,31.8,0.88
close,0.0,0.2,0.25,False,struct5,trail3,True,525,-0.163,-85.7,39.8,0.72,330,-0.164,-54.2,42.1,0.7
close,0.0,0.2,0.25,False,struct5,trail3,False,525,-0.173,-90.6,40.0,0.71,330,-0.169,-55.8,43.3,0.7
close,0.0,0.2,0.25,False,struct5,trail5,True,525,-0.155,-81.6,37.5,0.73,330,-0.137,-45.3,38.5,0.75
close,0.0,0.2,0.25,False,struct5,trail5,False,525,-0.167,-87.8,38.3,0.72,330,-0.141,-46.6,39.7,0.75
close,0.0,0.2,0.25,False,struct5,trail8,True,525,-0.161,-84.4,33.0,0.73,330,-0.153,-50.5,36.1,0.73
close,0.0,0.2,0.25,False,struct5,trail8,False,525,-0.136,-71.2,34.9,0.78,330,-0.163,-53.8,37.0,0.72
close,0.0,0.2,0.25,False,struct5,trail12,True,525,-0.201,-105.7,29.7,0.66,330,-0.138,-45.4,31.5,0.76
close,0.0,0.2,0.25,False,struct5,trail12,False,525,-0.188,-98.7,31.4,0.7,330,-0.103,-34.0,33.3,0.83
close,0.0,0.2,0.25,False,struct5,fixed1.0,True,525,-0.152,-79.7,45.5,0.74,330,-0.105,-34.8,47.0,0.81
close,0.0,0.2,0.25,False,struct5,fixed1.0,False,525,-0.152,-79.7,45.5,0.74,330,-0.105,-34.8,47.0,0.81
close,0.0,0.2,0.25,False,struct5,fixed1.5,True,525,-0.155,-81.6,30.7,0.73,330,-0.103,-33.9,31.8,0.82
close,0.0,0.2,0.25,False,struct5,fixed1.5,False,525,-0.17,-89.3,36.2,0.75,330,-0.087,-28.8,38.5,0.86
close,0.0,0.2,0.25,False,struct5,fixed2.0,True,525,-0.168,-88.0,22.9,0.72,330,-0.125,-41.3,23.0,0.78
close,0.0,0.2,0.25,False,struct5,fixed2.0,False,525,-0.19,-99.8,29.9,0.74,330,-0.051,-16.8,33.6,0.93
close,0.0,0.2,0.25,True,atr1.5,trail3,True,492,-0.084,-41.2,38.2,0.86,316,-0.103,-32.4,42.7,0.8
close,0.0,0.2,0.25,True,atr1.5,trail3,False,492,-0.086,-42.4,39.2,0.86,316,-0.108,-34.0,43.4,0.8
close,0.0,0.2,0.25,True,atr1.5,trail5,True,492,-0.091,-45.0,34.6,0.84,316,-0.054,-17.2,38.0,0.9
close,0.0,0.2,0.25,True,atr1.5,trail5,False,492,-0.099,-48.8,36.2,0.84,316,-0.048,-15.1,39.6,0.91
close,0.0,0.2,0.25,True,atr1.5,trail8,True,492,-0.092,-45.4,27.4,0.84,316,-0.03,-9.6,34.2,0.94
close,0.0,0.2,0.25,True,atr1.5,trail8,False,492,-0.049,-24.0,30.3,0.92,316,-0.033,-10.5,36.4,0.94
close,0.0,0.2,0.25,True,atr1.5,trail12,True,492,-0.096,-47.4,23.8,0.84,316,-0.033,-10.4,28.8,0.94
close,0.0,0.2,0.25,True,atr1.5,trail12,False,492,-0.046,-22.4,27.2,0.93,316,0.007,2.2,31.6,1.01
close,0.0,0.2,0.25,True,atr1.5,fixed1.0,True,492,-0.14,-68.7,46.7,0.76,316,-0.044,-13.8,50.3,0.92
close,0.0,0.2,0.25,True,atr1.5,fixed1.0,False,492,-0.14,-68.7,46.7,0.76,316,-0.044,-13.8,50.3,0.92
close,0.0,0.2,0.25,True,atr1.5,fixed1.5,True,492,-0.095,-46.7,34.1,0.84,316,-0.04,-12.5,33.9,0.93
close,0.0,0.2,0.25,True,atr1.5,fixed1.5,False,492,-0.085,-41.6,39.6,0.87,316,-0.038,-12.1,40.5,0.94
close,0.0,0.2,0.25,True,atr1.5,fixed2.0,True,492,-0.12,-58.8,24.4,0.8,316,-0.008,-2.5,26.9,0.99
close,0.0,0.2,0.25,True,atr1.5,fixed2.0,False,492,-0.063,-30.8,33.9,0.91,316,0.014,4.3,35.4,1.02
close,0.0,0.2,0.25,True,atr2.0,trail3,True,480,-0.074,-35.5,41.2,0.87,307,-0.065,-19.8,46.9,0.88
close,0.0,0.2,0.25,True,atr2.0,trail3,False,480,-0.079,-37.7,41.9,0.86,307,-0.068,-21.0,47.6,0.87
close,0.0,0.2,0.25,True,atr2.0,trail5,True,480,-0.079,-38.0,38.3,0.86,307,-0.035,-10.7,44.0,0.93
close,0.0,0.2,0.25,True,atr2.0,trail5,False,480,-0.091,-43.5,39.4,0.84,307,-0.043,-13.3,44.6,0.92
close,0.0,0.2,0.25,True,atr2.0,trail8,True,480,-0.073,-34.8,33.1,0.87,307,-0.032,-9.8,40.7,0.94
close,0.0,0.2,0.25,True,atr2.0,trail8,False,480,-0.077,-36.7,35.2,0.87,307,-0.049,-14.9,41.0,0.91
close,0.0,0.2,0.25,True,atr2.0,trail12,True,480,-0.083,-39.8,29.8,0.85,307,-0.043,-13.2,34.2,0.92
close,0.0,0.2,0.25,True,atr2.0,trail12,False,480,-0.086,-41.4,32.1,0.86,307,-0.018,-5.6,35.5,0.97
close,0.0,0.2,0.25,True,atr2.0,fixed1.0,True,480,-0.115,-55.2,47.1,0.79,307,-0.03,-9.3,50.5,0.94
close,0.0,0.2,0.25,True,atr2.0,fixed1.0,False,480,-0.115,-55.2,47.1,0.79,307,-0.03,-9.3,50.5,0.94
close,0.0,0.2,0.25,True,atr2.0,fixed1.5,True,480,-0.09,-43.3,33.1,0.84,307,-0.017,-5.1,34.5,0.97
close,0.0,0.2,0.25,True,atr2.0,fixed1.5,False,480,-0.071,-34.3,39.6,0.89,307,0.003,0.9,41.7,1.0
close,0.0,0.2,0.25,True,atr2.0,fixed2.0,True,480,-0.113,-54.3,23.8,0.8,307,-0.087,-26.7,22.5,0.84
close,0.0,0.2,0.25,True,atr2.0,fixed2.0,False,480,-0.102,-48.9,32.1,0.86,307,-0.073,-22.4,32.6,0.9
close,0.0,0.2,0.25,True,atr2.5,trail3,True,461,-0.086,-39.7,43.2,0.84,299,-0.092,-27.4,46.5,0.82
close,0.0,0.2,0.25,True,atr2.5,trail3,False,461,-0.088,-40.5,43.6,0.84,299,-0.092,-27.4,47.2,0.83
close,0.0,0.2,0.25,True,atr2.5,trail5,True,461,-0.097,-44.7,41.2,0.82,299,-0.066,-19.7,44.8,0.87
close,0.0,0.2,0.25,True,atr2.5,trail5,False,461,-0.106,-48.8,41.6,0.81,299,-0.059,-17.7,45.8,0.89
close,0.0,0.2,0.25,True,atr2.5,trail8,True,461,-0.091,-41.9,37.5,0.83,299,-0.071,-21.3,42.1,0.86
close,0.0,0.2,0.25,True,atr2.5,trail8,False,461,-0.09,-41.7,39.3,0.84,299,-0.071,-21.3,42.8,0.87
close,0.0,0.2,0.25,True,atr2.5,trail12,True,461,-0.091,-42.0,34.1,0.83,299,-0.084,-25.2,36.5,0.84
close,0.0,0.2,0.25,True,atr2.5,trail12,False,461,-0.091,-41.7,36.2,0.84,299,-0.049,-14.6,38.1,0.91
close,0.0,0.2,0.25,True,atr2.5,fixed1.0,True,461,-0.086,-39.7,47.9,0.84,299,-0.042,-12.5,49.5,0.92
close,0.0,0.2,0.25,True,atr2.5,fixed1.0,False,461,-0.086,-39.7,47.9,0.84,299,-0.042,-12.5,49.5,0.92
close,0.0,0.2,0.25,True,atr2.5,fixed1.5,True,461,-0.098,-45.2,31.2,0.82,299,-0.062,-18.6,31.8,0.88
close,0.0,0.2,0.25,True,atr2.5,fixed1.5,False,461,-0.074,-34.1,39.0,0.88,299,-0.079,-23.5,38.5,0.88
close,0.0,0.2,0.25,True,atr2.5,fixed2.0,True,461,-0.11,-50.6,23.2,0.8,299,-0.101,-30.1,22.1,0.81
close,0.0,0.2,0.25,True,atr2.5,fixed2.0,False,461,-0.099,-45.5,32.3,0.86,299,-0.124,-37.1,30.8,0.83
close,0.0,0.2,0.25,True,atr3.0,trail3,True,453,-0.077,-34.7,45.0,0.86,293,-0.099,-29.0,47.1,0.81
close,0.0,0.2,0.25,True,atr3.0,trail3,False,453,-0.075,-34.0,45.5,0.86,293,-0.099,-28.9,47.4,0.81
close,0.0,0.2,0.25,True,atr3.0,trail5,True,453,-0.088,-39.7,43.5,0.84,293,-0.078,-23.0,46.8,0.85
close,0.0,0.2,0.25,True,atr3.0,trail5,False,453,-0.092,-41.5,43.7,0.83,293,-0.073,-21.4,47.1,0.86
close,0.0,0.2,0.25,True,atr3.0,trail8,True,453,-0.094,-42.5,40.6,0.83,293,-0.076,-22.3,44.4,0.85
close,0.0,0.2,0.25,True,atr3.0,trail8,False,453,-0.093,-42.3,41.5,0.83,293,-0.075,-22.0,44.7,0.86
close,0.0,0.2,0.25,True,atr3.0,trail12,True,453,-0.092,-41.5,38.0,0.83,293,-0.097,-28.3,39.2,0.81
close,0.0,0.2,0.25,True,atr3.0,trail12,False,453,-0.094,-42.5,39.3,0.83,293,-0.066,-19.2,40.6,0.88
close,0.0,0.2,0.25,True,atr3.0,fixed1.0,True,453,-0.073,-33.1,48.1,0.86,293,-0.039,-11.3,49.1,0.93
close,0.0,0.2,0.25,True,atr3.0,fixed1.0,False,453,-0.073,-33.1,48.1,0.86,293,-0.039,-11.3,49.1,0.93
close,0.0,0.2,0.25,True,atr3.0,fixed1.5,True,453,-0.107,-48.7,30.2,0.8,293,-0.106,-31.2,28.7,0.8
close,0.0,0.2,0.25,True,atr3.0,fixed1.5,False,453,-0.115,-51.9,37.1,0.82,293,-0.115,-33.7,36.9,0.82
close,0.0,0.2,0.25,True,atr3.0,fixed2.0,True,453,-0.106,-47.9,23.4,0.8,293,-0.124,-36.4,20.8,0.76
close,0.0,0.2,0.25,True,atr3.0,fixed2.0,False,453,-0.121,-54.9,31.6,0.83,293,-0.109,-31.9,31.1,0.84
close,0.0,0.2,0.25,True,struct5,trail3,True,461,-0.101,-46.4,43.4,0.82,300,-0.128,-38.5,44.0,0.76
close,0.0,0.2,0.25,True,struct5,trail3,False,461,-0.104,-47.9,43.6,0.81,300,-0.131,-39.4,45.0,0.76
close,0.0,0.2,0.25,True,struct5,trail5,True,461,-0.113,-51.9,41.6,0.8,300,-0.068,-20.5,40.3,0.88
close,0.0,0.2,0.25,True,struct5,trail5,False,461,-0.12,-55.4,42.1,0.79,300,-0.068,-20.4,41.0,0.88
close,0.0,0.2,0.25,True,struct5,trail8,True,461,-0.11,-50.9,36.4,0.8,300,-0.084,-25.1,37.7,0.85
close,0.0,0.2,0.25,True,struct5,trail8,False,461,-0.08,-36.9,37.7,0.86,300,-0.086,-25.7,38.7,0.85
close,0.0,0.2,0.25,True,struct5,trail12,True,461,-0.097,-44.6,33.2,0.83,300,-0.088,-26.3,33.3,0.84
close,0.0,0.2,0.25,True,struct5,trail12,False,461,-0.071,-32.6,34.7,0.88,300,-0.039,-11.6,35.3,0.93
close,0.0,0.2,0.25,True,struct5,fixed1.0,True,461,-0.104,-47.7,47.5,0.81,300,-0.09,-27.0,47.7,0.83
close,0.0,0.2,0.25,True,struct5,fixed1.0,False,461,-0.104,-47.7,47.5,0.81,300,-0.09,-27.0,47.7,0.83
close,0.0,0.2,0.25,True,struct5,fixed1.5,True,461,-0.116,-53.3,31.7,0.79,300,-0.08,-24.1,32.7,0.85
close,0.0,0.2,0.25,True,struct5,fixed1.5,False,461,-0.132,-61.0,37.5,0.8,300,-0.047,-14.0,40.0,0.92
close,0.0,0.2,0.25,True,struct5,fixed2.0,True,461,-0.128,-58.8,23.9,0.77,300,-0.112,-33.5,23.0,0.8
close,0.0,0.2,0.25,True,struct5,fixed2.0,False,461,-0.152,-70.2,31.2,0.79,300,-0.024,-7.1,34.3,0.97
close,0.0,0.2,0.5,False,atr1.5,trail3,True,406,-0.053,-21.6,38.2,0.91,235,-0.062,-14.6,44.3,0.88
close,0.0,0.2,0.5,False,atr1.5,trail3,False,406,-0.057,-23.3,39.9,0.9,235,-0.083,-19.6,44.7,0.84
close,0.0,0.2,0.5,False,atr1.5,trail5,True,406,-0.049,-19.9,35.0,0.91,235,-0.05,-11.7,37.4,0.9
close,0.0,0.2,0.5,False,atr1.5,trail5,False,406,-0.048,-19.7,37.4,0.92,235,-0.073,-17.1,39.1,0.87
close,0.0,0.2,0.5,False,atr1.5,trail8,True,406,-0.058,-23.4,27.8,0.9,235,0.001,0.3,34.9,1.0
close,0.0,0.2,0.5,False,atr1.5,trail8,False,406,-0.046,-18.7,31.8,0.93,235,-0.026,-6.2,37.0,0.95
close,0.0,0.2,0.5,False,atr1.5,trail12,True,406,-0.075,-30.5,25.4,0.87,235,0.019,4.4,28.9,1.04
close,0.0,0.2,0.5,False,atr1.5,trail12,False,406,-0.066,-26.9,29.1,0.9,235,-0.031,-7.3,31.1,0.95
close,0.0,0.2,0.5,False,atr1.5,fixed1.0,True,406,-0.118,-48.1,47.8,0.79,235,-0.01,-2.3,51.9,0.98
close,0.0,0.2,0.5,False,atr1.5,fixed1.0,False,406,-0.118,-48.1,47.8,0.79,235,-0.01,-2.3,51.9,0.98
close,0.0,0.2,0.5,False,atr1.5,fixed1.5,True,406,-0.072,-29.1,35.0,0.87,235,-0.013,-3.1,34.5,0.97
close,0.0,0.2,0.5,False,atr1.5,fixed1.5,False,406,-0.037,-15.1,41.6,0.94,235,-0.007,-1.6,41.7,0.99
close,0.0,0.2,0.5,False,atr1.5,fixed2.0,True,406,-0.069,-28.2,26.4,0.88,235,0.023,5.3,27.7,1.04
close,0.0,0.2,0.5,False,atr1.5,fixed2.0,False,406,0.014,5.8,36.5,1.02,235,0.06,14.2,37.0,1.09
close,0.0,0.2,0.5,False,atr2.0,trail3,True,398,-0.074,-29.5,42.5,0.86,234,-0.031,-7.3,48.7,0.94
close,0.0,0.2,0.5,False,atr2.0,trail3,False,398,-0.076,-30.1,43.7,0.86,234,-0.037,-8.6,48.7,0.93
close,0.0,0.2,0.5,False,atr2.0,trail5,True,398,-0.081,-32.4,39.2,0.85,234,-0.038,-8.9,44.9,0.92
close,0.0,0.2,0.5,False,atr2.0,trail5,False,398,-0.087,-34.7,41.0,0.84,234,-0.046,-10.8,45.3,0.91
close,0.0,0.2,0.5,False,atr2.0,trail8,True,398,-0.084,-33.4,33.2,0.85,234,-0.017,-3.9,41.9,0.97
close,0.0,0.2,0.5,False,atr2.0,trail8,False,398,-0.082,-32.6,36.4,0.86,234,-0.034,-8.0,42.3,0.94
close,0.0,0.2,0.5,False,atr2.0,trail12,True,398,-0.113,-44.8,29.9,0.8,234,0.017,4.1,36.3,1.03
close,0.0,0.2,0.5,False,atr2.0,trail12,False,398,-0.114,-45.4,33.2,0.81,234,-0.009,-2.1,37.2,0.98
close,0.0,0.2,0.5,False,atr2.0,fixed1.0,True,398,-0.082,-32.7,48.7,0.85,234,-0.003,-0.6,51.7,0.99
close,0.0,0.2,0.5,False,atr2.0,fixed1.0,False,398,-0.082,-32.7,48.7,0.85,234,-0.003,-0.6,51.7,0.99
close,0.0,0.2,0.5,False,atr2.0,fixed1.5,True,398,-0.061,-24.2,33.9,0.89,234,0.029,6.7,36.8,1.06
close,0.0,0.2,0.5,False,atr2.0,fixed1.5,False,398,-0.012,-4.7,42.0,0.98,234,0.018,4.2,42.3,1.03
close,0.0,0.2,0.5,False,atr2.0,fixed2.0,True,398,-0.085,-33.9,24.4,0.85,234,0.005,1.1,26.5,1.01
close,0.0,0.2,0.5,False,atr2.0,fixed2.0,False,398,-0.047,-18.9,33.9,0.93,234,-0.015,-3.5,34.6,0.98
close,0.0,0.2,0.5,False,atr2.5,trail3,True,382,-0.039,-15.0,45.5,0.92,227,-0.068,-15.5,47.1,0.87
close,0.0,0.2,0.5,False,atr2.5,trail3,False,382,-0.044,-16.6,46.1,0.92,227,-0.07,-15.9,47.6,0.86
close,0.0,0.2,0.5,False,atr2.5,trail5,True,382,-0.054,-20.6,43.5,0.9,227,-0.065,-14.8,44.9,0.87
close,0.0,0.2,0.5,False,atr2.5,trail5,False,382,-0.066,-25.0,44.0,0.88,227,-0.055,-12.4,45.8,0.9
close,0.0,0.2,0.5,False,atr2.5,trail8,True,382,-0.047,-17.8,39.5,0.91,227,-0.052,-11.7,43.2,0.9
close,0.0,0.2,0.5,False,atr2.5,trail8,False,382,-0.051,-19.4,41.4,0.91,227,-0.048,-10.9,44.1,0.91
close,0.0,0.2,0.5,False,atr2.5,trail12,True,382,-0.073,-27.8,36.1,0.86,227,-0.014,-3.3,39.2,0.97
close,0.0,0.2,0.5,False,atr2.5,trail12,False,382,-0.082,-31.2,38.0,0.85,227,-0.016,-3.6,40.5,0.97
close,0.0,0.2,0.5,False,atr2.5,fixed1.0,True,382,-0.046,-17.7,50.0,0.91,227,-0.027,-6.0,50.2,0.95
close,0.0,0.2,0.5,False,atr2.5,fixed1.0,False,382,-0.046,-17.7,50.0,0.91,227,-0.027,-6.0,50.2,0.95
close,0.0,0.2,0.5,False,atr2.5,fixed1.5,True,382,-0.047,-17.8,33.5,0.91,227,-0.011,-2.6,34.8,0.98
close,0.0,0.2,0.5,False,atr2.5,fixed1.5,False,382,-0.035,-13.4,40.6,0.94,227,-0.031,-7.0,40.5,0.95
close,0.0,0.2,0.5,False,atr2.5,fixed2.0,True,382,-0.062,-23.6,25.1,0.88,227,-0.009,-2.1,26.4,0.98
close,0.0,0.2,0.5,False,atr2.5,fixed2.0,False,382,-0.074,-28.1,33.2,0.89,227,-0.035,-8.0,33.9,0.95
close,0.0,0.2,0.5,False,atr3.0,trail3,True,378,-0.053,-20.0,46.6,0.9,220,-0.019,-4.1,50.0,0.96
close,0.0,0.2,0.5,False,atr3.0,trail3,False,378,-0.061,-23.1,46.8,0.88,220,-0.018,-4.0,50.5,0.96
close,0.0,0.2,0.5,False,atr3.0,trail5,True,378,-0.072,-27.3,45.0,0.86,220,0.029,6.3,50.0,1.06
close,0.0,0.2,0.5,False,atr3.0,trail5,False,378,-0.086,-32.5,45.0,0.84,220,0.037,8.2,50.5,1.08
close,0.0,0.2,0.5,False,atr3.0,trail8,True,378,-0.078,-29.5,41.8,0.85,220,0.046,10.1,48.6,1.09
close,0.0,0.2,0.5,False,atr3.0,trail8,False,378,-0.086,-32.5,42.6,0.84,220,0.05,11.0,49.1,1.1
close,0.0,0.2,0.5,False,atr3.0,trail12,True,378,-0.098,-37.1,39.2,0.81,220,0.074,16.2,45.0,1.15
close,0.0,0.2,0.5,False,atr3.0,trail12,False,378,-0.113,-42.5,40.2,0.8,220,0.073,16.0,45.9,1.14
close,0.0,0.2,0.5,False,atr3.0,fixed1.0,True,378,-0.041,-15.4,50.0,0.92,220,0.021,4.5,52.3,1.04
close,0.0,0.2,0.5,False,atr3.0,fixed1.0,False,378,-0.041,-15.4,50.0,0.92,220,0.021,4.5,52.3,1.04
close,0.0,0.2,0.5,False,atr3.0,fixed1.5,True,378,-0.088,-33.1,30.7,0.83,220,0.021,4.6,35.5,1.04
close,0.0,0.2,0.5,False,atr3.0,fixed1.5,False,378,-0.095,-35.9,38.1,0.85,220,0.017,3.7,42.3,1.03
close,0.0,0.2,0.5,False,atr3.0,fixed2.0,True,378,-0.101,-38.4,23.0,0.81,220,0.038,8.4,27.7,1.08
close,0.0,0.2,0.5,False,atr3.0,fixed2.0,False,378,-0.151,-57.1,31.0,0.79,220,0.025,5.5,35.5,1.04
close,0.0,0.2,0.5,False,struct5,trail3,True,384,-0.094,-36.0,43.5,0.83,227,-0.073,-16.6,45.8,0.86
close,0.0,0.2,0.5,False,struct5,trail3,False,384,-0.101,-38.7,43.8,0.82,227,-0.074,-16.8,47.1,0.86
close,0.0,0.2,0.5,False,struct5,trail5,True,384,-0.112,-43.1,41.7,0.8,227,-0.052,-11.8,43.2,0.9
close,0.0,0.2,0.5,False,struct5,trail5,False,384,-0.123,-47.3,42.2,0.78,227,-0.044,-10.1,44.5,0.92
close,0.0,0.2,0.5,False,struct5,trail8,True,384,-0.112,-43.0,37.0,0.8,227,-0.054,-12.3,41.4,0.9
close,0.0,0.2,0.5,False,struct5,trail8,False,384,-0.126,-48.6,38.8,0.78,227,-0.051,-11.6,42.7,0.91
close,0.0,0.2,0.5,False,struct5,trail12,True,384,-0.137,-52.5,33.6,0.75,227,-0.026,-5.9,37.0,0.95
close,0.0,0.2,0.5,False,struct5,trail12,False,384,-0.167,-64.0,34.9,0.72,227,-0.03,-6.7,38.8,0.95
close,0.0,0.2,0.5,False,struct5,fixed1.0,True,384,-0.095,-36.6,47.9,0.83,227,-0.035,-8.0,50.2,0.93
close,0.0,0.2,0.5,False,struct5,fixed1.0,False,384,-0.095,-36.6,47.9,0.83,227,-0.035,-8.0,50.2,0.93
close,0.0,0.2,0.5,False,struct5,fixed1.5,True,384,-0.111,-42.7,31.8,0.8,227,-0.01,-2.2,35.7,0.98
close,0.0,0.2,0.5,False,struct5,fixed1.5,False,384,-0.119,-45.7,38.3,0.82,227,0.014,3.3,42.3,1.02
close,0.0,0.2,0.5,False,struct5,fixed2.0,True,384,-0.099,-38.1,25.3,0.82,227,-0.024,-5.5,26.4,0.95
close,0.0,0.2,0.5,False,struct5,fixed2.0,False,384,-0.135,-51.8,32.0,0.81,227,0.015,3.3,35.7,1.02
close,0.0,0.2,0.5,True,atr1.5,trail3,True,376,-0.047,-17.8,39.1,0.92,222,-0.095,-21.2,42.8,0.82
close,0.0,0.2,0.5,True,atr1.5,trail3,False,376,-0.052,-19.5,40.4,0.91,222,-0.119,-26.4,42.8,0.78
close,0.0,0.2,0.5,True,atr1.5,trail5,True,376,-0.048,-18.2,35.9,0.91,222,-0.076,-16.9,35.6,0.86
close,0.0,0.2,0.5,True,atr1.5,trail5,False,376,-0.055,-20.6,37.8,0.91,222,-0.101,-22.5,36.9,0.82
close,0.0,0.2,0.5,True,atr1.5,trail8,True,376,-0.058,-21.9,27.9,0.9,222,-0.023,-5.1,32.9,0.96
close,0.0,0.2,0.5,True,atr1.5,trail8,False,376,-0.05,-18.9,31.6,0.92,222,-0.051,-11.4,35.1,0.91
close,0.0,0.2,0.5,True,atr1.5,trail12,True,376,-0.076,-28.5,25.3,0.87,222,-0.017,-3.7,28.4,0.97
close,0.0,0.2,0.5,True,atr1.5,trail12,False,376,-0.069,-26.0,28.7,0.89,222,-0.067,-14.9,30.6,0.89
close,0.0,0.2,0.5,True,atr1.5,fixed1.0,True,376,-0.116,-43.7,47.9,0.79,222,-0.039,-8.7,50.5,0.92
close,0.0,0.2,0.5,True,atr1.5,fixed1.0,False,376,-0.116,-43.7,47.9,0.79,222,-0.039,-8.7,50.5,0.92
close,0.0,0.2,0.5,True,atr1.5,fixed1.5,True,376,-0.064,-24.2,35.4,0.89,222,-0.052,-11.5,32.9,0.9
close,0.0,0.2,0.5,True,atr1.5,fixed1.5,False,376,-0.034,-12.6,41.8,0.95,222,-0.047,-10.4,40.1,0.93
close,0.0,0.2,0.5,True,atr1.5,fixed2.0,True,376,-0.068,-25.7,26.3,0.88,222,-0.023,-5.0,26.1,0.96
close,0.0,0.2,0.5,True,atr1.5,fixed2.0,False,376,0.021,8.1,36.7,1.03,222,0.017,3.8,35.6,1.03
close,0.0,0.2,0.5,True,atr2.0,trail3,True,367,-0.061,-22.4,43.6,0.89,222,-0.083,-18.4,45.9,0.84
close,0.0,0.2,0.5,True,atr2.0,trail3,False,367,-0.063,-23.0,44.7,0.88,222,-0.089,-19.7,45.9,0.84
close,0.0,0.2,0.5,True,atr2.0,trail5,True,367,-0.075,-27.5,40.1,0.86,222,-0.085,-18.9,41.9,0.84
close,0.0,0.2,0.5,True,atr2.0,trail5,False,367,-0.082,-30.1,41.7,0.85,222,-0.094,-20.8,42.3,0.83
close,0.0,0.2,0.5,True,atr2.0,trail8,True,367,-0.075,-27.4,33.5,0.86,222,-0.061,-13.6,39.2,0.89
close,0.0,0.2,0.5,True,atr2.0,trail8,False,367,-0.071,-26.1,36.8,0.87,222,-0.079,-17.6,39.6,0.86
close,0.0,0.2,0.5,True,atr2.0,trail12,True,367,-0.105,-38.5,30.0,0.81,222,-0.055,-12.2,34.7,0.9
close,0.0,0.2,0.5,True,atr2.0,trail12,False,367,-0.104,-38.0,33.2,0.82,222,-0.08,-17.9,35.6,0.86
close,0.0,0.2,0.5,True,atr2.0,fixed1.0,True,367,-0.065,-23.8,49.6,0.88,222,-0.058,-12.8,49.1,0.89
close,0.0,0.2,0.5,True,atr2.0,fixed1.0,False,367,-0.065,-23.8,49.6,0.88,222,-0.058,-12.8,49.1,0.89
close,0.0,0.2,0.5,True,atr2.0,fixed1.5,True,367,-0.046,-16.8,34.3,0.92,222,-0.029,-6.4,34.7,0.95
close,0.0,0.2,0.5,True,atr2.0,fixed1.5,False,367,0.002,0.6,42.5,1.0,222,-0.027,-5.9,40.5,0.96
close,0.0,0.2,0.5,True,atr2.0,fixed2.0,True,367,-0.068,-25.0,24.8,0.88,222,-0.072,-16.0,23.9,0.87
close,0.0,0.2,0.5,True,atr2.0,fixed2.0,False,367,-0.021,-7.6,34.9,0.97,222,-0.08,-17.7,32.4,0.89
close,0.0,0.2,0.5,True,atr2.5,trail3,True,354,-0.023,-8.3,46.6,0.95,216,-0.11,-23.8,44.9,0.79
close,0.0,0.2,0.5,True,atr2.5,trail3,False,354,-0.026,-9.4,47.2,0.95,216,-0.112,-24.2,45.4,0.79
close,0.0,0.2,0.5,True,atr2.5,trail5,True,354,-0.044,-15.4,44.4,0.92,216,-0.105,-22.6,42.6,0.81
close,0.0,0.2,0.5,True,atr2.5,trail5,False,354,-0.053,-18.6,44.9,0.9,216,-0.093,-20.2,43.5,0.83
close,0.0,0.2,0.5,True,atr2.5,trail8,True,354,-0.033,-11.8,40.1,0.94,216,-0.091,-19.6,40.7,0.83
close,0.0,0.2,0.5,True,atr2.5,trail8,False,354,-0.034,-12.0,42.1,0.94,216,-0.087,-18.8,41.7,0.84
close,0.0,0.2,0.5,True,atr2.5,trail12,True,354,-0.06,-21.4,36.4,0.88,216,-0.083,-18.0,36.6,0.85
close,0.0,0.2,0.5,True,atr2.5,trail12,False,354,-0.064,-22.7,38.4,0.88,216,-0.085,-18.3,38.0,0.85
close,0.0,0.2,0.5,True,atr2.5,fixed1.0,True,354,-0.029,-10.3,50.8,0.94,216,-0.069,-14.9,48.1,0.87
close,0.0,0.2,0.5,True,atr2.5,fixed1.0,False,354,-0.029,-10.3,50.8,0.94,216,-0.069,-14.9,48.1,0.87
close,0.0,0.2,0.5,True,atr2.5,fixed1.5,True,354,-0.036,-12.9,33.6,0.93,216,-0.071,-15.4,31.9,0.87
close,0.0,0.2,0.5,True,atr2.5,fixed1.5,False,354,-0.019,-6.9,41.2,0.97,216,-0.092,-19.8,38.0,0.86
close,0.0,0.2,0.5,True,atr2.5,fixed2.0,True,354,-0.049,-17.2,25.4,0.91,216,-0.069,-14.9,24.1,0.87
close,0.0,0.2,0.5,True,atr2.5,fixed2.0,False,354,-0.058,-20.7,33.9,0.92,216,-0.101,-21.9,31.5,0.86
close,0.0,0.2,0.5,True,atr3.0,trail3,True,351,-0.033,-11.7,47.9,0.94,208,-0.065,-13.4,47.6,0.87
close,0.0,0.2,0.5,True,atr3.0,trail3,False,351,-0.038,-13.3,48.1,0.93,208,-0.064,-13.4,48.1,0.87
close,0.0,0.2,0.5,True,atr3.0,trail5,True,351,-0.058,-20.3,46.2,0.89,208,-0.026,-5.5,47.6,0.95
close,0.0,0.2,0.5,True,atr3.0,trail5,False,351,-0.067,-23.5,46.2,0.87,208,-0.017,-3.6,48.1,0.97
close,0.0,0.2,0.5,True,atr3.0,trail8,True,351,-0.062,-21.9,42.7,0.88,208,-0.011,-2.4,45.7,0.98
close,0.0,0.2,0.5,True,atr3.0,trail8,False,351,-0.065,-22.8,43.6,0.88,208,-0.008,-1.6,46.2,0.99
close,0.0,0.2,0.5,True,atr3.0,trail12,True,351,-0.083,-29.2,39.9,0.84,208,-0.01,-2.2,41.8,0.98
close,0.0,0.2,0.5,True,atr3.0,trail12,False,351,-0.091,-31.8,41.0,0.83,208,-0.013,-2.7,42.8,0.98
close,0.0,0.2,0.5,True,atr3.0,fixed1.0,True,351,-0.027,-9.4,50.7,0.95,208,-0.024,-5.0,50.0,0.95
close,0.0,0.2,0.5,True,atr3.0,fixed1.0,False,351,-0.027,-9.4,50.7,0.95,208,-0.024,-5.0,50.0,0.95
close,0.0,0.2,0.5,True,atr3.0,fixed1.5,True,351,-0.073,-25.5,31.3,0.86,208,-0.038,-7.8,32.7,0.93
close,0.0,0.2,0.5,True,atr3.0,fixed1.5,False,351,-0.088,-30.9,38.5,0.86,208,-0.049,-10.2,39.4,0.92
close,0.0,0.2,0.5,True,atr3.0,fixed2.0,True,351,-0.086,-30.3,23.6,0.83,208,-0.049,-10.1,24.0,0.91
close,0.0,0.2,0.5,True,atr3.0,fixed2.0,False,351,-0.136,-47.6,31.6,0.81,208,-0.077,-16.0,31.7,0.89
close,0.0,0.2,0.5,True,struct5,trail3,True,354,-0.078,-27.7,44.9,0.85,214,-0.11,-23.5,44.9,0.79
close,0.0,0.2,0.5,True,struct5,trail3,False,354,-0.085,-30.0,45.2,0.84,214,-0.112,-24.0,45.8,0.79
close,0.0,0.2,0.5,True,struct5,trail5,True,354,-0.109,-38.7,43.2,0.8,214,-0.08,-17.1,42.1,0.85
close,0.0,0.2,0.5,True,struct5,trail5,False,354,-0.119,-42.1,43.8,0.78,214,-0.072,-15.4,43.0,0.87
close,0.0,0.2,0.5,True,struct5,trail8,True,354,-0.109,-38.5,37.9,0.8,214,-0.083,-17.8,40.2,0.84
close,0.0,0.2,0.5,True,struct5,trail8,False,354,-0.12,-42.4,39.8,0.78,214,-0.078,-16.7,41.6,0.86
close,0.0,0.2,0.5,True,struct5,trail12,True,354,-0.134,-47.4,34.2,0.75,214,-0.072,-15.3,36.9,0.87
close,0.0,0.2,0.5,True,struct5,trail12,False,354,-0.162,-57.2,35.6,0.72,214,-0.071,-15.1,38.8,0.88
close,0.0,0.2,0.5,True,struct5,fixed1.0,True,354,-0.068,-23.9,49.2,0.87,214,-0.069,-14.7,48.6,0.87
close,0.0,0.2,0.5,True,struct5,fixed1.0,False,354,-0.068,-23.9,49.2,0.87,214,-0.069,-14.7,48.6,0.87
close,0.0,0.2,0.5,True,struct5,fixed1.5,True,354,-0.094,-33.4,31.9,0.83,214,-0.063,-13.5,33.2,0.88
close,0.0,0.2,0.5,True,struct5,fixed1.5,False,354,-0.107,-38.0,38.7,0.83,214,-0.044,-9.5,39.7,0.93
close,0.0,0.2,0.5,True,struct5,fixed2.0,True,354,-0.094,-33.4,24.9,0.83,214,-0.081,-17.2,24.3,0.85
close,0.0,0.2,0.5,True,struct5,fixed2.0,False,354,-0.123,-43.7,32.5,0.82,214,-0.054,-11.5,33.2,0.92
close,0.38,0.0,0.0,False,atr1.5,trail3,True,555,-0.119,-66.1,37.1,0.8,342,-0.1,-34.1,39.8,0.81
close,0.38,0.0,0.0,False,atr1.5,trail3,False,555,-0.12,-66.4,38.6,0.8,342,-0.117,-39.9,40.4,0.79
close,0.38,0.0,0.0,False,atr1.5,trail5,True,555,-0.126,-70.1,34.1,0.79,342,-0.083,-28.5,32.7,0.84
close,0.38,0.0,0.0,False,atr1.5,trail5,False,555,-0.126,-70.1,35.7,0.8,342,-0.098,-33.5,35.4,0.83
close,0.38,0.0,0.0,False,atr1.5,trail8,True,555,-0.115,-63.7,29.5,0.81,342,-0.054,-18.3,28.7,0.9
close,0.38,0.0,0.0,False,atr1.5,trail8,False,555,-0.115,-64.1,31.5,0.82,342,-0.058,-19.8,33.0,0.9
close,0.38,0.0,0.0,False,atr1.5,trail12,True,555,-0.095,-52.8,23.8,0.84,342,-0.026,-8.9,25.7,0.95
close,0.38,0.0,0.0,False,atr1.5,trail12,False,555,-0.104,-58.0,25.9,0.84,342,-0.048,-16.4,29.5,0.92
close,0.38,0.0,0.0,False,atr1.5,fixed1.0,True,555,-0.155,-85.9,45.9,0.73,342,-0.04,-13.8,50.6,0.92
close,0.38,0.0,0.0,False,atr1.5,fixed1.0,False,555,-0.155,-85.9,45.9,0.73,342,-0.04,-13.8,50.6,0.92
close,0.38,0.0,0.0,False,atr1.5,fixed1.5,True,555,-0.106,-59.0,33.9,0.82,342,-0.048,-16.6,33.0,0.91
close,0.38,0.0,0.0,False,atr1.5,fixed1.5,False,555,-0.093,-51.4,39.3,0.86,342,-0.078,-26.6,38.9,0.88
close,0.38,0.0,0.0,False,atr1.5,fixed2.0,True,555,-0.124,-68.9,24.5,0.79,342,-0.049,-16.7,24.9,0.91
close,0.38,0.0,0.0,False,atr1.5,fixed2.0,False,555,-0.085,-46.9,33.2,0.88,342,-0.052,-18.0,33.3,0.93
close,0.38,0.0,0.0,False,atr2.0,trail3,True,544,-0.112,-61.2,42.1,0.8,343,-0.083,-28.5,44.3,0.84
close,0.38,0.0,0.0,False,atr2.0,trail3,False,544,-0.113,-61.5,42.8,0.8,343,-0.088,-30.2,44.6,0.84
close,0.38,0.0,0.0,False,atr2.0,trail5,True,544,-0.122,-66.6,38.6,0.78,343,-0.048,-16.3,41.1,0.91
close,0.38,0.0,0.0,False,atr2.0,trail5,False,544,-0.123,-66.8,39.5,0.79,343,-0.048,-16.5,42.6,0.91
close,0.38,0.0,0.0,False,atr2.0,trail8,True,544,-0.126,-68.4,33.8,0.78,343,-0.046,-15.9,37.0,0.91
close,0.38,0.0,0.0,False,atr2.0,trail8,False,544,-0.117,-63.4,35.8,0.8,343,-0.05,-17.1,38.8,0.91
close,0.38,0.0,0.0,False,atr2.0,trail12,True,544,-0.118,-64.2,29.0,0.79,343,-0.004,-1.5,33.5,0.99
close,0.38,0.0,0.0,False,atr2.0,trail12,False,544,-0.116,-63.0,31.2,0.81,343,-0.017,-5.9,35.3,0.97
close,0.38,0.0,0.0,False,atr2.0,fixed1.0,True,544,-0.115,-62.8,47.2,0.79,343,-0.063,-21.8,48.7,0.88
close,0.38,0.0,0.0,False,atr2.0,fixed1.0,False,544,-0.115,-62.8,47.2,0.79,343,-0.063,-21.8,48.7,0.88
close,0.38,0.0,0.0,False,atr2.0,fixed1.5,True,544,-0.106,-57.8,32.2,0.81,343,-0.036,-12.3,34.4,0.93
close,0.38,0.0,0.0,False,atr2.0,fixed1.5,False,544,-0.085,-46.3,39.2,0.87,343,-0.011,-3.9,41.1,0.98
close,0.38,0.0,0.0,False,atr2.0,fixed2.0,True,544,-0.101,-54.9,24.4,0.82,343,-0.052,-17.9,25.1,0.9
close,0.38,0.0,0.0,False,atr2.0,fixed2.0,False,544,-0.109,-59.3,32.0,0.85,343,-0.036,-12.4,33.2,0.95
close,0.38,0.0,0.0,False,atr2.5,trail3,True,525,-0.089,-46.5,45.0,0.84,333,-0.087,-29.0,47.1,0.83
close,0.38,0.0,0.0,False,atr2.5,trail3,False,525,-0.093,-49.0,45.0,0.83,333,-0.09,-30.1,47.1,0.83
close,0.38,0.0,0.0,False,atr2.5,trail5,True,525,-0.1,-52.4,42.7,0.82,333,-0.063,-21.0,45.6,0.88
close,0.38,0.0,0.0,False,atr2.5,trail5,False,525,-0.109,-57.5,42.7,0.8,333,-0.064,-21.3,46.2,0.88
close,0.38,0.0,0.0,False,atr2.5,trail8,True,525,-0.093,-49.0,39.0,0.83,333,-0.061,-20.3,40.2,0.88
close,0.38,0.0,0.0,False,atr2.5,trail8,False,525,-0.099,-52.0,39.8,0.82,333,-0.06,-20.0,41.7,0.89
close,0.38,0.0,0.0,False,atr2.5,trail12,True,525,-0.091,-47.5,34.7,0.84,333,-0.036,-12.1,36.9,0.93
close,0.38,0.0,0.0,False,atr2.5,trail12,False,525,-0.102,-53.4,35.8,0.82,333,-0.039,-13.0,38.7,0.93
close,0.38,0.0,0.0,False,atr2.5,fixed1.0,True,525,-0.089,-46.7,48.0,0.84,333,-0.038,-12.5,49.5,0.93
close,0.38,0.0,0.0,False,atr2.5,fixed1.0,False,525,-0.089,-46.7,48.0,0.84,333,-0.038,-12.5,49.5,0.93
close,0.38,0.0,0.0,False,atr2.5,fixed1.5,True,525,-0.084,-44.3,32.4,0.85,333,-0.057,-19.0,31.8,0.89
close,0.38,0.0,0.0,False,atr2.5,fixed1.5,False,525,-0.097,-51.2,38.3,0.85,333,-0.047,-15.6,39.0,0.93
close,0.38,0.0,0.0,False,atr2.5,fixed2.0,True,525,-0.089,-46.8,24.4,0.84,333,-0.093,-31.0,22.2,0.82
close,0.38,0.0,0.0,False,atr2.5,fixed2.0,False,525,-0.094,-49.2,32.4,0.87,333,-0.068,-22.5,32.1,0.9
close,0.38,0.0,0.0,False,atr3.0,trail3,True,511,-0.057,-29.1,47.6,0.89,324,-0.081,-26.1,48.1,0.84
close,0.38,0.0,0.0,False,atr3.0,trail3,False,511,-0.06,-30.7,47.9,0.89,324,-0.083,-26.7,48.1,0.84
close,0.38,0.0,0.0,False,atr3.0,trail5,True,511,-0.074,-37.9,46.2,0.86,324,-0.05,-16.2,46.6,0.9
close,0.38,0.0,0.0,False,atr3.0,trail5,False,511,-0.079,-40.4,46.4,0.85,324,-0.053,-17.2,46.6,0.9
close,0.38,0.0,0.0,False,atr3.0,trail8,True,511,-0.069,-35.1,42.7,0.87,324,-0.043,-14.1,42.6,0.92
close,0.38,0.0,0.0,False,atr3.0,trail8,False,511,-0.071,-36.3,43.4,0.87,324,-0.043,-14.0,43.5,0.92
close,0.38,0.0,0.0,False,atr3.0,trail12,True,511,-0.066,-34.0,38.6,0.87,324,-0.031,-9.9,40.1,0.94
close,0.38,0.0,0.0,False,atr3.0,trail12,False,511,-0.078,-39.9,39.5,0.86,324,-0.035,-11.4,41.0,0.93
close,0.38,0.0,0.0,False,atr3.0,fixed1.0,True,511,-0.037,-18.9,50.1,0.93,324,-0.036,-11.8,49.1,0.93
close,0.38,0.0,0.0,False,atr3.0,fixed1.0,False,511,-0.037,-18.9,50.1,0.93,324,-0.036,-11.8,49.1,0.93
close,0.38,0.0,0.0,False,atr3.0,fixed1.5,True,511,-0.074,-37.9,31.5,0.86,324,-0.052,-17.0,31.5,0.9
close,0.38,0.0,0.0,False,atr3.0,fixed1.5,False,511,-0.095,-48.3,38.2,0.85,324,-0.083,-26.9,37.3,0.87
close,0.38,0.0,0.0,False,atr3.0,fixed2.0,True,511,-0.066,-33.8,24.7,0.87,324,-0.057,-18.6,24.1,0.89
close,0.38,0.0,0.0,False,atr3.0,fixed2.0,False,511,-0.086,-44.2,32.7,0.88,324,-0.038,-12.2,33.3,0.94
close,0.38,0.0,0.0,False,struct5,trail3,True,523,-0.096,-50.2,45.1,0.82,336,-0.11,-37.1,44.9,0.79
close,0.38,0.0,0.0,False,struct5,trail3,False,523,-0.099,-51.8,45.5,0.82,336,-0.11,-36.9,45.2,0.8
close,0.38,0.0,0.0,False,struct5,trail5,True,523,-0.108,-56.5,43.0,0.8,336,-0.098,-33.0,42.0,0.82
close,0.38,0.0,0.0,False,struct5,trail5,False,523,-0.115,-60.2,43.6,0.79,336,-0.098,-32.8,43.5,0.82
close,0.38,0.0,0.0,False,struct5,trail8,True,523,-0.107,-55.9,39.2,0.8,336,-0.108,-36.2,38.4,0.8
close,0.38,0.0,0.0,False,struct5,trail8,False,523,-0.122,-64.0,40.2,0.78,336,-0.111,-37.2,40.5,0.8
close,0.38,0.0,0.0,False,struct5,trail12,True,523,-0.106,-55.7,34.4,0.81,336,-0.093,-31.1,35.4,0.83
close,0.38,0.0,0.0,False,struct5,trail12,False,523,-0.136,-71.3,35.4,0.77,336,-0.106,-35.6,37.2,0.81
close,0.38,0.0,0.0,False,struct5,fixed1.0,True,523,-0.079,-41.3,48.9,0.85,336,-0.074,-24.7,47.9,0.86
close,0.38,0.0,0.0,False,struct5,fixed1.0,False,523,-0.079,-41.3,48.9,0.85,336,-0.074,-24.7,47.9,0.86
close,0.38,0.0,0.0,False,struct5,fixed1.5,True,523,-0.094,-49.2,32.3,0.83,336,-0.057,-19.0,33.6,0.9
close,0.38,0.0,0.0,False,struct5,fixed1.5,False,523,-0.098,-51.4,39.0,0.85,336,-0.057,-19.3,39.0,0.91
close,0.38,0.0,0.0,False,struct5,fixed2.0,True,523,-0.086,-44.9,25.8,0.84,336,-0.093,-31.1,24.1,0.83
close,0.38,0.0,0.0,False,struct5,fixed2.0,False,523,-0.097,-50.7,33.5,0.86,336,-0.052,-17.3,33.0,0.92
close,0.38,0.0,0.0,True,atr1.5,trail3,True,546,-0.118,-64.2,37.4,0.8,339,-0.07,-23.8,41.0,0.86
close,0.38,0.0,0.0,True,atr1.5,trail3,False,546,-0.117,-64.0,38.8,0.81,339,-0.091,-30.7,41.3,0.83
close,0.38,0.0,0.0,True,atr1.5,trail5,True,546,-0.134,-72.9,34.2,0.77,339,-0.057,-19.3,33.9,0.89
close,0.38,0.0,0.0,True,atr1.5,trail5,False,546,-0.132,-72.0,35.9,0.79,339,-0.072,-24.5,36.3,0.87
close,0.38,0.0,0.0,True,atr1.5,trail8,True,546,-0.121,-66.1,29.7,0.8,339,-0.029,-9.8,29.8,0.95
close,0.38,0.0,0.0,True,atr1.5,trail8,False,546,-0.119,-65.2,31.7,0.81,339,-0.034,-11.5,33.9,0.94
close,0.38,0.0,0.0,True,atr1.5,trail12,True,546,-0.106,-57.8,23.8,0.82,339,-0.004,-1.4,26.5,0.99
close,0.38,0.0,0.0,True,atr1.5,trail12,False,546,-0.113,-61.6,26.0,0.83,339,-0.026,-8.8,30.4,0.96
close,0.38,0.0,0.0,True,atr1.5,fixed1.0,True,546,-0.154,-84.2,46.0,0.73,339,-0.026,-8.6,51.3,0.95
close,0.38,0.0,0.0,True,atr1.5,fixed1.0,False,546,-0.154,-84.2,46.0,0.73,339,-0.026,-8.6,51.3,0.95
close,0.38,0.0,0.0,True,atr1.5,fixed1.5,True,546,-0.106,-57.8,33.9,0.82,339,-0.028,-9.5,33.9,0.95
close,0.38,0.0,0.0,True,atr1.5,fixed1.5,False,546,-0.09,-49.2,39.4,0.86,339,-0.055,-18.5,39.8,0.91
close,0.38,0.0,0.0,True,atr1.5,fixed2.0,True,546,-0.123,-67.2,24.5,0.79,339,-0.025,-8.6,25.7,0.95
close,0.38,0.0,0.0,True,atr1.5,fixed2.0,False,546,-0.079,-43.2,33.3,0.89,339,-0.026,-8.8,34.2,0.96
close,0.38,0.0,0.0,True,atr2.0,trail3,True,534,-0.103,-54.8,42.7,0.82,338,-0.077,-26.2,44.7,0.85
close,0.38,0.0,0.0,True,atr2.0,trail3,False,534,-0.103,-55.1,43.4,0.82,338,-0.083,-27.9,45.0,0.85
close,0.38,0.0,0.0,True,atr2.0,trail5,True,534,-0.12,-64.1,39.1,0.79,338,-0.039,-13.3,41.4,0.93
close,0.38,0.0,0.0,True,atr2.0,trail5,False,534,-0.12,-64.0,40.1,0.79,338,-0.04,-13.4,42.9,0.93
close,0.38,0.0,0.0,True,atr2.0,trail8,True,534,-0.123,-65.6,34.3,0.78,338,-0.038,-12.8,37.3,0.93
close,0.38,0.0,0.0,True,atr2.0,trail8,False,534,-0.112,-60.0,36.3,0.81,338,-0.042,-14.0,39.1,0.92
close,0.38,0.0,0.0,True,atr2.0,trail12,True,534,-0.119,-63.4,29.4,0.79,338,0.005,1.5,34.0,1.01
close,0.38,0.0,0.0,True,atr2.0,trail12,False,534,-0.115,-61.5,31.6,0.81,338,-0.008,-2.8,35.8,0.99
close,0.38,0.0,0.0,True,atr2.0,fixed1.0,True,534,-0.105,-56.2,47.8,0.81,338,-0.057,-19.2,49.1,0.89
close,0.38,0.0,0.0,True,atr2.0,fixed1.0,False,534,-0.105,-56.2,47.8,0.81,338,-0.057,-19.2,49.1,0.89
close,0.38,0.0,0.0,True,atr2.0,fixed1.5,True,534,-0.095,-50.7,32.6,0.83,338,-0.033,-11.1,34.3,0.94
close,0.38,0.0,0.0,True,atr2.0,fixed1.5,False,534,-0.072,-38.3,39.7,0.89,338,-0.004,-1.2,41.4,0.99
close,0.38,0.0,0.0,True,atr2.0,fixed2.0,True,534,-0.09,-48.3,24.7,0.84,338,-0.052,-17.7,24.9,0.9
close,0.38,0.0,0.0,True,atr2.0,fixed2.0,False,534,-0.097,-51.7,32.4,0.87,338,-0.03,-10.3,33.4,0.96
close,0.38,0.0,0.0,True,atr2.5,trail3,True,515,-0.078,-40.2,45.4,0.86,329,-0.077,-25.4,47.1,0.85
close,0.38,0.0,0.0,True,atr2.5,trail3,False,515,-0.083,-42.8,45.4,0.85,329,-0.08,-26.4,47.1,0.85
close,0.38,0.0,0.0,True,atr2.5,trail5,True,515,-0.095,-49.0,43.1,0.82,329,-0.051,-16.7,45.6,0.9
close,0.38,0.0,0.0,True,atr2.5,trail5,False,515,-0.105,-54.1,43.1,0.81,329,-0.051,-16.9,46.2,0.9
close,0.38,0.0,0.0,True,atr2.5,trail8,True,515,-0.088,-45.4,39.4,0.84,329,-0.048,-15.9,40.4,0.91
close,0.38,0.0,0.0,True,atr2.5,trail8,False,515,-0.094,-48.4,40.2,0.83,329,-0.047,-15.5,41.9,0.91
close,0.38,0.0,0.0,True,atr2.5,trail12,True,515,-0.088,-45.6,35.0,0.84,329,-0.022,-7.2,37.4,0.96
close,0.38,0.0,0.0,True,atr2.5,trail12,False,515,-0.1,-51.4,36.1,0.83,329,-0.024,-8.0,39.2,0.96
close,0.38,0.0,0.0,True,atr2.5,fixed1.0,True,515,-0.078,-40.2,48.5,0.86,329,-0.038,-12.4,49.5,0.93
close,0.38,0.0,0.0,True,atr2.5,fixed1.0,False,515,-0.078,-40.2,48.5,0.86,329,-0.038,-12.4,49.5,0.93
close,0.38,0.0,0.0,True,atr2.5,fixed1.5,True,515,-0.075,-38.8,32.6,0.86,329,-0.047,-15.4,32.5,0.91
close,0.38,0.0,0.0,True,atr2.5,fixed1.5,False,515,-0.089,-45.7,38.6,0.86,329,-0.027,-9.0,39.8,0.96
close,0.38,0.0,0.0,True,atr2.5,fixed2.0,True,515,-0.082,-42.3,24.5,0.85,329,-0.088,-28.9,22.5,0.83
close,0.38,0.0,0.0,True,atr2.5,fixed2.0,False,515,-0.087,-44.7,32.6,0.88,329,-0.056,-18.4,32.5,0.92
close,0.38,0.0,0.0,True,atr3.0,trail3,True,503,-0.051,-25.6,47.9,0.9,321,-0.071,-22.7,48.3,0.86
close,0.38,0.0,0.0,True,atr3.0,trail3,False,503,-0.052,-26.2,48.3,0.9,321,-0.072,-23.3,48.3,0.86
close,0.38,0.0,0.0,True,atr3.0,trail5,True,503,-0.073,-36.9,46.5,0.86,321,-0.038,-12.2,46.7,0.93
close,0.38,0.0,0.0,True,atr3.0,trail5,False,503,-0.076,-38.4,46.7,0.85,321,-0.041,-13.1,46.7,0.92
close,0.38,0.0,0.0,True,atr3.0,trail8,True,503,-0.067,-33.9,42.9,0.87,321,-0.031,-10.1,42.7,0.94
close,0.38,0.0,0.0,True,atr3.0,trail8,False,503,-0.068,-34.2,43.7,0.87,321,-0.031,-10.1,43.6,0.94
close,0.38,0.0,0.0,True,atr3.0,trail12,True,503,-0.068,-34.1,38.8,0.87,321,-0.017,-5.5,40.5,0.97
close,0.38,0.0,0.0,True,atr3.0,trail12,False,503,-0.078,-39.1,39.8,0.86,321,-0.022,-7.0,41.4,0.96
close,0.38,0.0,0.0,True,atr3.0,fixed1.0,True,503,-0.033,-16.6,50.3,0.94,321,-0.033,-10.7,49.2,0.94
close,0.38,0.0,0.0,True,atr3.0,fixed1.0,False,503,-0.033,-16.6,50.3,0.94,321,-0.033,-10.7,49.2,0.94
close,0.38,0.0,0.0,True,atr3.0,fixed1.5,True,503,-0.074,-37.0,31.4,0.86,321,-0.046,-14.9,31.8,0.91
close,0.38,0.0,0.0,True,atr3.0,fixed1.5,False,503,-0.094,-47.4,38.2,0.85,321,-0.074,-23.8,37.7,0.88
close,0.38,0.0,0.0,True,atr3.0,fixed2.0,True,503,-0.065,-32.5,24.7,0.88,321,-0.048,-15.3,24.3,0.91
close,0.38,0.0,0.0,True,atr3.0,fixed2.0,False,503,-0.083,-41.8,32.8,0.88,321,-0.025,-8.0,33.6,0.96
close,0.38,0.0,0.0,True,struct5,trail3,True,514,-0.087,-44.7,45.7,0.84,332,-0.09,-29.9,45.8,0.83
close,0.38,0.0,0.0,True,struct5,trail3,False,514,-0.09,-46.2,46.1,0.83,332,-0.094,-31.2,45.8,0.82
close,0.38,0.0,0.0,True,struct5,trail5,True,514,-0.106,-54.5,43.6,0.8,332,-0.078,-25.9,42.8,0.85
close,0.38,0.0,0.0,True,struct5,trail5,False,514,-0.112,-57.8,44.2,0.79,332,-0.078,-26.0,44.0,0.86
close,0.38,0.0,0.0,True,struct5,trail8,True,514,-0.104,-53.6,39.7,0.81,332,-0.088,-29.2,39.2,0.83
close,0.38,0.0,0.0,True,struct5,trail8,False,514,-0.118,-60.9,40.7,0.79,332,-0.092,-30.5,41.0,0.83
close,0.38,0.0,0.0,True,struct5,trail12,True,514,-0.109,-56.0,34.8,0.8,332,-0.074,-24.5,36.1,0.86
close,0.38,0.0,0.0,True,struct5,trail12,False,514,-0.138,-70.8,35.8,0.76,332,-0.087,-28.9,38.0,0.84
close,0.38,0.0,0.0,True,struct5,fixed1.0,True,514,-0.069,-35.4,49.4,0.87,332,-0.064,-21.1,48.5,0.88
close,0.38,0.0,0.0,True,struct5,fixed1.0,False,514,-0.069,-35.4,49.4,0.87,332,-0.064,-21.1,48.5,0.88
close,0.38,0.0,0.0,True,struct5,fixed1.5,True,514,-0.083,-42.8,32.7,0.85,332,-0.05,-16.4,33.7,0.91
close,0.38,0.0,0.0,True,struct5,fixed1.5,False,514,-0.086,-44.0,39.5,0.87,332,-0.048,-16.0,39.2,0.92
close,0.38,0.0,0.0,True,struct5,fixed2.0,True,514,-0.076,-39.0,26.1,0.86,332,-0.086,-28.5,24.1,0.84
close,0.38,0.0,0.0,True,struct5,fixed2.0,False,514,-0.085,-43.8,33.9,0.88,332,-0.044,-14.5,33.1,0.94
close,0.38,0.0,0.25,False,atr1.5,trail3,True,555,-0.119,-66.1,37.1,0.8,341,-0.097,-33.1,39.9,0.81
close,0.38,0.0,0.25,False,atr1.5,trail3,False,555,-0.12,-66.4,38.6,0.8,341,-0.114,-38.8,40.5,0.79
close,0.38,0.0,0.25,False,atr1.5,trail5,True,555,-0.126,-70.1,34.1,0.79,341,-0.08,-27.4,32.8,0.85
close,0.38,0.0,0.25,False,atr1.5,trail5,False,555,-0.126,-70.1,35.7,0.8,341,-0.095,-32.4,35.5,0.83
close,0.38,0.0,0.25,False,atr1.5,trail8,True,555,-0.115,-63.7,29.5,0.81,341,-0.051,-17.3,28.7,0.9
close,0.38,0.0,0.25,False,atr1.5,trail8,False,555,-0.115,-64.1,31.5,0.82,341,-0.055,-18.8,33.1,0.9
close,0.38,0.0,0.25,False,atr1.5,trail12,True,555,-0.095,-52.8,23.8,0.84,341,-0.023,-7.9,25.8,0.96
close,0.38,0.0,0.25,False,atr1.5,trail12,False,555,-0.104,-58.0,25.9,0.84,341,-0.045,-15.4,29.6,0.92
close,0.38,0.0,0.25,False,atr1.5,fixed1.0,True,555,-0.155,-85.9,45.9,0.73,341,-0.037,-12.8,50.7,0.93
close,0.38,0.0,0.25,False,atr1.5,fixed1.0,False,555,-0.155,-85.9,45.9,0.73,341,-0.037,-12.8,50.7,0.93
close,0.38,0.0,0.25,False,atr1.5,fixed1.5,True,555,-0.106,-59.0,33.9,0.82,341,-0.046,-15.6,33.1,0.91
close,0.38,0.0,0.25,False,atr1.5,fixed1.5,False,555,-0.093,-51.4,39.3,0.86,341,-0.075,-25.6,39.0,0.88
close,0.38,0.0,0.25,False,atr1.5,fixed2.0,True,555,-0.124,-68.9,24.5,0.79,341,-0.046,-15.7,24.9,0.91
close,0.38,0.0,0.25,False,atr1.5,fixed2.0,False,555,-0.085,-46.9,33.2,0.88,341,-0.05,-16.9,33.4,0.93
close,0.38,0.0,0.25,False,atr2.0,trail3,True,544,-0.112,-61.2,42.1,0.8,342,-0.08,-27.5,44.4,0.85
close,0.38,0.0,0.25,False,atr2.0,trail3,False,544,-0.113,-61.5,42.8,0.8,342,-0.085,-29.2,44.7,0.84
close,0.38,0.0,0.25,False,atr2.0,trail5,True,544,-0.122,-66.6,38.6,0.78,342,-0.045,-15.3,41.2,0.92
close,0.38,0.0,0.25,False,atr2.0,trail5,False,544,-0.123,-66.8,39.5,0.79,342,-0.045,-15.5,42.7,0.92
close,0.38,0.0,0.25,False,atr2.0,trail8,True,544,-0.126,-68.4,33.8,0.78,342,-0.044,-14.9,37.1,0.92
close,0.38,0.0,0.25,False,atr2.0,trail8,False,544,-0.117,-63.4,35.8,0.8,342,-0.047,-16.1,38.9,0.92
close,0.38,0.0,0.25,False,atr2.0,trail12,True,544,-0.118,-64.2,29.0,0.79,342,-0.001,-0.5,33.6,1.0
close,0.38,0.0,0.25,False,atr2.0,trail12,False,544,-0.116,-63.0,31.2,0.81,342,-0.014,-4.9,35.4,0.98
close,0.38,0.0,0.25,False,atr2.0,fixed1.0,True,544,-0.115,-62.8,47.2,0.79,342,-0.061,-20.8,48.8,0.89
close,0.38,0.0,0.25,False,atr2.0,fixed1.0,False,544,-0.115,-62.8,47.2,0.79,342,-0.061,-20.8,48.8,0.89
close,0.38,0.0,0.25,False,atr2.0,fixed1.5,True,544,-0.106,-57.8,32.2,0.81,342,-0.033,-11.2,34.5,0.94
close,0.38,0.0,0.25,False,atr2.0,fixed1.5,False,544,-0.085,-46.3,39.2,0.87,342,-0.008,-2.9,41.2,0.99
close,0.38,0.0,0.25,False,atr2.0,fixed2.0,True,544,-0.101,-54.9,24.4,0.82,342,-0.049,-16.9,25.1,0.91
close,0.38,0.0,0.25,False,atr2.0,fixed2.0,False,544,-0.109,-59.3,32.0,0.85,342,-0.033,-11.4,33.3,0.95
close,0.38,0.0,0.25,False,atr2.5,trail3,True,525,-0.089,-46.5,45.0,0.84,332,-0.084,-28.0,47.3,0.84
close,0.38,0.0,0.25,False,atr2.5,trail3,False,525,-0.093,-49.0,45.0,0.83,332,-0.088,-29.1,47.3,0.83
close,0.38,0.0,0.25,False,atr2.5,trail5,True,525,-0.1,-52.4,42.7,0.82,332,-0.06,-20.0,45.8,0.88
close,0.38,0.0,0.25,False,atr2.5,trail5,False,525,-0.109,-57.5,42.7,0.8,332,-0.061,-20.3,46.4,0.88
close,0.38,0.0,0.25,False,atr2.5,trail8,True,525,-0.093,-49.0,39.0,0.83,332,-0.058,-19.3,40.4,0.89
close,0.38,0.0,0.25,False,atr2.5,trail8,False,525,-0.099,-52.0,39.8,0.82,332,-0.057,-19.0,41.9,0.89
close,0.38,0.0,0.25,False,atr2.5,trail12,True,525,-0.091,-47.5,34.7,0.84,332,-0.033,-11.1,37.0,0.94
close,0.38,0.0,0.25,False,atr2.5,trail12,False,525,-0.102,-53.4,35.8,0.82,332,-0.036,-11.9,38.9,0.93
close,0.38,0.0,0.25,False,atr2.5,fixed1.0,True,525,-0.089,-46.7,48.0,0.84,332,-0.035,-11.5,49.7,0.93
close,0.38,0.0,0.25,False,atr2.5,fixed1.0,False,525,-0.089,-46.7,48.0,0.84,332,-0.035,-11.5,49.7,0.93
close,0.38,0.0,0.25,False,atr2.5,fixed1.5,True,525,-0.084,-44.3,32.4,0.85,332,-0.054,-18.0,31.9,0.9
close,0.38,0.0,0.25,False,atr2.5,fixed1.5,False,525,-0.097,-51.2,38.3,0.85,332,-0.044,-14.6,39.2,0.93
close,0.38,0.0,0.25,False,atr2.5,fixed2.0,True,525,-0.089,-46.8,24.4,0.84,332,-0.09,-30.0,22.3,0.83
close,0.38,0.0,0.25,False,atr2.5,fixed2.0,False,525,-0.094,-49.2,32.4,0.87,332,-0.065,-21.5,32.2,0.91
close,0.38,0.0,0.25,False,atr3.0,trail3,True,511,-0.057,-29.1,47.6,0.89,323,-0.083,-26.9,48.0,0.84
close,0.38,0.0,0.25,False,atr3.0,trail3,False,511,-0.06,-30.7,47.9,0.89,323,-0.085,-27.5,48.0,0.84
close,0.38,0.0,0.25,False,atr3.0,trail5,True,511,-0.074,-37.9,46.2,0.86,323,-0.052,-16.8,46.4,0.9
close,0.38,0.0,0.25,False,atr3.0,trail5,False,511,-0.079,-40.4,46.4,0.85,323,-0.055,-17.8,46.4,0.89
close,0.38,0.0,0.25,False,atr3.0,trail8,True,511,-0.069,-35.1,42.7,0.87,323,-0.046,-14.8,42.4,0.91
close,0.38,0.0,0.25,False,atr3.0,trail8,False,511,-0.071,-36.3,43.4,0.87,323,-0.046,-14.8,43.3,0.91
close,0.38,0.0,0.25,False,atr3.0,trail12,True,511,-0.066,-34.0,38.6,0.87,323,-0.034,-10.9,39.9,0.94
close,0.38,0.0,0.25,False,atr3.0,trail12,False,511,-0.078,-39.9,39.5,0.86,323,-0.038,-12.3,40.9,0.93
close,0.38,0.0,0.25,False,atr3.0,fixed1.0,True,511,-0.037,-18.9,50.1,0.93,323,-0.04,-12.8,48.9,0.92
close,0.38,0.0,0.25,False,atr3.0,fixed1.0,False,511,-0.037,-18.9,50.1,0.93,323,-0.04,-12.8,48.9,0.92
close,0.38,0.0,0.25,False,atr3.0,fixed1.5,True,511,-0.074,-37.9,31.5,0.86,323,-0.057,-18.5,31.3,0.89
close,0.38,0.0,0.25,False,atr3.0,fixed1.5,False,511,-0.095,-48.3,38.2,0.85,323,-0.088,-28.4,37.2,0.86
close,0.38,0.0,0.25,False,atr3.0,fixed2.0,True,511,-0.066,-33.8,24.7,0.87,323,-0.061,-19.7,23.8,0.88
close,0.38,0.0,0.25,False,atr3.0,fixed2.0,False,511,-0.086,-44.2,32.7,0.88,323,-0.041,-13.3,33.1,0.94
close,0.38,0.0,0.25,False,struct5,trail3,True,523,-0.096,-50.2,45.1,0.82,335,-0.112,-37.6,44.8,0.79
close,0.38,0.0,0.25,False,struct5,trail3,False,523,-0.099,-51.8,45.5,0.82,335,-0.112,-37.5,45.1,0.79
close,0.38,0.0,0.25,False,struct5,trail5,True,523,-0.108,-56.5,43.0,0.8,335,-0.1,-33.5,41.8,0.81
close,0.38,0.0,0.25,False,struct5,trail5,False,523,-0.115,-60.2,43.6,0.79,335,-0.099,-33.3,43.3,0.82
close,0.38,0.0,0.25,False,struct5,trail8,True,523,-0.107,-55.9,39.2,0.8,335,-0.11,-36.7,38.2,0.8
close,0.38,0.0,0.25,False,struct5,trail8,False,523,-0.122,-64.0,40.2,0.78,335,-0.113,-37.7,40.3,0.8
close,0.38,0.0,0.25,False,struct5,trail12,True,523,-0.106,-55.7,34.4,0.81,335,-0.095,-31.8,35.2,0.83
close,0.38,0.0,0.25,False,struct5,trail12,False,523,-0.136,-71.3,35.4,0.77,335,-0.108,-36.2,37.0,0.81
close,0.38,0.0,0.25,False,struct5,fixed1.0,True,523,-0.079,-41.3,48.9,0.85,335,-0.077,-25.7,47.8,0.86
close,0.38,0.0,0.25,False,struct5,fixed1.0,False,523,-0.079,-41.3,48.9,0.85,335,-0.077,-25.7,47.8,0.86
close,0.38,0.0,0.25,False,struct5,fixed1.5,True,523,-0.094,-49.2,32.3,0.83,335,-0.059,-19.8,33.4,0.89
close,0.38,0.0,0.25,False,struct5,fixed1.5,False,523,-0.098,-51.4,39.0,0.85,335,-0.06,-20.0,38.8,0.9
close,0.38,0.0,0.25,False,struct5,fixed2.0,True,523,-0.086,-44.9,25.8,0.84,335,-0.095,-31.9,23.9,0.83
close,0.38,0.0,0.25,False,struct5,fixed2.0,False,523,-0.097,-50.7,33.5,0.86,335,-0.054,-18.1,32.8,0.92
close,0.38,0.0,0.25,True,atr1.5,trail3,True,546,-0.118,-64.2,37.4,0.8,338,-0.067,-22.8,41.1,0.87
close,0.38,0.0,0.25,True,atr1.5,trail3,False,546,-0.117,-64.0,38.8,0.81,338,-0.088,-29.7,41.4,0.84
close,0.38,0.0,0.25,True,atr1.5,trail5,True,546,-0.134,-72.9,34.2,0.77,338,-0.054,-18.3,34.0,0.9
close,0.38,0.0,0.25,True,atr1.5,trail5,False,546,-0.132,-72.0,35.9,0.79,338,-0.069,-23.4,36.4,0.87
close,0.38,0.0,0.25,True,atr1.5,trail8,True,546,-0.121,-66.1,29.7,0.8,338,-0.026,-8.7,29.9,0.95
close,0.38,0.0,0.25,True,atr1.5,trail8,False,546,-0.119,-65.2,31.7,0.81,338,-0.031,-10.4,34.0,0.95
close,0.38,0.0,0.25,True,atr1.5,trail12,True,546,-0.106,-57.8,23.8,0.82,338,-0.001,-0.4,26.6,1.0
close,0.38,0.0,0.25,True,atr1.5,trail12,False,546,-0.113,-61.6,26.0,0.83,338,-0.023,-7.8,30.5,0.96
close,0.38,0.0,0.25,True,atr1.5,fixed1.0,True,546,-0.154,-84.2,46.0,0.73,338,-0.023,-7.6,51.5,0.96
close,0.38,0.0,0.25,True,atr1.5,fixed1.0,False,546,-0.154,-84.2,46.0,0.73,338,-0.023,-7.6,51.5,0.96
close,0.38,0.0,0.25,True,atr1.5,fixed1.5,True,546,-0.106,-57.8,33.9,0.82,338,-0.025,-8.4,34.0,0.95
close,0.38,0.0,0.25,True,atr1.5,fixed1.5,False,546,-0.09,-49.2,39.4,0.86,338,-0.052,-17.5,39.9,0.92
close,0.38,0.0,0.25,True,atr1.5,fixed2.0,True,546,-0.123,-67.2,24.5,0.79,338,-0.022,-7.6,25.7,0.96
close,0.38,0.0,0.25,True,atr1.5,fixed2.0,False,546,-0.079,-43.2,33.3,0.89,338,-0.023,-7.8,34.3,0.97
close,0.38,0.0,0.25,True,atr2.0,trail3,True,534,-0.103,-54.8,42.7,0.82,337,-0.075,-25.2,44.8,0.86
close,0.38,0.0,0.25,True,atr2.0,trail3,False,534,-0.103,-55.1,43.4,0.82,337,-0.08,-26.9,45.1,0.85
close,0.38,0.0,0.25,True,atr2.0,trail5,True,534,-0.12,-64.1,39.1,0.79,337,-0.036,-12.2,41.5,0.93
close,0.38,0.0,0.25,True,atr2.0,trail5,False,534,-0.12,-64.0,40.1,0.79,337,-0.037,-12.4,43.0,0.93
close,0.38,0.0,0.25,True,atr2.0,trail8,True,534,-0.123,-65.6,34.3,0.78,337,-0.035,-11.8,37.4,0.93
close,0.38,0.0,0.25,True,atr2.0,trail8,False,534,-0.112,-60.0,36.3,0.81,337,-0.039,-13.0,39.2,0.93
close,0.38,0.0,0.25,True,atr2.0,trail12,True,534,-0.119,-63.4,29.4,0.79,337,0.008,2.5,34.1,1.01
close,0.38,0.0,0.25,True,atr2.0,trail12,False,534,-0.115,-61.5,31.6,0.81,337,-0.005,-1.7,35.9,0.99
close,0.38,0.0,0.25,True,atr2.0,fixed1.0,True,534,-0.105,-56.2,47.8,0.81,337,-0.054,-18.2,49.3,0.9
close,0.38,0.0,0.25,True,atr2.0,fixed1.0,False,534,-0.105,-56.2,47.8,0.81,337,-0.054,-18.2,49.3,0.9
close,0.38,0.0,0.25,True,atr2.0,fixed1.5,True,534,-0.095,-50.7,32.6,0.83,337,-0.03,-10.1,34.4,0.94
close,0.38,0.0,0.25,True,atr2.0,fixed1.5,False,534,-0.072,-38.3,39.7,0.89,337,-0.001,-0.2,41.5,1.0
close,0.38,0.0,0.25,True,atr2.0,fixed2.0,True,534,-0.09,-48.3,24.7,0.84,337,-0.049,-16.7,24.9,0.91
close,0.38,0.0,0.25,True,atr2.0,fixed2.0,False,534,-0.097,-51.7,32.4,0.87,337,-0.027,-9.2,33.5,0.96
close,0.38,0.0,0.25,True,atr2.5,trail3,True,515,-0.078,-40.2,45.4,0.86,328,-0.074,-24.3,47.3,0.86
close,0.38,0.0,0.25,True,atr2.5,trail3,False,515,-0.083,-42.8,45.4,0.85,328,-0.077,-25.4,47.3,0.85
close,0.38,0.0,0.25,True,atr2.5,trail5,True,515,-0.095,-49.0,43.1,0.82,328,-0.048,-15.7,45.7,0.91
close,0.38,0.0,0.25,True,atr2.5,trail5,False,515,-0.105,-54.1,43.1,0.81,328,-0.048,-15.9,46.3,0.91
close,0.38,0.0,0.25,True,atr2.5,trail8,True,515,-0.088,-45.4,39.4,0.84,328,-0.045,-14.9,40.5,0.91
close,0.38,0.0,0.25,True,atr2.5,trail8,False,515,-0.094,-48.4,40.2,0.83,328,-0.044,-14.5,42.1,0.92
close,0.38,0.0,0.25,True,atr2.5,trail12,True,515,-0.088,-45.6,35.0,0.84,328,-0.019,-6.2,37.5,0.96
close,0.38,0.0,0.25,True,atr2.5,trail12,False,515,-0.1,-51.4,36.1,0.83,328,-0.021,-7.0,39.3,0.96
close,0.38,0.0,0.25,True,atr2.5,fixed1.0,True,515,-0.078,-40.2,48.5,0.86,328,-0.035,-11.4,49.7,0.93
close,0.38,0.0,0.25,True,atr2.5,fixed1.0,False,515,-0.078,-40.2,48.5,0.86,328,-0.035,-11.4,49.7,0.93
close,0.38,0.0,0.25,True,atr2.5,fixed1.5,True,515,-0.075,-38.8,32.6,0.86,328,-0.044,-14.4,32.6,0.92
close,0.38,0.0,0.25,True,atr2.5,fixed1.5,False,515,-0.089,-45.7,38.6,0.86,328,-0.024,-8.0,39.9,0.96
close,0.38,0.0,0.25,True,atr2.5,fixed2.0,True,515,-0.082,-42.3,24.5,0.85,328,-0.085,-27.9,22.6,0.84
close,0.38,0.0,0.25,True,atr2.5,fixed2.0,False,515,-0.087,-44.7,32.6,0.88,328,-0.053,-17.4,32.6,0.92
close,0.38,0.0,0.25,True,atr3.0,trail3,True,503,-0.051,-25.6,47.9,0.9,320,-0.073,-23.4,48.1,0.86
close,0.38,0.0,0.25,True,atr3.0,trail3,False,503,-0.052,-26.2,48.3,0.9,320,-0.075,-24.0,48.1,0.85
close,0.38,0.0,0.25,True,atr3.0,trail5,True,503,-0.073,-36.9,46.5,0.86,320,-0.04,-12.8,46.6,0.92
close,0.38,0.0,0.25,True,atr3.0,trail5,False,503,-0.076,-38.4,46.7,0.85,320,-0.043,-13.8,46.6,0.92
close,0.38,0.0,0.25,True,atr3.0,trail8,True,503,-0.067,-33.9,42.9,0.87,320,-0.034,-10.9,42.5,0.93
close,0.38,0.0,0.25,True,atr3.0,trail8,False,503,-0.068,-34.2,43.7,0.87,320,-0.034,-10.8,43.4,0.94
close,0.38,0.0,0.25,True,atr3.0,trail12,True,503,-0.068,-34.1,38.8,0.87,320,-0.02,-6.5,40.3,0.96
close,0.38,0.0,0.25,True,atr3.0,trail12,False,503,-0.078,-39.1,39.8,0.86,320,-0.025,-7.9,41.2,0.95
close,0.38,0.0,0.25,True,atr3.0,fixed1.0,True,503,-0.033,-16.6,50.3,0.94,320,-0.037,-11.7,49.1,0.93
close,0.38,0.0,0.25,True,atr3.0,fixed1.0,False,503,-0.033,-16.6,50.3,0.94,320,-0.037,-11.7,49.1,0.93
close,0.38,0.0,0.25,True,atr3.0,fixed1.5,True,503,-0.074,-37.0,31.4,0.86,320,-0.051,-16.4,31.6,0.9
close,0.38,0.0,0.25,True,atr3.0,fixed1.5,False,503,-0.094,-47.4,38.2,0.85,320,-0.079,-25.3,37.5,0.88
close,0.38,0.0,0.25,True,atr3.0,fixed2.0,True,503,-0.065,-32.5,24.7,0.88,320,-0.051,-16.4,24.1,0.9
close,0.38,0.0,0.25,True,atr3.0,fixed2.0,False,503,-0.083,-41.8,32.8,0.88,320,-0.028,-9.1,33.4,0.96
close,0.38,0.0,0.25,True,struct5,trail3,True,514,-0.087,-44.7,45.7,0.84,331,-0.092,-30.5,45.6,0.83
close,0.38,0.0,0.25,True,struct5,trail3,False,514,-0.09,-46.2,46.1,0.83,331,-0.096,-31.7,45.6,0.82
close,0.38,0.0,0.25,True,struct5,trail5,True,514,-0.106,-54.5,43.6,0.8,331,-0.08,-26.3,42.6,0.85
close,0.38,0.0,0.25,True,struct5,trail5,False,514,-0.112,-57.8,44.2,0.79,331,-0.08,-26.4,43.8,0.85
close,0.38,0.0,0.25,True,struct5,trail8,True,514,-0.104,-53.6,39.7,0.81,331,-0.09,-29.7,39.0,0.83
close,0.38,0.0,0.25,True,struct5,trail8,False,514,-0.118,-60.9,40.7,0.79,331,-0.094,-31.0,40.8,0.83
close,0.38,0.0,0.25,True,struct5,trail12,True,514,-0.109,-56.0,34.8,0.8,331,-0.076,-25.2,36.0,0.86
close,0.38,0.0,0.25,True,struct5,trail12,False,514,-0.138,-70.8,35.8,0.76,331,-0.089,-29.6,37.8,0.84
close,0.38,0.0,0.25,True,struct5,fixed1.0,True,514,-0.069,-35.4,49.4,0.87,331,-0.067,-22.1,48.3,0.87
close,0.38,0.0,0.25,True,struct5,fixed1.0,False,514,-0.069,-35.4,49.4,0.87,331,-0.067,-22.1,48.3,0.87
close,0.38,0.0,0.25,True,struct5,fixed1.5,True,514,-0.083,-42.8,32.7,0.85,331,-0.052,-17.2,33.5,0.9
close,0.38,0.0,0.25,True,struct5,fixed1.5,False,514,-0.086,-44.0,39.5,0.87,331,-0.051,-16.8,39.0,0.92
close,0.38,0.0,0.25,True,struct5,fixed2.0,True,514,-0.076,-39.0,26.1,0.86,331,-0.088,-29.3,23.9,0.84
close,0.38,0.0,0.25,True,struct5,fixed2.0,False,514,-0.085,-43.8,33.9,0.88,331,-0.046,-15.3,32.9,0.93
close,0.38,0.0,0.5,False,atr1.5,trail3,True,545,-0.109,-59.2,37.4,0.81,339,-0.088,-29.9,40.4,0.83
close,0.38,0.0,0.5,False,atr1.5,trail3,False,545,-0.109,-59.5,38.9,0.82,339,-0.105,-35.6,41.0,0.81
close,0.38,0.0,0.5,False,atr1.5,trail5,True,545,-0.117,-63.5,34.3,0.8,339,-0.071,-24.0,33.0,0.86
close,0.38,0.0,0.5,False,atr1.5,trail5,False,545,-0.116,-63.4,36.0,0.81,339,-0.087,-29.4,35.7,0.84
close,0.38,0.0,0.5,False,atr1.5,trail8,True,545,-0.106,-57.5,29.5,0.82,339,-0.04,-13.5,29.2,0.92
close,0.38,0.0,0.5,False,atr1.5,trail8,False,545,-0.106,-58.0,31.6,0.83,339,-0.047,-15.9,33.6,0.92
close,0.38,0.0,0.5,False,atr1.5,trail12,True,545,-0.082,-44.5,23.9,0.86,339,-0.013,-4.2,26.3,0.98
close,0.38,0.0,0.5,False,atr1.5,trail12,False,545,-0.091,-49.8,26.1,0.86,339,-0.037,-12.5,30.1,0.94
close,0.38,0.0,0.5,False,atr1.5,fixed1.0,True,545,-0.149,-81.4,46.2,0.74,339,-0.025,-8.6,51.3,0.95
close,0.38,0.0,0.5,False,atr1.5,fixed1.0,False,545,-0.149,-81.4,46.2,0.74,339,-0.025,-8.6,51.3,0.95
close,0.38,0.0,0.5,False,atr1.5,fixed1.5,True,545,-0.103,-56.0,33.9,0.83,339,-0.041,-13.9,33.0,0.92
close,0.38,0.0,0.5,False,atr1.5,fixed1.5,False,545,-0.086,-47.0,39.6,0.87,339,-0.077,-26.0,38.9,0.88
close,0.38,0.0,0.5,False,atr1.5,fixed2.0,True,545,-0.113,-61.4,25.0,0.81,339,-0.037,-12.5,25.1,0.93
close,0.38,0.0,0.5,False,atr1.5,fixed2.0,False,545,-0.066,-35.8,33.8,0.91,339,-0.044,-14.8,33.6,0.94
close,0.38,0.0,0.5,False,atr2.0,trail3,True,534,-0.101,-53.9,42.5,0.82,341,-0.077,-26.4,44.6,0.85
close,0.38,0.0,0.5,False,atr2.0,trail3,False,534,-0.102,-54.2,43.3,0.82,341,-0.082,-28.1,44.9,0.85
close,0.38,0.0,0.5,False,atr2.0,trail5,True,534,-0.111,-59.3,39.0,0.8,341,-0.041,-14.0,41.3,0.92
close,0.38,0.0,0.5,False,atr2.0,trail5,False,534,-0.112,-59.6,39.9,0.81,341,-0.042,-14.2,42.8,0.92
close,0.38,0.0,0.5,False,atr2.0,trail8,True,534,-0.114,-61.0,34.1,0.8,341,-0.039,-13.3,37.5,0.93
close,0.38,0.0,0.5,False,atr2.0,trail8,False,534,-0.105,-56.0,36.1,0.82,341,-0.043,-14.6,39.3,0.92
close,0.38,0.0,0.5,False,atr2.0,trail12,True,534,-0.104,-55.8,29.2,0.82,341,0.003,0.9,34.0,1.01
close,0.38,0.0,0.5,False,atr2.0,trail12,False,534,-0.102,-54.5,31.5,0.83,341,-0.01,-3.3,35.8,0.98
close,0.38,0.0,0.5,False,atr2.0,fixed1.0,True,534,-0.105,-56.3,47.8,0.81,341,-0.058,-19.7,49.0,0.89
close,0.38,0.0,0.5,False,atr2.0,fixed1.0,False,534,-0.105,-56.3,47.8,0.81,341,-0.058,-19.7,49.0,0.89
close,0.38,0.0,0.5,False,atr2.0,fixed1.5,True,534,-0.094,-50.2,32.6,0.83,341,-0.03,-10.1,34.6,0.94
close,0.38,0.0,0.5,False,atr2.0,fixed1.5,False,534,-0.066,-35.5,39.9,0.9,341,-0.005,-1.8,41.3,0.99
close,0.38,0.0,0.5,False,atr2.0,fixed2.0,True,534,-0.089,-47.4,24.7,0.84,341,-0.046,-15.7,25.2,0.91
close,0.38,0.0,0.5,False,atr2.0,fixed2.0,False,534,-0.09,-47.9,32.6,0.87,341,-0.03,-10.3,33.4,0.96
close,0.38,0.0,0.5,False,atr2.5,trail3,True,518,-0.078,-40.6,45.4,0.86,329,-0.084,-27.5,47.1,0.84
close,0.38,0.0,0.5,False,atr2.5,trail3,False,518,-0.083,-43.1,45.4,0.85,329,-0.087,-28.6,47.1,0.83
close,0.38,0.0,0.5,False,atr2.5,trail5,True,518,-0.09,-46.4,43.1,0.84,329,-0.059,-19.3,45.6,0.89
close,0.38,0.0,0.5,False,atr2.5,trail5,False,518,-0.099,-51.5,43.1,0.82,329,-0.059,-19.5,46.2,0.89
close,0.38,0.0,0.5,False,atr2.5,trail8,True,518,-0.083,-42.8,39.4,0.85,329,-0.055,-18.1,40.7,0.89
close,0.38,0.0,0.5,False,atr2.5,trail8,False,518,-0.089,-45.9,40.2,0.84,329,-0.054,-17.8,42.2,0.9
close,0.38,0.0,0.5,False,atr2.5,trail12,True,518,-0.078,-40.2,34.9,0.86,329,-0.03,-9.9,37.4,0.94
close,0.38,0.0,0.5,False,atr2.5,trail12,False,518,-0.089,-46.1,36.1,0.85,329,-0.032,-10.6,39.2,0.94
close,0.38,0.0,0.5,False,atr2.5,fixed1.0,True,518,-0.082,-42.4,48.5,0.85,329,-0.038,-12.4,49.5,0.93
close,0.38,0.0,0.5,False,atr2.5,fixed1.0,False,518,-0.082,-42.4,48.5,0.85,329,-0.038,-12.4,49.5,0.93
close,0.38,0.0,0.5,False,atr2.5,fixed1.5,True,518,-0.076,-39.5,32.8,0.86,329,-0.051,-16.9,32.2,0.9
close,0.38,0.0,0.5,False,atr2.5,fixed1.5,False,518,-0.085,-44.0,38.8,0.87,329,-0.035,-11.4,39.5,0.94
close,0.38,0.0,0.5,False,atr2.5,fixed2.0,True,518,-0.082,-42.4,24.7,0.85,329,-0.088,-28.9,22.5,0.83
close,0.38,0.0,0.5,False,atr2.5,fixed2.0,False,518,-0.081,-42.1,32.8,0.88,329,-0.056,-18.4,32.5,0.92
close,0.38,0.0,0.5,False,atr3.0,trail3,True,503,-0.049,-24.5,47.9,0.91,320,-0.075,-24.0,48.4,0.85
close,0.38,0.0,0.5,False,atr3.0,trail3,False,503,-0.052,-26.0,48.3,0.9,320,-0.077,-24.6,48.4,0.85
close,0.38,0.0,0.5,False,atr3.0,trail5,True,503,-0.066,-33.1,46.5,0.87,320,-0.044,-13.9,46.9,0.92
close,0.38,0.0,0.5,False,atr3.0,trail5,False,503,-0.071,-35.6,46.7,0.86,320,-0.047,-14.9,46.9,0.91
close,0.38,0.0,0.5,False,atr3.0,trail8,True,503,-0.06,-30.0,42.9,0.88,320,-0.037,-11.7,42.8,0.93
close,0.38,0.0,0.5,False,atr3.0,trail8,False,503,-0.062,-31.2,43.7,0.88,320,-0.037,-11.9,43.8,0.93
close,0.38,0.0,0.5,False,atr3.0,trail12,True,503,-0.054,-27.3,39.0,0.9,320,-0.024,-7.8,40.3,0.95
close,0.38,0.0,0.5,False,atr3.0,trail12,False,503,-0.066,-33.1,40.0,0.88,320,-0.03,-9.5,41.2,0.94
close,0.38,0.0,0.5,False,atr3.0,fixed1.0,True,503,-0.031,-15.7,50.5,0.94,320,-0.03,-9.7,49.4,0.94
close,0.38,0.0,0.5,False,atr3.0,fixed1.0,False,503,-0.031,-15.7,50.5,0.94,320,-0.03,-9.7,49.4,0.94
close,0.38,0.0,0.5,False,atr3.0,fixed1.5,True,503,-0.069,-34.9,31.6,0.87,320,-0.048,-15.4,31.6,0.91
close,0.38,0.0,0.5,False,atr3.0,fixed1.5,False,503,-0.086,-43.1,38.6,0.87,320,-0.079,-25.3,37.5,0.88
close,0.38,0.0,0.5,False,atr3.0,fixed2.0,True,503,-0.062,-31.4,24.7,0.88,320,-0.052,-16.6,24.1,0.9
close,0.38,0.0,0.5,False,atr3.0,fixed2.0,False,503,-0.078,-39.0,33.0,0.89,320,-0.032,-10.3,33.4,0.95
close,0.38,0.0,0.5,False,struct5,trail3,True,515,-0.084,-43.1,45.6,0.84,333,-0.108,-36.1,45.0,0.8
close,0.38,0.0,0.5,False,struct5,trail3,False,515,-0.087,-44.6,46.0,0.84,333,-0.108,-36.0,45.3,0.8
close,0.38,0.0,0.5,False,struct5,trail5,True,515,-0.097,-49.9,43.5,0.82,333,-0.096,-31.8,42.0,0.82
close,0.38,0.0,0.5,False,struct5,trail5,False,515,-0.104,-53.6,44.1,0.81,333,-0.095,-31.6,43.5,0.83
close,0.38,0.0,0.5,False,struct5,trail8,True,515,-0.097,-49.8,39.6,0.82,333,-0.104,-34.6,38.4,0.81
close,0.38,0.0,0.5,False,struct5,trail8,False,515,-0.112,-57.9,40.6,0.8,333,-0.108,-35.9,40.5,0.81
close,0.38,0.0,0.5,False,struct5,trail12,True,515,-0.094,-48.2,34.8,0.83,333,-0.089,-29.6,35.4,0.83
close,0.38,0.0,0.5,False,struct5,trail12,False,515,-0.124,-63.8,35.7,0.78,333,-0.103,-34.3,37.2,0.82
close,0.38,0.0,0.5,False,struct5,fixed1.0,True,515,-0.066,-34.0,49.5,0.88,333,-0.071,-23.6,48.0,0.87
close,0.38,0.0,0.5,False,struct5,fixed1.0,False,515,-0.066,-34.0,49.5,0.88,333,-0.071,-23.6,48.0,0.87
close,0.38,0.0,0.5,False,struct5,fixed1.5,True,515,-0.087,-45.0,32.2,0.84,333,-0.053,-17.7,33.6,0.9
close,0.38,0.0,0.5,False,struct5,fixed1.5,False,515,-0.088,-45.6,39.4,0.86,333,-0.054,-17.9,39.0,0.91
close,0.38,0.0,0.5,False,struct5,fixed2.0,True,515,-0.077,-39.7,25.8,0.86,333,-0.095,-31.7,23.7,0.82
close,0.38,0.0,0.5,False,struct5,fixed2.0,False,515,-0.082,-42.4,34.0,0.88,333,-0.057,-19.0,32.7,0.92
close,0.38,0.0,0.5,True,atr1.5,trail3,True,535,-0.113,-60.7,37.6,0.81,335,-0.061,-20.4,41.5,0.88
close,0.38,0.0,0.5,True,atr1.5,trail3,False,535,-0.113,-60.5,39.1,0.81,335,-0.081,-27.3,41.8,0.85
close,0.38,0.0,0.5,True,atr1.5,trail5,True,535,-0.13,-69.3,34.4,0.78,335,-0.046,-15.6,34.0,0.91
close,0.38,0.0,0.5,True,atr1.5,trail5,False,535,-0.128,-68.3,36.1,0.79,335,-0.063,-21.1,36.4,0.89
close,0.38,0.0,0.5,True,atr1.5,trail8,True,535,-0.117,-62.7,29.5,0.8,335,-0.016,-5.4,30.1,0.97
close,0.38,0.0,0.5,True,atr1.5,trail8,False,535,-0.116,-61.9,31.6,0.82,335,-0.024,-8.0,34.3,0.96
close,0.38,0.0,0.5,True,atr1.5,trail12,True,535,-0.1,-53.5,23.7,0.83,335,0.009,2.9,26.9,1.02
close,0.38,0.0,0.5,True,atr1.5,trail12,False,535,-0.107,-57.5,26.0,0.84,335,-0.015,-5.1,30.7,0.97
close,0.38,0.0,0.5,True,atr1.5,fixed1.0,True,535,-0.151,-80.7,46.2,0.74,335,-0.013,-4.4,51.9,0.97
close,0.38,0.0,0.5,True,atr1.5,fixed1.0,False,535,-0.151,-80.7,46.2,0.74,335,-0.013,-4.4,51.9,0.97
close,0.38,0.0,0.5,True,atr1.5,fixed1.5,True,535,-0.105,-56.3,33.8,0.82,335,-0.02,-6.8,34.0,0.96
close,0.38,0.0,0.5,True,atr1.5,fixed1.5,False,535,-0.086,-46.3,39.6,0.87,335,-0.058,-19.3,39.7,0.91
close,0.38,0.0,0.5,True,atr1.5,fixed2.0,True,535,-0.115,-61.7,24.9,0.81,335,-0.013,-4.4,26.0,0.97
close,0.38,0.0,0.5,True,atr1.5,fixed2.0,False,535,-0.064,-34.1,33.8,0.91,335,-0.023,-7.6,34.3,0.97
close,0.38,0.0,0.5,True,atr2.0,trail3,True,523,-0.096,-50.1,43.0,0.83,335,-0.074,-24.7,44.8,0.86
close,0.38,0.0,0.5,True,atr2.0,trail3,False,523,-0.096,-50.4,43.8,0.83,335,-0.079,-26.4,45.1,0.85
close,0.38,0.0,0.5,True,atr2.0,trail5,True,523,-0.113,-59.1,39.4,0.8,335,-0.034,-11.5,41.5,0.94
close,0.38,0.0,0.5,True,atr2.0,trail5,False,523,-0.113,-59.0,40.3,0.8,335,-0.035,-11.6,43.0,0.94
close,0.38,0.0,0.5,True,atr2.0,trail8,True,523,-0.115,-60.2,34.4,0.79,335,-0.031,-10.6,37.6,0.94
close,0.38,0.0,0.5,True,atr2.0,trail8,False,523,-0.105,-54.7,36.5,0.82,335,-0.035,-11.8,39.4,0.94
close,0.38,0.0,0.5,True,atr2.0,trail12,True,523,-0.111,-58.0,29.4,0.8,335,0.011,3.8,34.3,1.02
close,0.38,0.0,0.5,True,atr2.0,trail12,False,523,-0.107,-56.1,31.7,0.82,335,-0.001,-0.4,36.1,1.0
close,0.38,0.0,0.5,True,atr2.0,fixed1.0,True,523,-0.097,-50.7,48.2,0.82,335,-0.054,-18.1,49.3,0.9
close,0.38,0.0,0.5,True,atr2.0,fixed1.0,False,523,-0.097,-50.7,48.2,0.82,335,-0.054,-18.1,49.3,0.9
close,0.38,0.0,0.5,True,atr2.0,fixed1.5,True,523,-0.085,-44.6,32.9,0.85,335,-0.027,-8.9,34.6,0.95
close,0.38,0.0,0.5,True,atr2.0,fixed1.5,False,523,-0.055,-28.9,40.3,0.91,335,-0.002,-0.6,41.5,1.0
close,0.38,0.0,0.5,True,atr2.0,fixed2.0,True,523,-0.082,-42.8,24.9,0.86,335,-0.046,-15.6,25.1,0.91
close,0.38,0.0,0.5,True,atr2.0,fixed2.0,False,523,-0.081,-42.3,32.9,0.89,335,-0.03,-10.1,33.4,0.96
close,0.38,0.0,0.5,True,atr2.5,trail3,True,506,-0.07,-35.3,45.8,0.87,325,-0.083,-27.0,47.1,0.84
close,0.38,0.0,0.5,True,atr2.5,trail3,False,506,-0.075,-37.9,45.8,0.86,325,-0.086,-28.0,47.1,0.83
close,0.38,0.0,0.5,True,atr2.5,trail5,True,506,-0.087,-43.8,43.5,0.84,325,-0.055,-18.0,45.5,0.89
close,0.38,0.0,0.5,True,atr2.5,trail5,False,506,-0.097,-48.9,43.5,0.82,325,-0.056,-18.2,46.2,0.89
close,0.38,0.0,0.5,True,atr2.5,trail8,True,506,-0.079,-39.9,39.7,0.85,325,-0.052,-16.8,40.6,0.9
close,0.38,0.0,0.5,True,atr2.5,trail8,False,506,-0.085,-43.0,40.5,0.85,325,-0.051,-16.5,42.2,0.9
close,0.38,0.0,0.5,True,atr2.5,trail12,True,506,-0.078,-39.7,35.2,0.86,325,-0.025,-8.2,37.5,0.95
close,0.38,0.0,0.5,True,atr2.5,trail12,False,506,-0.09,-45.5,36.4,0.84,325,-0.027,-8.8,39.4,0.95
close,0.38,0.0,0.5,True,atr2.5,fixed1.0,True,506,-0.071,-35.9,49.0,0.87,325,-0.038,-12.2,49.5,0.93
close,0.38,0.0,0.5,True,atr2.5,fixed1.0,False,506,-0.071,-35.9,49.0,0.87,325,-0.038,-12.2,49.5,0.93
close,0.38,0.0,0.5,True,atr2.5,fixed1.5,True,506,-0.068,-34.4,33.0,0.87,325,-0.045,-14.8,32.6,0.91
close,0.38,0.0,0.5,True,atr2.5,fixed1.5,False,506,-0.077,-39.0,39.1,0.88,325,-0.023,-7.3,40.0,0.96
close,0.38,0.0,0.5,True,atr2.5,fixed2.0,True,506,-0.077,-38.9,24.7,0.86,325,-0.088,-28.8,22.5,0.83
close,0.38,0.0,0.5,True,atr2.5,fixed2.0,False,506,-0.076,-38.5,33.0,0.89,325,-0.053,-17.3,32.6,0.92
close,0.38,0.0,0.5,True,atr3.0,trail3,True,493,-0.044,-21.7,48.3,0.91,316,-0.073,-23.2,48.4,0.86
close,0.38,0.0,0.5,True,atr3.0,trail3,False,493,-0.045,-22.3,48.7,0.91,316,-0.075,-23.8,48.4,0.85
close,0.38,0.0,0.5,True,atr3.0,trail5,True,493,-0.066,-32.6,46.9,0.87,316,-0.04,-12.5,46.8,0.92
close,0.38,0.0,0.5,True,atr3.0,trail5,False,493,-0.069,-34.1,47.1,0.87,316,-0.043,-13.5,46.8,0.92
close,0.38,0.0,0.5,True,atr3.0,trail8,True,493,-0.059,-29.1,43.2,0.89,316,-0.033,-10.4,42.7,0.94
close,0.38,0.0,0.5,True,atr3.0,trail8,False,493,-0.06,-29.4,44.0,0.89,316,-0.033,-10.5,43.7,0.94
close,0.38,0.0,0.5,True,atr3.0,trail12,True,493,-0.058,-28.5,39.1,0.89,316,-0.019,-6.0,40.5,0.96
close,0.38,0.0,0.5,True,atr3.0,trail12,False,493,-0.067,-33.3,40.2,0.87,316,-0.024,-7.6,41.5,0.95
close,0.38,0.0,0.5,True,atr3.0,fixed1.0,True,493,-0.027,-13.3,50.7,0.95,316,-0.03,-9.6,49.4,0.94
close,0.38,0.0,0.5,True,atr3.0,fixed1.0,False,493,-0.027,-13.3,50.7,0.95,316,-0.03,-9.6,49.4,0.94
close,0.38,0.0,0.5,True,atr3.0,fixed1.5,True,493,-0.07,-34.5,31.4,0.87,316,-0.047,-14.8,31.6,0.91
close,0.38,0.0,0.5,True,atr3.0,fixed1.5,False,493,-0.087,-42.7,38.5,0.86,316,-0.075,-23.7,37.7,0.88
close,0.38,0.0,0.5,True,atr3.0,fixed2.0,True,493,-0.063,-31.0,24.5,0.88,316,-0.048,-15.3,24.1,0.91
close,0.38,0.0,0.5,True,atr3.0,fixed2.0,False,493,-0.076,-37.6,33.1,0.89,316,-0.025,-8.0,33.5,0.96
close,0.38,0.0,0.5,True,struct5,trail3,True,504,-0.08,-40.1,46.2,0.85,328,-0.099,-32.5,45.7,0.81
close,0.38,0.0,0.5,True,struct5,trail3,False,504,-0.083,-41.7,46.6,0.85,328,-0.103,-33.7,45.7,0.81
close,0.38,0.0,0.5,True,struct5,trail5,True,504,-0.099,-50.1,44.0,0.81,328,-0.086,-28.1,42.7,0.84
close,0.38,0.0,0.5,True,struct5,trail5,False,504,-0.106,-53.4,44.6,0.8,328,-0.086,-28.2,43.9,0.84
close,0.38,0.0,0.5,True,struct5,trail8,True,504,-0.098,-49.5,40.1,0.82,328,-0.094,-31.0,39.0,0.82
close,0.38,0.0,0.5,True,struct5,trail8,False,504,-0.113,-56.7,41.1,0.8,328,-0.099,-32.6,40.9,0.82
close,0.38,0.0,0.5,True,struct5,trail12,True,504,-0.103,-51.8,35.1,0.81,328,-0.081,-26.4,36.0,0.85
close,0.38,0.0,0.5,True,struct5,trail12,False,504,-0.132,-66.6,36.1,0.77,328,-0.095,-31.0,37.8,0.83
close,0.38,0.0,0.5,True,struct5,fixed1.0,True,504,-0.056,-28.1,50.0,0.89,328,-0.064,-21.0,48.5,0.88
close,0.38,0.0,0.5,True,struct5,fixed1.0,False,504,-0.056,-28.1,50.0,0.89,328,-0.064,-21.0,48.5,0.88
close,0.38,0.0,0.5,True,struct5,fixed1.5,True,504,-0.078,-39.1,32.5,0.86,328,-0.051,-16.6,33.5,0.91
close,0.38,0.0,0.5,True,struct5,fixed1.5,False,504,-0.077,-38.6,39.9,0.88,328,-0.049,-16.1,39.0,0.92
close,0.38,0.0,0.5,True,struct5,fixed2.0,True,504,-0.069,-34.8,26.0,0.87,328,-0.095,-31.1,23.5,0.82
close,0.38,0.0,0.5,True,struct5,fixed2.0,False,504,-0.072,-36.5,34.3,0.9,328,-0.055,-18.2,32.6,0.92
close,0.38,0.2,0.0,False,atr1.5,trail3,True,550,-0.135,-74.4,36.4,0.77,337,-0.09,-30.3,40.4,0.83
close,0.38,0.2,0.0,False,atr1.5,trail3,False,550,-0.135,-74.4,37.8,0.78,337,-0.111,-37.3,40.7,0.8
close,0.38,0.2,0.0,False,atr1.5,trail5,True,550,-0.149,-82.0,33.3,0.75,337,-0.073,-24.5,33.2,0.86
close,0.38,0.2,0.0,False,atr1.5,trail5,False,550,-0.148,-81.4,34.9,0.76,337,-0.087,-29.4,35.6,0.84
close,0.38,0.2,0.0,False,atr1.5,trail8,True,550,-0.136,-74.7,28.7,0.78,337,-0.039,-13.1,29.4,0.93
close,0.38,0.2,0.0,False,atr1.5,trail8,False,550,-0.135,-74.5,30.7,0.79,337,-0.043,-14.5,33.5,0.93
close,0.38,0.2,0.0,False,atr1.5,trail12,True,550,-0.117,-64.5,23.1,0.81,337,-0.012,-4.1,26.4,0.98
close,0.38,0.2,0.0,False,atr1.5,trail12,False,550,-0.125,-68.6,25.3,0.81,337,-0.033,-11.1,30.3,0.94
close,0.38,0.2,0.0,False,atr1.5,fixed1.0,True,550,-0.175,-96.4,44.9,0.7,337,-0.037,-12.5,50.7,0.93
close,0.38,0.2,0.0,False,atr1.5,fixed1.0,False,550,-0.175,-96.4,44.9,0.7,337,-0.037,-12.5,50.7,0.93
close,0.38,0.2,0.0,False,atr1.5,fixed1.5,True,550,-0.128,-70.4,33.1,0.79,337,-0.039,-13.3,33.5,0.93
close,0.38,0.2,0.0,False,atr1.5,fixed1.5,False,550,-0.115,-63.3,38.4,0.83,337,-0.063,-21.3,39.5,0.9
close,0.38,0.2,0.0,False,atr1.5,fixed2.0,True,550,-0.144,-79.3,24.0,0.76,337,-0.04,-13.4,25.2,0.93
close,0.38,0.2,0.0,False,atr1.5,fixed2.0,False,550,-0.113,-62.3,32.2,0.84,337,-0.037,-12.6,33.8,0.95
close,0.38,0.2,0.0,False,atr2.0,trail3,True,539,-0.12,-64.6,41.7,0.79,338,-0.078,-26.4,44.4,0.85
close,0.38,0.2,0.0,False,atr2.0,trail3,False,539,-0.12,-64.7,42.5,0.79,338,-0.083,-28.1,44.7,0.85
close,0.38,0.2,0.0,False,atr2.0,trail5,True,539,-0.133,-71.8,38.2,0.77,338,-0.039,-13.1,41.1,0.93
close,0.38,0.2,0.0,False,atr2.0,trail5,False,539,-0.133,-71.9,39.1,0.77,338,-0.039,-13.2,42.6,0.93
close,0.38,0.2,0.0,False,atr2.0,trail8,True,539,-0.135,-73.0,33.4,0.76,338,-0.035,-11.7,37.3,0.94
close,0.38,0.2,0.0,False,atr2.0,trail8,False,539,-0.126,-67.9,35.4,0.79,338,-0.038,-12.8,39.1,0.93
close,0.38,0.2,0.0,False,atr2.0,trail12,True,539,-0.131,-70.6,28.6,0.77,338,0.008,2.6,34.0,1.01
close,0.38,0.2,0.0,False,atr2.0,trail12,False,539,-0.128,-69.2,30.8,0.79,338,-0.005,-1.5,35.8,0.99
close,0.38,0.2,0.0,False,atr2.0,fixed1.0,True,539,-0.125,-67.4,46.8,0.78,338,-0.061,-20.5,48.8,0.89
close,0.38,0.2,0.0,False,atr2.0,fixed1.0,False,539,-0.125,-67.4,46.8,0.78,338,-0.061,-20.5,48.8,0.89
close,0.38,0.2,0.0,False,atr2.0,fixed1.5,True,539,-0.118,-63.4,31.7,0.8,338,-0.031,-10.5,34.6,0.94
close,0.38,0.2,0.0,False,atr2.0,fixed1.5,False,539,-0.099,-53.5,38.6,0.85,338,-0.011,-3.6,41.1,0.98
close,0.38,0.2,0.0,False,atr2.0,fixed2.0,True,539,-0.112,-60.5,24.1,0.81,338,-0.043,-14.6,25.4,0.92
close,0.38,0.2,0.0,False,atr2.0,fixed2.0,False,539,-0.128,-68.9,31.4,0.82,338,-0.012,-4.2,34.0,0.98
close,0.38,0.2,0.0,False,atr2.5,trail3,True,519,-0.097,-50.4,44.5,0.82,330,-0.088,-29.2,47.0,0.83
close,0.38,0.2,0.0,False,atr2.5,trail3,False,519,-0.102,-52.8,44.5,0.82,330,-0.092,-30.3,47.0,0.83
close,0.38,0.2,0.0,False,atr2.5,trail5,True,519,-0.11,-57.3,42.2,0.8,330,-0.061,-20.1,45.5,0.88
close,0.38,0.2,0.0,False,atr2.5,trail5,False,519,-0.12,-62.3,42.2,0.79,330,-0.062,-20.4,46.1,0.88
close,0.38,0.2,0.0,False,atr2.5,trail8,True,519,-0.103,-53.4,38.5,0.82,330,-0.057,-18.7,40.3,0.89
close,0.38,0.2,0.0,False,atr2.5,trail8,False,519,-0.108,-56.3,39.3,0.81,330,-0.056,-18.4,41.8,0.9
close,0.38,0.2,0.0,False,atr2.5,trail12,True,519,-0.102,-52.8,34.1,0.82,330,-0.031,-10.2,37.3,0.94
close,0.38,0.2,0.0,False,atr2.5,trail12,False,519,-0.113,-58.5,35.3,0.81,330,-0.033,-11.0,39.1,0.94
close,0.38,0.2,0.0,False,atr2.5,fixed1.0,True,519,-0.101,-52.4,47.4,0.82,330,-0.041,-13.4,49.4,0.92
close,0.38,0.2,0.0,False,atr2.5,fixed1.0,False,519,-0.101,-52.4,47.4,0.82,330,-0.041,-13.4,49.4,0.92
close,0.38,0.2,0.0,False,atr2.5,fixed1.5,True,519,-0.096,-50.0,32.0,0.83,330,-0.054,-17.9,32.1,0.9
close,0.38,0.2,0.0,False,atr2.5,fixed1.5,False,519,-0.115,-59.8,37.6,0.82,330,-0.038,-12.5,39.4,0.94
close,0.38,0.2,0.0,False,atr2.5,fixed2.0,True,519,-0.101,-52.4,24.1,0.82,330,-0.085,-27.9,22.7,0.84
close,0.38,0.2,0.0,False,atr2.5,fixed2.0,False,519,-0.117,-60.9,31.6,0.84,330,-0.05,-16.4,32.7,0.93
close,0.38,0.2,0.0,False,atr3.0,trail3,True,507,-0.069,-35.0,46.7,0.87,321,-0.081,-25.9,48.0,0.84
close,0.38,0.2,0.0,False,atr3.0,trail3,False,507,-0.072,-36.5,47.1,0.86,321,-0.082,-26.5,48.0,0.84
close,0.38,0.2,0.0,False,atr3.0,trail5,True,507,-0.088,-44.7,45.4,0.83,321,-0.048,-15.3,46.4,0.91
close,0.38,0.2,0.0,False,atr3.0,trail5,False,507,-0.093,-47.2,45.6,0.83,321,-0.051,-16.2,46.4,0.9
close,0.38,0.2,0.0,False,atr3.0,trail8,True,507,-0.082,-41.7,41.8,0.84,321,-0.039,-12.5,42.7,0.92
close,0.38,0.2,0.0,False,atr3.0,trail8,False,507,-0.085,-42.9,42.6,0.84,321,-0.039,-12.5,43.6,0.93
close,0.38,0.2,0.0,False,atr3.0,trail12,True,507,-0.081,-41.1,37.7,0.85,321,-0.025,-8.1,40.5,0.95
close,0.38,0.2,0.0,False,atr3.0,trail12,False,507,-0.093,-47.0,38.7,0.83,321,-0.03,-9.6,41.4,0.94
close,0.38,0.2,0.0,False,atr3.0,fixed1.0,True,507,-0.053,-26.7,49.3,0.9,321,-0.04,-12.7,48.9,0.92
close,0.38,0.2,0.0,False,atr3.0,fixed1.0,False,507,-0.053,-26.7,49.3,0.9,321,-0.04,-12.7,48.9,0.92
close,0.38,0.2,0.0,False,atr3.0,fixed1.5,True,507,-0.09,-45.6,31.0,0.83,321,-0.045,-14.4,32.1,0.91
close,0.38,0.2,0.0,False,atr3.0,fixed1.5,False,507,-0.116,-59.0,37.3,0.82,321,-0.066,-21.3,38.0,0.89
close,0.38,0.2,0.0,False,atr3.0,fixed2.0,True,507,-0.086,-43.6,24.1,0.84,321,-0.055,-17.5,24.3,0.9
close,0.38,0.2,0.0,False,atr3.0,fixed2.0,False,507,-0.114,-57.9,31.8,0.84,321,-0.029,-9.2,33.6,0.96
close,0.38,0.2,0.0,False,struct5,trail3,True,518,-0.105,-54.3,44.6,0.81,330,-0.1,-33.2,45.5,0.81
close,0.38,0.2,0.0,False,struct5,trail3,False,518,-0.108,-55.7,45.0,0.81,330,-0.104,-34.4,45.5,0.81
close,0.38,0.2,0.0,False,struct5,trail5,True,518,-0.123,-63.6,42.5,0.78,330,-0.086,-28.4,42.4,0.84
close,0.38,0.2,0.0,False,struct5,trail5,False,518,-0.13,-67.1,43.1,0.77,330,-0.086,-28.5,43.6,0.84
close,0.38,0.2,0.0,False,struct5,trail8,True,518,-0.12,-62.3,38.6,0.78,330,-0.095,-31.2,39.1,0.82
close,0.38,0.2,0.0,False,struct5,trail8,False,518,-0.135,-70.1,39.6,0.76,330,-0.098,-32.5,40.9,0.82
close,0.38,0.2,0.0,False,struct5,trail12,True,518,-0.122,-63.4,34.0,0.78,330,-0.08,-26.5,36.1,0.85
close,0.38,0.2,0.0,False,struct5,trail12,False,518,-0.152,-78.5,34.9,0.74,330,-0.093,-30.8,37.9,0.83
close,0.38,0.2,0.0,False,struct5,fixed1.0,True,518,-0.092,-47.6,48.3,0.83,330,-0.068,-22.4,48.2,0.87
close,0.38,0.2,0.0,False,struct5,fixed1.0,False,518,-0.092,-47.6,48.3,0.83,330,-0.068,-22.4,48.2,0.87
close,0.38,0.2,0.0,False,struct5,fixed1.5,True,518,-0.107,-55.6,31.9,0.81,330,-0.049,-16.2,33.9,0.91
close,0.38,0.2,0.0,False,struct5,fixed1.5,False,518,-0.117,-60.7,38.2,0.82,330,-0.054,-17.9,39.1,0.91
close,0.38,0.2,0.0,False,struct5,fixed2.0,True,518,-0.099,-51.3,25.5,0.82,330,-0.081,-26.8,24.5,0.85
close,0.38,0.2,0.0,False,struct5,fixed2.0,False,518,-0.122,-63.1,32.6,0.83,330,-0.042,-14.0,33.3,0.94
close,0.38,0.2,0.0,True,atr1.5,trail3,True,542,-0.124,-67.4,37.1,0.79,334,-0.065,-21.6,41.3,0.87
close,0.38,0.2,0.0,True,atr1.5,trail3,False,542,-0.124,-67.0,38.6,0.8,334,-0.085,-28.5,41.6,0.84
close,0.38,0.2,0.0,True,atr1.5,trail5,True,542,-0.147,-79.5,33.9,0.75,334,-0.05,-16.7,34.1,0.9
close,0.38,0.2,0.0,True,atr1.5,trail5,False,542,-0.144,-78.0,35.6,0.77,334,-0.065,-21.6,36.5,0.88
close,0.38,0.2,0.0,True,atr1.5,trail8,True,542,-0.133,-71.9,29.3,0.78,334,-0.018,-5.9,30.2,0.97
close,0.38,0.2,0.0,True,atr1.5,trail8,False,542,-0.13,-70.4,31.4,0.8,334,-0.021,-7.1,34.4,0.96
close,0.38,0.2,0.0,True,atr1.5,trail12,True,542,-0.115,-62.3,23.4,0.81,334,0.006,2.1,26.9,1.01
close,0.38,0.2,0.0,True,atr1.5,trail12,False,542,-0.12,-65.0,25.6,0.82,334,-0.014,-4.8,30.8,0.98
close,0.38,0.2,0.0,True,atr1.5,fixed1.0,True,542,-0.166,-89.7,45.4,0.72,334,-0.022,-7.3,51.5,0.96
close,0.38,0.2,0.0,True,atr1.5,fixed1.0,False,542,-0.166,-89.7,45.4,0.72,334,-0.022,-7.3,51.5,0.96
close,0.38,0.2,0.0,True,atr1.5,fixed1.5,True,542,-0.119,-64.3,33.4,0.8,334,-0.023,-7.6,34.1,0.96
close,0.38,0.2,0.0,True,atr1.5,fixed1.5,False,542,-0.106,-57.2,38.7,0.84,334,-0.039,-13.2,40.4,0.94
close,0.38,0.2,0.0,True,atr1.5,fixed2.0,True,542,-0.132,-71.7,24.4,0.78,334,-0.022,-7.3,25.7,0.96
close,0.38,0.2,0.0,True,atr1.5,fixed2.0,False,542,-0.099,-53.7,32.7,0.86,334,-0.01,-3.5,34.7,0.98
close,0.38,0.2,0.0,True,atr2.0,trail3,True,530,-0.104,-55.4,42.6,0.81,333,-0.073,-24.4,44.7,0.86
close,0.38,0.2,0.0,True,atr2.0,trail3,False,530,-0.105,-55.5,43.4,0.82,333,-0.078,-26.1,45.0,0.85
close,0.38,0.2,0.0,True,atr2.0,trail5,True,530,-0.125,-66.2,39.1,0.78,333,-0.033,-10.9,41.4,0.94
close,0.38,0.2,0.0,True,atr2.0,trail5,False,530,-0.124,-66.0,40.0,0.78,333,-0.033,-11.0,42.9,0.94
close,0.38,0.2,0.0,True,atr2.0,trail8,True,530,-0.127,-67.2,34.2,0.78,333,-0.028,-9.5,37.5,0.95
close,0.38,0.2,0.0,True,atr2.0,trail8,False,530,-0.116,-61.5,36.2,0.8,333,-0.032,-10.5,39.3,0.94
close,0.38,0.2,0.0,True,atr2.0,trail12,True,530,-0.122,-64.8,29.2,0.78,333,0.014,4.8,34.2,1.03
close,0.38,0.2,0.0,True,atr2.0,trail12,False,530,-0.118,-62.8,31.5,0.81,333,0.002,0.6,36.0,1.0
close,0.38,0.2,0.0,True,atr2.0,fixed1.0,True,530,-0.109,-57.9,47.5,0.8,333,-0.054,-18.0,49.2,0.9
close,0.38,0.2,0.0,True,atr2.0,fixed1.0,False,530,-0.109,-57.9,47.5,0.8,333,-0.054,-18.0,49.2,0.9
close,0.38,0.2,0.0,True,atr2.0,fixed1.5,True,530,-0.099,-52.4,32.5,0.83,333,-0.028,-9.3,34.5,0.95
close,0.38,0.2,0.0,True,atr2.0,fixed1.5,False,530,-0.078,-41.4,39.4,0.88,333,-0.003,-0.9,41.4,1.0
close,0.38,0.2,0.0,True,atr2.0,fixed2.0,True,530,-0.092,-48.9,24.7,0.84,333,-0.049,-16.4,24.9,0.91
close,0.38,0.2,0.0,True,atr2.0,fixed2.0,False,530,-0.106,-56.3,32.1,0.85,333,-0.015,-5.0,33.9,0.98
close,0.38,0.2,0.0,True,atr2.5,trail3,True,509,-0.083,-42.3,45.2,0.85,326,-0.079,-25.7,46.9,0.85
close,0.38,0.2,0.0,True,atr2.5,trail3,False,509,-0.088,-44.7,45.2,0.84,326,-0.082,-26.8,46.9,0.84
close,0.38,0.2,0.0,True,atr2.5,trail5,True,509,-0.103,-52.4,42.8,0.81,326,-0.051,-16.5,45.4,0.9
close,0.38,0.2,0.0,True,atr2.5,trail5,False,509,-0.113,-57.3,42.8,0.8,326,-0.051,-16.7,46.0,0.9
close,0.38,0.2,0.0,True,atr2.5,trail8,True,509,-0.095,-48.2,39.1,0.83,326,-0.046,-14.9,40.5,0.91
close,0.38,0.2,0.0,True,atr2.5,trail8,False,509,-0.1,-51.1,39.9,0.82,326,-0.045,-14.6,42.0,0.92
close,0.38,0.2,0.0,True,atr2.5,trail12,True,509,-0.094,-47.7,34.6,0.83,326,-0.019,-6.1,37.4,0.96
close,0.38,0.2,0.0,True,atr2.5,trail12,False,509,-0.105,-53.4,35.8,0.82,326,-0.021,-6.8,39.3,0.96
close,0.38,0.2,0.0,True,atr2.5,fixed1.0,True,509,-0.086,-43.9,48.1,0.84,326,-0.041,-13.3,49.4,0.92
close,0.38,0.2,0.0,True,atr2.5,fixed1.0,False,509,-0.086,-43.9,48.1,0.84,326,-0.041,-13.3,49.4,0.92
close,0.38,0.2,0.0,True,atr2.5,fixed1.5,True,509,-0.083,-42.0,32.4,0.85,326,-0.048,-15.8,32.5,0.91
close,0.38,0.2,0.0,True,atr2.5,fixed1.5,False,509,-0.102,-51.8,38.1,0.84,326,-0.026,-8.4,39.9,0.96
close,0.38,0.2,0.0,True,atr2.5,fixed2.0,True,509,-0.088,-44.9,24.4,0.84,326,-0.085,-27.8,22.7,0.84
close,0.38,0.2,0.0,True,atr2.5,fixed2.0,False,509,-0.105,-53.4,32.0,0.85,326,-0.047,-15.3,32.8,0.93
close,0.38,0.2,0.0,True,atr3.0,trail3,True,498,-0.058,-28.8,47.4,0.89,318,-0.071,-22.6,48.1,0.86
close,0.38,0.2,0.0,True,atr3.0,trail3,False,498,-0.059,-29.4,47.8,0.89,318,-0.073,-23.1,48.1,0.86
close,0.38,0.2,0.0,True,atr3.0,trail5,True,498,-0.083,-41.2,46.0,0.84,318,-0.037,-11.8,46.5,0.93
close,0.38,0.2,0.0,True,atr3.0,trail5,False,498,-0.086,-42.6,46.2,0.84,318,-0.04,-12.8,46.5,0.92
close,0.38,0.2,0.0,True,atr3.0,trail8,True,498,-0.076,-37.9,42.4,0.85,318,-0.029,-9.1,42.8,0.94
close,0.38,0.2,0.0,True,atr3.0,trail8,False,498,-0.077,-38.2,43.2,0.86,318,-0.029,-9.1,43.7,0.95
close,0.38,0.2,0.0,True,atr3.0,trail12,True,498,-0.075,-37.3,38.2,0.86,318,-0.014,-4.4,40.6,0.97
close,0.38,0.2,0.0,True,atr3.0,trail12,False,498,-0.085,-42.3,39.2,0.84,318,-0.018,-5.8,41.5,0.97
close,0.38,0.2,0.0,True,atr3.0,fixed1.0,True,498,-0.043,-21.3,49.8,0.92,318,-0.037,-11.6,49.1,0.93
close,0.38,0.2,0.0,True,atr3.0,fixed1.0,False,498,-0.043,-21.3,49.8,0.92,318,-0.037,-11.6,49.1,0.93
close,0.38,0.2,0.0,True,atr3.0,fixed1.5,True,498,-0.083,-41.2,31.1,0.84,318,-0.043,-13.8,32.1,0.92
close,0.38,0.2,0.0,True,atr3.0,fixed1.5,False,498,-0.11,-54.7,37.6,0.83,318,-0.065,-20.7,38.1,0.9
close,0.38,0.2,0.0,True,atr3.0,fixed2.0,True,498,-0.077,-38.2,24.3,0.86,318,-0.051,-16.2,24.2,0.9
close,0.38,0.2,0.0,True,atr3.0,fixed2.0,False,498,-0.104,-51.6,32.1,0.85,318,-0.025,-7.9,33.6,0.96
close,0.38,0.2,0.0,True,struct5,trail3,True,509,-0.092,-46.6,45.4,0.83,326,-0.087,-28.3,46.0,0.83
close,0.38,0.2,0.0,True,struct5,trail3,False,509,-0.094,-48.0,45.8,0.83,326,-0.091,-29.6,46.0,0.83
close,0.38,0.2,0.0,True,struct5,trail5,True,509,-0.117,-59.6,43.2,0.78,326,-0.071,-23.3,42.9,0.86
close,0.38,0.2,0.0,True,struct5,trail5,False,509,-0.123,-62.8,43.8,0.78,326,-0.072,-23.4,44.2,0.87
close,0.38,0.2,0.0,True,struct5,trail8,True,509,-0.114,-58.1,39.3,0.79,326,-0.08,-26.2,39.6,0.85
close,0.38,0.2,0.0,True,struct5,trail8,False,509,-0.128,-65.2,40.3,0.77,326,-0.084,-27.4,41.4,0.85
close,0.38,0.2,0.0,True,struct5,trail12,True,509,-0.116,-59.2,34.6,0.79,326,-0.067,-21.7,36.5,0.87
close,0.38,0.2,0.0,True,struct5,trail12,False,509,-0.145,-73.6,35.6,0.75,326,-0.08,-26.0,38.3,0.86
close,0.38,0.2,0.0,True,struct5,fixed1.0,True,509,-0.078,-39.8,48.9,0.85,326,-0.058,-18.8,48.8,0.89
close,0.38,0.2,0.0,True,struct5,fixed1.0,False,509,-0.078,-39.8,48.9,0.85,326,-0.058,-18.8,48.8,0.89
close,0.38,0.2,0.0,True,struct5,fixed1.5,True,509,-0.092,-46.8,32.4,0.83,326,-0.046,-15.1,33.7,0.91
close,0.38,0.2,0.0,True,struct5,fixed1.5,False,509,-0.1,-51.0,38.9,0.84,326,-0.045,-14.6,39.3,0.93
close,0.38,0.2,0.0,True,struct5,fixed2.0,True,509,-0.084,-42.5,25.9,0.85,326,-0.08,-26.2,24.2,0.85
close,0.38,0.2,0.0,True,struct5,fixed2.0,False,509,-0.105,-53.3,33.2,0.85,326,-0.034,-11.2,33.4,0.95
close,0.38,0.2,0.25,False,atr1.5,trail3,True,550,-0.135,-74.4,36.4,0.77,336,-0.087,-29.3,40.5,0.83
close,0.38,0.2,0.25,False,atr1.5,trail3,False,550,-0.135,-74.4,37.8,0.78,336,-0.108,-36.3,40.8,0.8
close,0.38,0.2,0.25,False,atr1.5,trail5,True,550,-0.149,-82.0,33.3,0.75,336,-0.07,-23.4,33.3,0.87
close,0.38,0.2,0.25,False,atr1.5,trail5,False,550,-0.148,-81.4,34.9,0.76,336,-0.085,-28.4,35.7,0.85
close,0.38,0.2,0.25,False,atr1.5,trail8,True,550,-0.136,-74.7,28.7,0.78,336,-0.036,-12.1,29.5,0.93
close,0.38,0.2,0.25,False,atr1.5,trail8,False,550,-0.135,-74.5,30.7,0.79,336,-0.04,-13.4,33.6,0.93
close,0.38,0.2,0.25,False,atr1.5,trail12,True,550,-0.117,-64.5,23.1,0.81,336,-0.009,-3.1,26.5,0.98
close,0.38,0.2,0.25,False,atr1.5,trail12,False,550,-0.125,-68.6,25.3,0.81,336,-0.03,-10.1,30.4,0.95
close,0.38,0.2,0.25,False,atr1.5,fixed1.0,True,550,-0.175,-96.4,44.9,0.7,336,-0.034,-11.4,50.9,0.93
close,0.38,0.2,0.25,False,atr1.5,fixed1.0,False,550,-0.175,-96.4,44.9,0.7,336,-0.034,-11.4,50.9,0.93
close,0.38,0.2,0.25,False,atr1.5,fixed1.5,True,550,-0.128,-70.4,33.1,0.79,336,-0.036,-12.3,33.6,0.93
close,0.38,0.2,0.25,False,atr1.5,fixed1.5,False,550,-0.115,-63.3,38.4,0.83,336,-0.06,-20.3,39.6,0.9
close,0.38,0.2,0.25,False,atr1.5,fixed2.0,True,550,-0.144,-79.3,24.0,0.76,336,-0.037,-12.4,25.3,0.93
close,0.38,0.2,0.25,False,atr1.5,fixed2.0,False,550,-0.113,-62.3,32.2,0.84,336,-0.035,-11.6,33.9,0.95
close,0.38,0.2,0.25,False,atr2.0,trail3,True,539,-0.12,-64.6,41.7,0.79,337,-0.075,-25.4,44.5,0.86
close,0.38,0.2,0.25,False,atr2.0,trail3,False,539,-0.12,-64.7,42.5,0.79,337,-0.081,-27.1,44.8,0.85
close,0.38,0.2,0.25,False,atr2.0,trail5,True,539,-0.133,-71.8,38.2,0.77,337,-0.036,-12.1,41.2,0.93
close,0.38,0.2,0.25,False,atr2.0,trail5,False,539,-0.133,-71.9,39.1,0.77,337,-0.036,-12.2,42.7,0.93
close,0.38,0.2,0.25,False,atr2.0,trail8,True,539,-0.135,-73.0,33.4,0.76,337,-0.032,-10.7,37.4,0.94
close,0.38,0.2,0.25,False,atr2.0,trail8,False,539,-0.126,-67.9,35.4,0.79,337,-0.035,-11.8,39.2,0.94
close,0.38,0.2,0.25,False,atr2.0,trail12,True,539,-0.131,-70.6,28.6,0.77,337,0.011,3.7,34.1,1.02
close,0.38,0.2,0.25,False,atr2.0,trail12,False,539,-0.128,-69.2,30.8,0.79,337,-0.002,-0.5,35.9,1.0
close,0.38,0.2,0.25,False,atr2.0,fixed1.0,True,539,-0.125,-67.4,46.8,0.78,337,-0.058,-19.5,49.0,0.89
close,0.38,0.2,0.25,False,atr2.0,fixed1.0,False,539,-0.125,-67.4,46.8,0.78,337,-0.058,-19.5,49.0,0.89
close,0.38,0.2,0.25,False,atr2.0,fixed1.5,True,539,-0.118,-63.4,31.7,0.8,337,-0.028,-9.5,34.7,0.95
close,0.38,0.2,0.25,False,atr2.0,fixed1.5,False,539,-0.099,-53.5,38.6,0.85,337,-0.008,-2.6,41.2,0.99
close,0.38,0.2,0.25,False,atr2.0,fixed2.0,True,539,-0.112,-60.5,24.1,0.81,337,-0.04,-13.6,25.5,0.93
close,0.38,0.2,0.25,False,atr2.0,fixed2.0,False,539,-0.128,-68.9,31.4,0.82,337,-0.009,-3.2,34.1,0.99
close,0.38,0.2,0.25,False,atr2.5,trail3,True,519,-0.097,-50.4,44.5,0.82,329,-0.086,-28.2,47.1,0.84
close,0.38,0.2,0.25,False,atr2.5,trail3,False,519,-0.102,-52.8,44.5,0.82,329,-0.089,-29.2,47.1,0.83
close,0.38,0.2,0.25,False,atr2.5,trail5,True,519,-0.11,-57.3,42.2,0.8,329,-0.058,-19.1,45.6,0.89
close,0.38,0.2,0.25,False,atr2.5,trail5,False,519,-0.12,-62.3,42.2,0.79,329,-0.059,-19.3,46.2,0.89
close,0.38,0.2,0.25,False,atr2.5,trail8,True,519,-0.103,-53.4,38.5,0.82,329,-0.054,-17.6,40.4,0.9
close,0.38,0.2,0.25,False,atr2.5,trail8,False,519,-0.108,-56.3,39.3,0.81,329,-0.053,-17.4,41.9,0.9
close,0.38,0.2,0.25,False,atr2.5,trail12,True,519,-0.102,-52.8,34.1,0.82,329,-0.028,-9.2,37.4,0.95
close,0.38,0.2,0.25,False,atr2.5,trail12,False,519,-0.113,-58.5,35.3,0.81,329,-0.03,-10.0,39.2,0.94
close,0.38,0.2,0.25,False,atr2.5,fixed1.0,True,519,-0.101,-52.4,47.4,0.82,329,-0.038,-12.4,49.5,0.93
close,0.38,0.2,0.25,False,atr2.5,fixed1.0,False,519,-0.101,-52.4,47.4,0.82,329,-0.038,-12.4,49.5,0.93
close,0.38,0.2,0.25,False,atr2.5,fixed1.5,True,519,-0.096,-50.0,32.0,0.83,329,-0.051,-16.9,32.2,0.9
close,0.38,0.2,0.25,False,atr2.5,fixed1.5,False,519,-0.115,-59.8,37.6,0.82,329,-0.035,-11.5,39.5,0.94
close,0.38,0.2,0.25,False,atr2.5,fixed2.0,True,519,-0.101,-52.4,24.1,0.82,329,-0.082,-26.9,22.8,0.84
close,0.38,0.2,0.25,False,atr2.5,fixed2.0,False,519,-0.117,-60.9,31.6,0.84,329,-0.047,-15.4,32.8,0.93
close,0.38,0.2,0.25,False,atr3.0,trail3,True,507,-0.069,-35.0,46.7,0.87,320,-0.083,-26.6,47.8,0.84
close,0.38,0.2,0.25,False,atr3.0,trail3,False,507,-0.072,-36.5,47.1,0.86,320,-0.085,-27.2,47.8,0.84
close,0.38,0.2,0.25,False,atr3.0,trail5,True,507,-0.088,-44.7,45.4,0.83,320,-0.05,-15.9,46.2,0.9
close,0.38,0.2,0.25,False,atr3.0,trail5,False,507,-0.093,-47.2,45.6,0.83,320,-0.053,-16.9,46.2,0.9
close,0.38,0.2,0.25,False,atr3.0,trail8,True,507,-0.082,-41.7,41.8,0.84,320,-0.042,-13.3,42.5,0.92
close,0.38,0.2,0.25,False,atr3.0,trail8,False,507,-0.085,-42.9,42.6,0.84,320,-0.041,-13.3,43.4,0.92
close,0.38,0.2,0.25,False,atr3.0,trail12,True,507,-0.081,-41.1,37.7,0.85,320,-0.028,-9.1,40.3,0.95
close,0.38,0.2,0.25,False,atr3.0,trail12,False,507,-0.093,-47.0,38.7,0.83,320,-0.033,-10.5,41.2,0.94
close,0.38,0.2,0.25,False,atr3.0,fixed1.0,True,507,-0.053,-26.7,49.3,0.9,320,-0.043,-13.7,48.8,0.92
close,0.38,0.2,0.25,False,atr3.0,fixed1.0,False,507,-0.053,-26.7,49.3,0.9,320,-0.043,-13.7,48.8,0.92
close,0.38,0.2,0.25,False,atr3.0,fixed1.5,True,507,-0.09,-45.6,31.0,0.83,320,-0.05,-15.9,31.9,0.91
close,0.38,0.2,0.25,False,atr3.0,fixed1.5,False,507,-0.116,-59.0,37.3,0.82,320,-0.071,-22.8,37.8,0.89
close,0.38,0.2,0.25,False,atr3.0,fixed2.0,True,507,-0.086,-43.6,24.1,0.84,320,-0.058,-18.6,24.1,0.89
close,0.38,0.2,0.25,False,atr3.0,fixed2.0,False,507,-0.114,-57.9,31.8,0.84,320,-0.032,-10.3,33.4,0.95
close,0.38,0.2,0.25,False,struct5,trail3,True,518,-0.105,-54.3,44.6,0.81,329,-0.102,-33.7,45.3,0.81
close,0.38,0.2,0.25,False,struct5,trail3,False,518,-0.108,-55.7,45.0,0.81,329,-0.106,-35.0,45.3,0.8
close,0.38,0.2,0.25,False,struct5,trail5,True,518,-0.123,-63.6,42.5,0.78,329,-0.088,-28.8,42.2,0.84
close,0.38,0.2,0.25,False,struct5,trail5,False,518,-0.13,-67.1,43.1,0.77,329,-0.088,-28.9,43.5,0.84
close,0.38,0.2,0.25,False,struct5,trail8,True,518,-0.12,-62.3,38.6,0.78,329,-0.097,-31.8,38.9,0.82
close,0.38,0.2,0.25,False,struct5,trail8,False,518,-0.135,-70.1,39.6,0.76,329,-0.1,-33.0,40.7,0.82
close,0.38,0.2,0.25,False,struct5,trail12,True,518,-0.122,-63.4,34.0,0.78,329,-0.083,-27.2,35.9,0.85
close,0.38,0.2,0.25,False,struct5,trail12,False,518,-0.152,-78.5,34.9,0.74,329,-0.096,-31.5,37.7,0.83
close,0.38,0.2,0.25,False,struct5,fixed1.0,True,518,-0.092,-47.6,48.3,0.83,329,-0.071,-23.4,48.0,0.87
close,0.38,0.2,0.25,False,struct5,fixed1.0,False,518,-0.092,-47.6,48.3,0.83,329,-0.071,-23.4,48.0,0.87
close,0.38,0.2,0.25,False,struct5,fixed1.5,True,518,-0.107,-55.6,31.9,0.81,329,-0.052,-17.0,33.7,0.9
close,0.38,0.2,0.25,False,struct5,fixed1.5,False,518,-0.117,-60.7,38.2,0.82,329,-0.057,-18.7,38.9,0.91
close,0.38,0.2,0.25,False,struct5,fixed2.0,True,518,-0.099,-51.3,25.5,0.82,329,-0.084,-27.5,24.3,0.85
close,0.38,0.2,0.25,False,struct5,fixed2.0,False,518,-0.122,-63.1,32.6,0.83,329,-0.045,-14.8,33.1,0.93
close,0.38,0.2,0.25,True,atr1.5,trail3,True,542,-0.124,-67.4,37.1,0.79,333,-0.062,-20.6,41.4,0.88
close,0.38,0.2,0.25,True,atr1.5,trail3,False,542,-0.124,-67.0,38.6,0.8,333,-0.082,-27.4,41.7,0.85
close,0.38,0.2,0.25,True,atr1.5,trail5,True,542,-0.147,-79.5,33.9,0.75,333,-0.047,-15.7,34.2,0.91
close,0.38,0.2,0.25,True,atr1.5,trail5,False,542,-0.144,-78.0,35.6,0.77,333,-0.062,-20.6,36.6,0.89
close,0.38,0.2,0.25,True,atr1.5,trail8,True,542,-0.133,-71.9,29.3,0.78,333,-0.015,-4.9,30.3,0.97
close,0.38,0.2,0.25,True,atr1.5,trail8,False,542,-0.13,-70.4,31.4,0.8,333,-0.018,-6.1,34.5,0.97
close,0.38,0.2,0.25,True,atr1.5,trail12,True,542,-0.115,-62.3,23.4,0.81,333,0.009,3.1,27.0,1.02
close,0.38,0.2,0.25,True,atr1.5,trail12,False,542,-0.12,-65.0,25.6,0.82,333,-0.011,-3.8,30.9,0.98
close,0.38,0.2,0.25,True,atr1.5,fixed1.0,True,542,-0.166,-89.7,45.4,0.72,333,-0.019,-6.3,51.7,0.96
close,0.38,0.2,0.25,True,atr1.5,fixed1.0,False,542,-0.166,-89.7,45.4,0.72,333,-0.019,-6.3,51.7,0.96
close,0.38,0.2,0.25,True,atr1.5,fixed1.5,True,542,-0.119,-64.3,33.4,0.8,333,-0.02,-6.6,34.2,0.96
close,0.38,0.2,0.25,True,atr1.5,fixed1.5,False,542,-0.106,-57.2,38.7,0.84,333,-0.037,-12.2,40.5,0.94
close,0.38,0.2,0.25,True,atr1.5,fixed2.0,True,542,-0.132,-71.7,24.4,0.78,333,-0.019,-6.2,25.8,0.96
close,0.38,0.2,0.25,True,atr1.5,fixed2.0,False,542,-0.099,-53.7,32.7,0.86,333,-0.007,-2.5,34.8,0.99
close,0.38,0.2,0.25,True,atr2.0,trail3,True,530,-0.104,-55.4,42.6,0.81,332,-0.07,-23.4,44.9,0.87
close,0.38,0.2,0.25,True,atr2.0,trail3,False,530,-0.105,-55.5,43.4,0.82,332,-0.076,-25.1,45.2,0.86
close,0.38,0.2,0.25,True,atr2.0,trail5,True,530,-0.125,-66.2,39.1,0.78,332,-0.03,-9.9,41.6,0.94
close,0.38,0.2,0.25,True,atr2.0,trail5,False,530,-0.124,-66.0,40.0,0.78,332,-0.03,-10.0,43.1,0.94
close,0.38,0.2,0.25,True,atr2.0,trail8,True,530,-0.127,-67.2,34.2,0.78,332,-0.025,-8.4,37.7,0.95
close,0.38,0.2,0.25,True,atr2.0,trail8,False,530,-0.116,-61.5,36.2,0.8,332,-0.029,-9.5,39.5,0.95
close,0.38,0.2,0.25,True,atr2.0,trail12,True,530,-0.122,-64.8,29.2,0.78,332,0.017,5.8,34.3,1.03
close,0.38,0.2,0.25,True,atr2.0,trail12,False,530,-0.118,-62.8,31.5,0.81,332,0.005,1.6,36.1,1.01
close,0.38,0.2,0.25,True,atr2.0,fixed1.0,True,530,-0.109,-57.9,47.5,0.8,332,-0.051,-16.9,49.4,0.9
close,0.38,0.2,0.25,True,atr2.0,fixed1.0,False,530,-0.109,-57.9,47.5,0.8,332,-0.051,-16.9,49.4,0.9
close,0.38,0.2,0.25,True,atr2.0,fixed1.5,True,530,-0.099,-52.4,32.5,0.83,332,-0.025,-8.3,34.6,0.95
close,0.38,0.2,0.25,True,atr2.0,fixed1.5,False,530,-0.078,-41.4,39.4,0.88,332,0.0,0.1,41.6,1.0
close,0.38,0.2,0.25,True,atr2.0,fixed2.0,True,530,-0.092,-48.9,24.7,0.84,332,-0.046,-15.4,25.0,0.91
close,0.38,0.2,0.25,True,atr2.0,fixed2.0,False,530,-0.106,-56.3,32.1,0.85,332,-0.012,-4.0,34.0,0.98
close,0.38,0.2,0.25,True,atr2.5,trail3,True,509,-0.083,-42.3,45.2,0.85,325,-0.076,-24.7,47.1,0.85
close,0.38,0.2,0.25,True,atr2.5,trail3,False,509,-0.088,-44.7,45.2,0.84,325,-0.079,-25.7,47.1,0.85
close,0.38,0.2,0.25,True,atr2.5,trail5,True,509,-0.103,-52.4,42.8,0.81,325,-0.048,-15.5,45.5,0.91
close,0.38,0.2,0.25,True,atr2.5,trail5,False,509,-0.113,-57.3,42.8,0.8,325,-0.048,-15.7,46.2,0.91
close,0.38,0.2,0.25,True,atr2.5,trail8,True,509,-0.095,-48.2,39.1,0.83,325,-0.043,-13.9,40.6,0.92
close,0.38,0.2,0.25,True,atr2.5,trail8,False,509,-0.1,-51.1,39.9,0.82,325,-0.042,-13.6,42.2,0.92
close,0.38,0.2,0.25,True,atr2.5,trail12,True,509,-0.094,-47.7,34.6,0.83,325,-0.016,-5.0,37.5,0.97
close,0.38,0.2,0.25,True,atr2.5,trail12,False,509,-0.105,-53.4,35.8,0.82,325,-0.018,-5.8,39.4,0.97
close,0.38,0.2,0.25,True,atr2.5,fixed1.0,True,509,-0.086,-43.9,48.1,0.84,325,-0.038,-12.3,49.5,0.93
close,0.38,0.2,0.25,True,atr2.5,fixed1.0,False,509,-0.086,-43.9,48.1,0.84,325,-0.038,-12.3,49.5,0.93
close,0.38,0.2,0.25,True,atr2.5,fixed1.5,True,509,-0.083,-42.0,32.4,0.85,325,-0.046,-14.8,32.6,0.91
close,0.38,0.2,0.25,True,atr2.5,fixed1.5,False,509,-0.102,-51.8,38.1,0.84,325,-0.023,-7.4,40.0,0.96
close,0.38,0.2,0.25,True,atr2.5,fixed2.0,True,509,-0.088,-44.9,24.4,0.84,325,-0.082,-26.8,22.8,0.84
close,0.38,0.2,0.25,True,atr2.5,fixed2.0,False,509,-0.105,-53.4,32.0,0.85,325,-0.044,-14.3,32.9,0.94
close,0.38,0.2,0.25,True,atr3.0,trail3,True,498,-0.058,-28.8,47.4,0.89,317,-0.074,-23.3,47.9,0.86
close,0.38,0.2,0.25,True,atr3.0,trail3,False,498,-0.059,-29.4,47.8,0.89,317,-0.075,-23.9,47.9,0.85
close,0.38,0.2,0.25,True,atr3.0,trail5,True,498,-0.083,-41.2,46.0,0.84,317,-0.039,-12.5,46.4,0.92
close,0.38,0.2,0.25,True,atr3.0,trail5,False,498,-0.086,-42.6,46.2,0.84,317,-0.042,-13.5,46.4,0.92
close,0.38,0.2,0.25,True,atr3.0,trail8,True,498,-0.076,-37.9,42.4,0.85,317,-0.031,-9.9,42.6,0.94
close,0.38,0.2,0.25,True,atr3.0,trail8,False,498,-0.077,-38.2,43.2,0.86,317,-0.031,-9.9,43.5,0.94
close,0.38,0.2,0.25,True,atr3.0,trail12,True,498,-0.075,-37.3,38.2,0.86,317,-0.017,-5.3,40.4,0.97
close,0.38,0.2,0.25,True,atr3.0,trail12,False,498,-0.085,-42.3,39.2,0.84,317,-0.021,-6.8,41.3,0.96
close,0.38,0.2,0.25,True,atr3.0,fixed1.0,True,498,-0.043,-21.3,49.8,0.92,317,-0.04,-12.6,48.9,0.92
close,0.38,0.2,0.25,True,atr3.0,fixed1.0,False,498,-0.043,-21.3,49.8,0.92,317,-0.04,-12.6,48.9,0.92
close,0.38,0.2,0.25,True,atr3.0,fixed1.5,True,498,-0.083,-41.2,31.1,0.84,317,-0.048,-15.3,31.9,0.91
close,0.38,0.2,0.25,True,atr3.0,fixed1.5,False,498,-0.11,-54.7,37.6,0.83,317,-0.07,-22.2,37.9,0.89
close,0.38,0.2,0.25,True,atr3.0,fixed2.0,True,498,-0.077,-38.2,24.3,0.86,317,-0.055,-17.3,24.0,0.9
close,0.38,0.2,0.25,True,atr3.0,fixed2.0,False,498,-0.104,-51.6,32.1,0.85,317,-0.028,-9.0,33.4,0.96
close,0.38,0.2,0.25,True,struct5,trail3,True,509,-0.092,-46.6,45.4,0.83,325,-0.089,-28.9,45.8,0.83
close,0.38,0.2,0.25,True,struct5,trail3,False,509,-0.094,-48.0,45.8,0.83,325,-0.093,-30.1,45.8,0.83
close,0.38,0.2,0.25,True,struct5,trail5,True,509,-0.117,-59.6,43.2,0.78,325,-0.073,-23.7,42.8,0.86
close,0.38,0.2,0.25,True,struct5,trail5,False,509,-0.123,-62.8,43.8,0.78,325,-0.073,-23.9,44.0,0.86
close,0.38,0.2,0.25,True,struct5,trail8,True,509,-0.114,-58.1,39.3,0.79,325,-0.082,-26.7,39.4,0.85
close,0.38,0.2,0.25,True,struct5,trail8,False,509,-0.128,-65.2,40.3,0.77,325,-0.086,-27.9,41.2,0.84
close,0.38,0.2,0.25,True,struct5,trail12,True,509,-0.116,-59.2,34.6,0.79,325,-0.069,-22.4,36.3,0.87
close,0.38,0.2,0.25,True,struct5,trail12,False,509,-0.145,-73.6,35.6,0.75,325,-0.082,-26.6,38.2,0.85
close,0.38,0.2,0.25,True,struct5,fixed1.0,True,509,-0.078,-39.8,48.9,0.85,325,-0.061,-19.8,48.6,0.88
close,0.38,0.2,0.25,True,struct5,fixed1.0,False,509,-0.078,-39.8,48.9,0.85,325,-0.061,-19.8,48.6,0.88
close,0.38,0.2,0.25,True,struct5,fixed1.5,True,509,-0.092,-46.8,32.4,0.83,325,-0.049,-15.9,33.5,0.91
close,0.38,0.2,0.25,True,struct5,fixed1.5,False,509,-0.1,-51.0,38.9,0.84,325,-0.047,-15.4,39.1,0.92
close,0.38,0.2,0.25,True,struct5,fixed2.0,True,509,-0.084,-42.5,25.9,0.85,325,-0.083,-26.9,24.0,0.85
close,0.38,0.2,0.25,True,struct5,fixed2.0,False,509,-0.105,-53.3,33.2,0.85,325,-0.037,-12.0,33.2,0.95
close,0.38,0.2,0.5,False,atr1.5,trail3,True,540,-0.125,-67.5,36.7,0.79,334,-0.078,-26.1,41.0,0.85
close,0.38,0.2,0.5,False,atr1.5,trail3,False,540,-0.125,-67.5,38.1,0.8,334,-0.099,-33.0,41.3,0.82
close,0.38,0.2,0.5,False,atr1.5,trail5,True,540,-0.14,-75.4,33.5,0.77,334,-0.06,-20.0,33.5,0.88
close,0.38,0.2,0.5,False,atr1.5,trail5,False,540,-0.138,-74.7,35.2,0.78,334,-0.076,-25.4,35.9,0.86
close,0.38,0.2,0.5,False,atr1.5,trail8,True,540,-0.127,-68.5,28.7,0.79,334,-0.025,-8.3,29.9,0.95
close,0.38,0.2,0.5,False,atr1.5,trail8,False,540,-0.127,-68.4,30.7,0.8,334,-0.032,-10.5,34.1,0.95
close,0.38,0.2,0.5,False,atr1.5,trail12,True,540,-0.104,-56.2,23.1,0.83,334,0.002,0.6,26.9,1.0
close,0.38,0.2,0.5,False,atr1.5,trail12,False,540,-0.112,-60.4,25.4,0.83,334,-0.021,-7.1,30.8,0.96
close,0.38,0.2,0.5,False,atr1.5,fixed1.0,True,540,-0.17,-91.9,45.2,0.71,334,-0.022,-7.3,51.5,0.96
close,0.38,0.2,0.5,False,atr1.5,fixed1.0,False,540,-0.17,-91.9,45.2,0.71,334,-0.022,-7.3,51.5,0.96
close,0.38,0.2,0.5,False,atr1.5,fixed1.5,True,540,-0.125,-67.4,33.1,0.79,334,-0.032,-10.6,33.5,0.94
close,0.38,0.2,0.5,False,atr1.5,fixed1.5,False,540,-0.109,-58.9,38.7,0.83,334,-0.062,-20.6,39.5,0.9
close,0.38,0.2,0.5,False,atr1.5,fixed2.0,True,540,-0.133,-71.8,24.4,0.78,334,-0.028,-9.2,25.4,0.95
close,0.38,0.2,0.5,False,atr1.5,fixed2.0,False,540,-0.095,-51.2,32.8,0.87,334,-0.028,-9.4,34.1,0.96
close,0.38,0.2,0.5,False,atr2.0,trail3,True,529,-0.108,-57.3,42.2,0.81,336,-0.072,-24.3,44.6,0.86
close,0.38,0.2,0.5,False,atr2.0,trail3,False,529,-0.109,-57.5,42.9,0.81,336,-0.077,-26.0,44.9,0.86
close,0.38,0.2,0.5,False,atr2.0,trail5,True,529,-0.122,-64.6,38.6,0.78,336,-0.032,-10.8,41.4,0.94
close,0.38,0.2,0.5,False,atr2.0,trail5,False,529,-0.122,-64.7,39.5,0.79,336,-0.032,-10.9,42.9,0.94
close,0.38,0.2,0.5,False,atr2.0,trail8,True,529,-0.124,-65.6,33.6,0.78,336,-0.027,-9.1,37.8,0.95
close,0.38,0.2,0.5,False,atr2.0,trail8,False,529,-0.114,-60.5,35.7,0.81,336,-0.031,-10.3,39.6,0.94
close,0.38,0.2,0.5,False,atr2.0,trail12,True,529,-0.118,-62.2,28.7,0.79,336,0.015,5.1,34.5,1.03
close,0.38,0.2,0.5,False,atr2.0,trail12,False,529,-0.115,-60.8,31.0,0.81,336,0.003,1.0,36.3,1.01
close,0.38,0.2,0.5,False,atr2.0,fixed1.0,True,529,-0.115,-60.9,47.3,0.79,336,-0.055,-18.4,49.1,0.9
close,0.38,0.2,0.5,False,atr2.0,fixed1.0,False,529,-0.115,-60.9,47.3,0.79,336,-0.055,-18.4,49.1,0.9
close,0.38,0.2,0.5,False,atr2.0,fixed1.5,True,529,-0.106,-55.9,32.1,0.81,336,-0.025,-8.4,34.8,0.95
close,0.38,0.2,0.5,False,atr2.0,fixed1.5,False,529,-0.081,-42.6,39.3,0.88,336,-0.005,-1.5,41.4,0.99
close,0.38,0.2,0.5,False,atr2.0,fixed2.0,True,529,-0.1,-53.0,24.4,0.83,336,-0.037,-12.5,25.6,0.93
close,0.38,0.2,0.5,False,atr2.0,fixed2.0,False,529,-0.109,-57.5,31.9,0.85,336,-0.006,-2.1,34.2,0.99
close,0.38,0.2,0.5,False,atr2.5,trail3,True,512,-0.087,-44.4,44.9,0.84,326,-0.085,-27.7,46.9,0.84
close,0.38,0.2,0.5,False,atr2.5,trail3,False,512,-0.091,-46.8,44.9,0.84,326,-0.088,-28.8,46.9,0.83
close,0.38,0.2,0.5,False,atr2.5,trail5,True,512,-0.1,-51.3,42.6,0.82,326,-0.056,-18.3,45.4,0.89
close,0.38,0.2,0.5,False,atr2.5,trail5,False,512,-0.11,-56.3,42.6,0.8,326,-0.057,-18.6,46.0,0.89
close,0.38,0.2,0.5,False,atr2.5,trail8,True,512,-0.092,-47.3,38.9,0.83,326,-0.051,-16.5,40.8,0.9
close,0.38,0.2,0.5,False,atr2.5,trail8,False,512,-0.098,-50.2,39.6,0.83,326,-0.05,-16.2,42.3,0.91
close,0.38,0.2,0.5,False,atr2.5,trail12,True,512,-0.089,-45.5,34.4,0.84,326,-0.025,-8.0,37.7,0.95
close,0.38,0.2,0.5,False,atr2.5,trail12,False,512,-0.1,-51.2,35.5,0.83,326,-0.027,-8.7,39.6,0.95
close,0.38,0.2,0.5,False,atr2.5,fixed1.0,True,512,-0.094,-48.1,47.9,0.83,326,-0.041,-13.3,49.4,0.92
close,0.38,0.2,0.5,False,atr2.5,fixed1.0,False,512,-0.094,-48.1,47.9,0.83,326,-0.041,-13.3,49.4,0.92
close,0.38,0.2,0.5,False,atr2.5,fixed1.5,True,512,-0.088,-45.2,32.4,0.84,326,-0.048,-15.8,32.5,0.91
close,0.38,0.2,0.5,False,atr2.5,fixed1.5,False,512,-0.103,-52.7,38.1,0.84,326,-0.026,-8.3,39.9,0.96
close,0.38,0.2,0.5,False,atr2.5,fixed2.0,True,512,-0.094,-48.1,24.4,0.83,326,-0.079,-25.8,23.0,0.85
close,0.38,0.2,0.5,False,atr2.5,fixed2.0,False,512,-0.105,-53.7,32.0,0.85,326,-0.038,-12.3,33.1,0.95
close,0.38,0.2,0.5,False,atr3.0,trail3,True,499,-0.061,-30.4,47.1,0.88,317,-0.075,-23.7,48.3,0.85
close,0.38,0.2,0.5,False,atr3.0,trail3,False,499,-0.064,-31.9,47.5,0.88,317,-0.077,-24.3,48.3,0.85
close,0.38,0.2,0.5,False,atr3.0,trail5,True,499,-0.08,-39.9,45.7,0.85,317,-0.041,-13.0,46.7,0.92
close,0.38,0.2,0.5,False,atr3.0,trail5,False,499,-0.085,-42.4,45.9,0.84,317,-0.044,-14.0,46.7,0.91
close,0.38,0.2,0.5,False,atr3.0,trail8,True,499,-0.073,-36.5,42.1,0.86,317,-0.032,-10.2,42.9,0.94
close,0.38,0.2,0.5,False,atr3.0,trail8,False,499,-0.076,-37.8,42.9,0.86,317,-0.033,-10.4,43.8,0.94
close,0.38,0.2,0.5,False,atr3.0,trail12,True,499,-0.069,-34.4,38.1,0.87,317,-0.019,-6.0,40.7,0.96
close,0.38,0.2,0.5,False,atr3.0,trail12,False,499,-0.081,-40.2,39.1,0.85,317,-0.024,-7.7,41.6,0.95
close,0.38,0.2,0.5,False,atr3.0,fixed1.0,True,499,-0.047,-23.4,49.7,0.91,317,-0.033,-10.6,49.2,0.93
close,0.38,0.2,0.5,False,atr3.0,fixed1.0,False,499,-0.047,-23.4,49.7,0.91,317,-0.033,-10.6,49.2,0.93
close,0.38,0.2,0.5,False,atr3.0,fixed1.5,True,499,-0.086,-42.7,31.1,0.84,317,-0.04,-12.8,32.2,0.92
close,0.38,0.2,0.5,False,atr3.0,fixed1.5,False,499,-0.108,-53.8,37.7,0.83,317,-0.062,-19.7,38.2,0.9
close,0.38,0.2,0.5,False,atr3.0,fixed2.0,True,499,-0.082,-41.1,24.0,0.85,317,-0.049,-15.5,24.3,0.91
close,0.38,0.2,0.5,False,atr3.0,fixed2.0,False,499,-0.106,-52.7,32.1,0.85,317,-0.023,-7.2,33.8,0.97
close,0.38,0.2,0.5,False,struct5,trail3,True,510,-0.093,-47.2,45.1,0.83,327,-0.098,-32.2,45.6,0.81
close,0.38,0.2,0.5,False,struct5,trail3,False,510,-0.095,-48.6,45.5,0.83,327,-0.102,-33.5,45.6,0.81
close,0.38,0.2,0.5,False,struct5,trail5,True,510,-0.112,-57.0,42.9,0.79,327,-0.083,-27.2,42.5,0.84
close,0.38,0.2,0.5,False,struct5,trail5,False,510,-0.119,-60.5,43.5,0.79,327,-0.083,-27.3,43.7,0.85
close,0.38,0.2,0.5,False,struct5,trail8,True,510,-0.11,-56.2,39.0,0.8,327,-0.091,-29.7,39.1,0.83
close,0.38,0.2,0.5,False,struct5,trail8,False,510,-0.126,-64.1,40.0,0.78,327,-0.095,-31.2,41.0,0.83
close,0.38,0.2,0.5,False,struct5,trail12,True,510,-0.11,-55.9,34.3,0.8,327,-0.077,-25.0,36.1,0.86
close,0.38,0.2,0.5,False,struct5,trail12,False,510,-0.139,-71.0,35.3,0.76,327,-0.09,-29.6,37.9,0.84
close,0.38,0.2,0.5,False,struct5,fixed1.0,True,510,-0.079,-40.4,48.8,0.85,327,-0.065,-21.2,48.3,0.88
close,0.38,0.2,0.5,False,struct5,fixed1.0,False,510,-0.079,-40.4,48.8,0.85,327,-0.065,-21.2,48.3,0.88
close,0.38,0.2,0.5,False,struct5,fixed1.5,True,510,-0.101,-51.3,31.8,0.82,327,-0.045,-14.8,33.9,0.92
close,0.38,0.2,0.5,False,struct5,fixed1.5,False,510,-0.108,-54.9,38.6,0.83,327,-0.051,-16.6,39.1,0.92
close,0.38,0.2,0.5,False,struct5,fixed2.0,True,510,-0.09,-46.0,25.5,0.84,327,-0.084,-27.4,24.2,0.84
close,0.38,0.2,0.5,False,struct5,fixed2.0,False,510,-0.107,-54.7,33.1,0.85,327,-0.048,-15.7,33.0,0.93
close,0.38,0.2,0.5,True,atr1.5,trail3,True,530,-0.122,-64.5,37.2,0.79,330,-0.055,-18.2,41.8,0.89
close,0.38,0.2,0.5,True,atr1.5,trail3,False,530,-0.121,-64.1,38.7,0.8,330,-0.076,-25.0,42.1,0.86
close,0.38,0.2,0.5,True,atr1.5,trail5,True,530,-0.144,-76.4,34.0,0.76,330,-0.039,-13.0,34.2,0.92
close,0.38,0.2,0.5,True,atr1.5,trail5,False,530,-0.141,-74.8,35.7,0.77,330,-0.055,-18.2,36.7,0.9
close,0.38,0.2,0.5,True,atr1.5,trail8,True,530,-0.13,-69.0,29.1,0.78,330,-0.005,-1.5,30.6,0.99
close,0.38,0.2,0.5,True,atr1.5,trail8,False,530,-0.127,-67.5,31.1,0.8,330,-0.011,-3.6,34.8,0.98
close,0.38,0.2,0.5,True,atr1.5,trail12,True,530,-0.109,-58.0,23.4,0.82,330,0.02,6.5,27.3,1.04
close,0.38,0.2,0.5,True,atr1.5,trail12,False,530,-0.115,-60.9,25.7,0.83,330,-0.003,-1.1,31.2,0.99
close,0.38,0.2,0.5,True,atr1.5,fixed1.0,True,530,-0.164,-87.2,45.5,0.72,330,-0.009,-3.1,52.1,0.98
close,0.38,0.2,0.5,True,atr1.5,fixed1.0,False,530,-0.164,-87.2,45.5,0.72,330,-0.009,-3.1,52.1,0.98
close,0.38,0.2,0.5,True,atr1.5,fixed1.5,True,530,-0.118,-62.7,33.4,0.8,330,-0.015,-5.0,34.2,0.97
close,0.38,0.2,0.5,True,atr1.5,fixed1.5,False,530,-0.1,-53.2,39.1,0.85,330,-0.042,-14.0,40.3,0.93
close,0.38,0.2,0.5,True,atr1.5,fixed2.0,True,530,-0.125,-66.1,24.7,0.79,330,-0.009,-3.1,26.1,0.98
close,0.38,0.2,0.5,True,atr1.5,fixed2.0,False,530,-0.082,-43.5,33.2,0.89,330,-0.007,-2.3,34.8,0.99
close,0.38,0.2,0.5,True,atr2.0,trail3,True,519,-0.098,-50.7,43.0,0.82,330,-0.069,-22.9,44.8,0.87
close,0.38,0.2,0.5,True,atr2.0,trail3,False,519,-0.098,-50.8,43.7,0.83,330,-0.075,-24.6,45.2,0.86
close,0.38,0.2,0.5,True,atr2.0,trail5,True,519,-0.118,-61.3,39.3,0.79,330,-0.028,-9.1,41.5,0.95
close,0.38,0.2,0.5,True,atr2.0,trail5,False,519,-0.118,-61.0,40.3,0.8,330,-0.028,-9.2,43.0,0.95
close,0.38,0.2,0.5,True,atr2.0,trail8,True,519,-0.119,-61.9,34.3,0.79,330,-0.022,-7.2,37.9,0.96
close,0.38,0.2,0.5,True,atr2.0,trail8,False,519,-0.108,-56.1,36.4,0.82,330,-0.025,-8.3,39.7,0.95
close,0.38,0.2,0.5,True,atr2.0,trail12,True,519,-0.115,-59.4,29.3,0.8,330,0.021,7.0,34.5,1.04
close,0.38,0.2,0.5,True,atr2.0,trail12,False,519,-0.111,-57.4,31.6,0.82,330,0.009,3.0,36.4,1.02
close,0.38,0.2,0.5,True,atr2.0,fixed1.0,True,519,-0.101,-52.4,48.0,0.82,330,-0.051,-16.8,49.4,0.9
close,0.38,0.2,0.5,True,atr2.0,fixed1.0,False,519,-0.101,-52.4,48.0,0.82,330,-0.051,-16.8,49.4,0.9
close,0.38,0.2,0.5,True,atr2.0,fixed1.5,True,519,-0.089,-46.3,32.8,0.84,330,-0.022,-7.2,34.8,0.96
close,0.38,0.2,0.5,True,atr2.0,fixed1.5,False,519,-0.062,-32.1,40.1,0.9,330,-0.001,-0.3,41.5,1.0
close,0.38,0.2,0.5,True,atr2.0,fixed2.0,True,519,-0.084,-43.4,24.9,0.85,330,-0.043,-14.3,25.2,0.92
close,0.38,0.2,0.5,True,atr2.0,fixed2.0,False,519,-0.09,-47.0,32.6,0.87,330,-0.015,-4.9,33.9,0.98
close,0.38,0.2,0.5,True,atr2.5,trail3,True,500,-0.075,-37.4,45.6,0.86,322,-0.085,-27.3,46.9,0.84
close,0.38,0.2,0.5,True,atr2.5,trail3,False,500,-0.08,-39.8,45.6,0.85,322,-0.088,-28.4,46.9,0.83
close,0.38,0.2,0.5,True,atr2.5,trail5,True,500,-0.094,-47.2,43.2,0.83,322,-0.055,-17.8,45.3,0.89
close,0.38,0.2,0.5,True,atr2.5,trail5,False,500,-0.104,-52.2,43.2,0.81,322,-0.056,-18.0,46.0,0.89
close,0.38,0.2,0.5,True,atr2.5,trail8,True,500,-0.086,-42.8,39.4,0.84,322,-0.049,-15.9,40.7,0.91
close,0.38,0.2,0.5,True,atr2.5,trail8,False,500,-0.091,-45.7,40.2,0.84,322,-0.048,-15.6,42.2,0.91
close,0.38,0.2,0.5,True,atr2.5,trail12,True,500,-0.084,-41.8,34.8,0.85,322,-0.022,-7.0,37.6,0.96
close,0.38,0.2,0.5,True,atr2.5,trail12,False,500,-0.095,-47.5,36.0,0.84,322,-0.024,-7.7,39.4,0.96
close,0.38,0.2,0.5,True,atr2.5,fixed1.0,True,500,-0.079,-39.6,48.6,0.85,322,-0.041,-13.2,49.4,0.92
close,0.38,0.2,0.5,True,atr2.5,fixed1.0,False,500,-0.079,-39.6,48.6,0.85,322,-0.041,-13.2,49.4,0.92
close,0.38,0.2,0.5,True,atr2.5,fixed1.5,True,500,-0.075,-37.6,32.8,0.86,322,-0.047,-15.2,32.6,0.91
close,0.38,0.2,0.5,True,atr2.5,fixed1.5,False,500,-0.09,-45.1,38.6,0.86,322,-0.021,-6.7,40.1,0.97
close,0.38,0.2,0.5,True,atr2.5,fixed2.0,True,500,-0.083,-41.6,24.6,0.85,322,-0.086,-27.7,22.7,0.84
close,0.38,0.2,0.5,True,atr2.5,fixed2.0,False,500,-0.094,-47.2,32.4,0.87,322,-0.044,-14.2,32.9,0.94
close,0.38,0.2,0.5,True,atr3.0,trail3,True,488,-0.051,-24.9,47.7,0.9,313,-0.074,-23.1,48.2,0.86
close,0.38,0.2,0.5,True,atr3.0,trail3,False,488,-0.052,-25.5,48.2,0.9,313,-0.076,-23.6,48.2,0.85
close,0.38,0.2,0.5,True,atr3.0,trail5,True,488,-0.075,-36.8,46.3,0.85,313,-0.039,-12.2,46.6,0.92
close,0.38,0.2,0.5,True,atr3.0,trail5,False,488,-0.079,-38.3,46.5,0.85,313,-0.042,-13.2,46.6,0.92
close,0.38,0.2,0.5,True,atr3.0,trail8,True,488,-0.068,-33.2,42.6,0.87,313,-0.03,-9.4,42.8,0.94
close,0.38,0.2,0.5,True,atr3.0,trail8,False,488,-0.069,-33.4,43.4,0.87,313,-0.031,-9.6,43.8,0.94
close,0.38,0.2,0.5,True,atr3.0,trail12,True,488,-0.065,-31.7,38.5,0.88,313,-0.015,-4.8,40.6,0.97
close,0.38,0.2,0.5,True,atr3.0,trail12,False,488,-0.075,-36.5,39.5,0.86,313,-0.021,-6.5,41.5,0.96
close,0.38,0.2,0.5,True,atr3.0,fixed1.0,True,488,-0.037,-18.0,50.2,0.93,313,-0.034,-10.5,49.2,0.93
close,0.38,0.2,0.5,True,atr3.0,fixed1.0,False,488,-0.037,-18.0,50.2,0.93,313,-0.034,-10.5,49.2,0.93
close,0.38,0.2,0.5,True,atr3.0,fixed1.5,True,488,-0.079,-38.8,31.1,0.85,313,-0.044,-13.7,31.9,0.92
close,0.38,0.2,0.5,True,atr3.0,fixed1.5,False,488,-0.102,-49.9,37.9,0.84,313,-0.066,-20.6,38.0,0.9
close,0.38,0.2,0.5,True,atr3.0,fixed2.0,True,488,-0.075,-36.8,24.2,0.86,313,-0.052,-16.2,24.0,0.9
close,0.38,0.2,0.5,True,atr3.0,fixed2.0,False,488,-0.097,-47.3,32.4,0.86,313,-0.025,-7.9,33.5,0.96
close,0.38,0.2,0.5,True,struct5,trail3,True,499,-0.084,-42.1,45.9,0.84,322,-0.096,-30.9,46.0,0.82
close,0.38,0.2,0.5,True,struct5,trail3,False,499,-0.087,-43.5,46.3,0.84,322,-0.1,-32.1,46.0,0.81
close,0.38,0.2,0.5,True,struct5,trail5,True,499,-0.111,-55.2,43.7,0.79,322,-0.079,-25.5,42.9,0.85
close,0.38,0.2,0.5,True,struct5,trail5,False,499,-0.117,-58.4,44.3,0.79,322,-0.08,-25.6,44.1,0.85
close,0.38,0.2,0.5,True,struct5,trail8,True,499,-0.108,-53.9,39.7,0.8,322,-0.087,-28.0,39.4,0.84
close,0.38,0.2,0.5,True,struct5,trail8,False,499,-0.122,-61.0,40.7,0.78,322,-0.092,-29.5,41.3,0.83
close,0.38,0.2,0.5,True,struct5,trail12,True,499,-0.11,-55.1,34.9,0.8,322,-0.073,-23.6,36.3,0.86
close,0.38,0.2,0.5,True,struct5,trail12,False,499,-0.139,-69.4,35.9,0.76,322,-0.087,-28.1,38.2,0.84
close,0.38,0.2,0.5,True,struct5,fixed1.0,True,499,-0.065,-32.6,49.5,0.88,322,-0.058,-18.6,48.8,0.89
close,0.38,0.2,0.5,True,struct5,fixed1.0,False,499,-0.065,-32.6,49.5,0.88,322,-0.058,-18.6,48.8,0.89
close,0.38,0.2,0.5,True,struct5,fixed1.5,True,499,-0.086,-43.0,32.3,0.84,322,-0.047,-15.2,33.5,0.91
close,0.38,0.2,0.5,True,struct5,fixed1.5,False,499,-0.091,-45.6,39.3,0.86,322,-0.046,-14.8,39.1,0.93
close,0.38,0.2,0.5,True,struct5,fixed2.0,True,499,-0.077,-38.2,25.9,0.86,322,-0.089,-28.8,23.6,0.83
close,0.38,0.2,0.5,True,struct5,fixed2.0,False,499,-0.092,-45.9,33.7,0.87,322,-0.046,-14.8,32.9,0.93
close,0.5,0.0,0.0,False,atr1.5,trail3,True,523,-0.116,-60.8,37.3,0.8,313,-0.093,-29.0,41.9,0.82
close,0.5,0.0,0.0,False,atr1.5,trail3,False,523,-0.115,-60.2,38.6,0.81,313,-0.112,-34.9,42.2,0.79
close,0.5,0.0,0.0,False,atr1.5,trail5,True,523,-0.12,-62.5,33.5,0.8,313,-0.081,-25.3,35.1,0.85
close,0.5,0.0,0.0,False,atr1.5,trail5,False,523,-0.118,-61.9,34.6,0.81,313,-0.104,-32.6,36.4,0.81
close,0.5,0.0,0.0,False,atr1.5,trail8,True,523,-0.1,-52.5,30.2,0.83,313,-0.077,-24.1,29.4,0.86
close,0.5,0.0,0.0,False,atr1.5,trail8,False,523,-0.096,-50.1,32.1,0.85,313,-0.082,-25.7,31.9,0.86
close,0.5,0.0,0.0,False,atr1.5,trail12,True,523,-0.08,-42.0,24.3,0.86,313,-0.057,-17.9,24.0,0.89
close,0.5,0.0,0.0,False,atr1.5,trail12,False,523,-0.083,-43.4,26.4,0.87,313,-0.072,-22.6,26.5,0.88
close,0.5,0.0,0.0,False,atr1.5,fixed1.0,True,523,-0.147,-76.7,46.3,0.75,313,-0.042,-13.0,50.5,0.92
close,0.5,0.0,0.0,False,atr1.5,fixed1.0,False,523,-0.147,-76.7,46.3,0.75,313,-0.042,-13.0,50.5,0.92
close,0.5,0.0,0.0,False,atr1.5,fixed1.5,True,523,-0.11,-57.7,33.3,0.81,313,-0.017,-5.4,35.1,0.97
close,0.5,0.0,0.0,False,atr1.5,fixed1.5,False,523,-0.105,-54.8,38.8,0.84,313,-0.059,-18.4,39.6,0.91
close,0.5,0.0,0.0,False,atr1.5,fixed2.0,True,523,-0.135,-70.8,23.7,0.77,313,-0.042,-13.0,25.2,0.92
close,0.5,0.0,0.0,False,atr1.5,fixed2.0,False,523,-0.102,-53.2,32.5,0.86,313,-0.084,-26.2,32.3,0.88
close,0.5,0.0,0.0,False,atr2.0,trail3,True,510,-0.117,-59.6,41.8,0.79,316,-0.128,-40.6,43.7,0.76
close,0.5,0.0,0.0,False,atr2.0,trail3,False,510,-0.119,-60.8,42.4,0.79,316,-0.133,-42.2,44.0,0.76
close,0.5,0.0,0.0,False,atr2.0,trail5,True,510,-0.127,-64.9,37.3,0.78,316,-0.093,-29.4,39.9,0.83
close,0.5,0.0,0.0,False,atr2.0,trail5,False,510,-0.13,-66.1,37.8,0.78,316,-0.1,-31.5,40.8,0.82
close,0.5,0.0,0.0,False,atr2.0,trail8,True,510,-0.122,-62.4,33.3,0.79,316,-0.102,-32.4,34.2,0.81
close,0.5,0.0,0.0,False,atr2.0,trail8,False,510,-0.116,-59.0,35.1,0.81,316,-0.101,-31.9,35.8,0.82
close,0.5,0.0,0.0,False,atr2.0,trail12,True,510,-0.114,-57.9,28.2,0.8,316,-0.074,-23.4,29.1,0.87
close,0.5,0.0,0.0,False,atr2.0,trail12,False,510,-0.109,-55.4,30.6,0.82,316,-0.069,-21.8,31.3,0.88
close,0.5,0.0,0.0,False,atr2.0,fixed1.0,True,510,-0.115,-58.7,47.3,0.79,316,-0.081,-25.6,47.8,0.85
close,0.5,0.0,0.0,False,atr2.0,fixed1.0,False,510,-0.115,-58.7,47.3,0.79,316,-0.081,-25.6,47.8,0.85
close,0.5,0.0,0.0,False,atr2.0,fixed1.5,True,510,-0.133,-67.7,30.4,0.77,316,-0.086,-27.2,31.6,0.84
close,0.5,0.0,0.0,False,atr2.0,fixed1.5,False,510,-0.118,-60.4,37.8,0.82,316,-0.082,-25.8,38.3,0.87
close,0.5,0.0,0.0,False,atr2.0,fixed2.0,True,510,-0.115,-58.8,23.7,0.8,316,-0.132,-41.7,21.5,0.76
close,0.5,0.0,0.0,False,atr2.0,fixed2.0,False,510,-0.146,-74.3,30.8,0.8,316,-0.112,-35.2,30.7,0.84
close,0.5,0.0,0.0,False,atr2.5,trail3,True,496,-0.092,-45.5,45.2,0.83,308,-0.119,-36.8,46.8,0.77
close,0.5,0.0,0.0,False,atr2.5,trail3,False,496,-0.096,-47.7,45.2,0.83,308,-0.122,-37.7,46.8,0.77
close,0.5,0.0,0.0,False,atr2.5,trail5,True,496,-0.103,-51.1,42.1,0.81,308,-0.102,-31.5,44.2,0.8
close,0.5,0.0,0.0,False,atr2.5,trail5,False,496,-0.11,-54.7,42.1,0.8,308,-0.104,-31.9,44.8,0.8
close,0.5,0.0,0.0,False,atr2.5,trail8,True,496,-0.093,-46.2,39.1,0.83,308,-0.108,-33.4,37.7,0.79
close,0.5,0.0,0.0,False,atr2.5,trail8,False,496,-0.099,-49.1,39.7,0.83,308,-0.1,-30.9,39.3,0.81
close,0.5,0.0,0.0,False,atr2.5,trail12,True,496,-0.078,-38.9,34.9,0.86,308,-0.086,-26.4,33.1,0.84
close,0.5,0.0,0.0,False,atr2.5,trail12,False,496,-0.087,-43.2,35.9,0.85,308,-0.073,-22.5,35.7,0.87
close,0.5,0.0,0.0,False,atr2.5,fixed1.0,True,496,-0.099,-49.1,47.6,0.82,308,-0.041,-12.6,49.4,0.92
close,0.5,0.0,0.0,False,atr2.5,fixed1.0,False,496,-0.099,-49.1,47.6,0.82,308,-0.041,-12.6,49.4,0.92
close,0.5,0.0,0.0,False,atr2.5,fixed1.5,True,496,-0.098,-48.8,32.1,0.82,308,-0.083,-25.7,30.2,0.84
close,0.5,0.0,0.0,False,atr2.5,fixed1.5,False,496,-0.104,-51.7,38.1,0.84,308,-0.08,-24.7,37.7,0.87
close,0.5,0.0,0.0,False,atr2.5,fixed2.0,True,496,-0.084,-41.6,25.2,0.85,308,-0.111,-34.1,21.4,0.79
close,0.5,0.0,0.0,False,atr2.5,fixed2.0,False,496,-0.059,-29.3,33.7,0.92,308,-0.077,-23.6,31.8,0.89
close,0.5,0.0,0.0,False,atr3.0,trail3,True,489,-0.079,-38.9,46.0,0.85,304,-0.116,-35.4,46.1,0.78
close,0.5,0.0,0.0,False,atr3.0,trail3,False,489,-0.083,-40.6,46.4,0.85,304,-0.119,-36.1,46.1,0.78
close,0.5,0.0,0.0,False,atr3.0,trail5,True,489,-0.091,-44.5,44.0,0.83,304,-0.092,-27.9,44.7,0.83
close,0.5,0.0,0.0,False,atr3.0,trail5,False,489,-0.097,-47.3,44.4,0.82,304,-0.095,-29.0,44.7,0.82
close,0.5,0.0,0.0,False,atr3.0,trail8,True,489,-0.074,-36.1,41.5,0.86,304,-0.079,-24.1,40.5,0.85
close,0.5,0.0,0.0,False,atr3.0,trail8,False,489,-0.076,-37.4,42.3,0.86,304,-0.081,-24.7,41.1,0.85
close,0.5,0.0,0.0,False,atr3.0,trail12,True,489,-0.065,-31.7,38.0,0.88,304,-0.064,-19.4,37.8,0.88
close,0.5,0.0,0.0,False,atr3.0,trail12,False,489,-0.075,-36.5,38.9,0.87,304,-0.068,-20.7,39.1,0.88
close,0.5,0.0,0.0,False,atr3.0,fixed1.0,True,489,-0.07,-34.3,48.5,0.87,304,-0.071,-21.4,47.4,0.87
close,0.5,0.0,0.0,False,atr3.0,fixed1.0,False,489,-0.07,-34.3,48.5,0.87,304,-0.071,-21.4,47.4,0.87
close,0.5,0.0,0.0,False,atr3.0,fixed1.5,True,489,-0.079,-38.8,32.3,0.85,304,-0.102,-31.1,29.3,0.81
close,0.5,0.0,0.0,False,atr3.0,fixed1.5,False,489,-0.095,-46.2,38.2,0.85,304,-0.096,-29.3,36.8,0.85
close,0.5,0.0,0.0,False,atr3.0,fixed2.0,True,489,-0.078,-38.3,24.9,0.86,304,-0.089,-27.0,23.0,0.84
close,0.5,0.0,0.0,False,atr3.0,fixed2.0,False,489,-0.079,-38.8,33.1,0.89,304,-0.044,-13.5,32.9,0.94
close,0.5,0.0,0.0,False,struct5,trail3,True,494,-0.131,-64.9,43.9,0.77,304,-0.126,-38.3,45.4,0.77
close,0.5,0.0,0.0,False,struct5,trail3,False,494,-0.134,-66.4,44.1,0.76,304,-0.128,-39.1,45.4,0.76
close,0.5,0.0,0.0,False,struct5,trail5,True,494,-0.14,-69.4,41.1,0.75,304,-0.116,-35.4,42.8,0.79
close,0.5,0.0,0.0,False,struct5,trail5,False,494,-0.148,-73.3,41.3,0.74,304,-0.123,-37.3,43.1,0.78
close,0.5,0.0,0.0,False,struct5,trail8,True,494,-0.136,-67.3,38.5,0.76,304,-0.134,-40.7,38.2,0.75
close,0.5,0.0,0.0,False,struct5,trail8,False,494,-0.143,-70.7,39.5,0.75,304,-0.133,-40.3,39.5,0.76
close,0.5,0.0,0.0,False,struct5,trail12,True,494,-0.119,-58.9,33.8,0.79,304,-0.131,-39.7,34.2,0.76
close,0.5,0.0,0.0,False,struct5,trail12,False,494,-0.138,-68.1,34.8,0.77,304,-0.125,-37.9,36.5,0.78
close,0.5,0.0,0.0,False,struct5,fixed1.0,True,494,-0.115,-56.7,47.0,0.79,304,-0.085,-26.0,47.0,0.84
close,0.5,0.0,0.0,False,struct5,fixed1.0,False,494,-0.115,-56.7,47.0,0.79,304,-0.085,-26.0,47.0,0.84
close,0.5,0.0,0.0,False,struct5,fixed1.5,True,494,-0.117,-57.7,31.8,0.79,304,-0.082,-25.1,31.9,0.85
close,0.5,0.0,0.0,False,struct5,fixed1.5,False,494,-0.12,-59.2,38.1,0.82,304,-0.106,-32.3,36.5,0.84
close,0.5,0.0,0.0,False,struct5,fixed2.0,True,494,-0.126,-62.4,24.5,0.78,304,-0.109,-33.3,23.0,0.8
close,0.5,0.0,0.0,False,struct5,fixed2.0,False,494,-0.12,-59.5,32.6,0.83,304,-0.074,-22.5,31.9,0.89
close,0.5,0.0,0.0,True,atr1.5,trail3,True,514,-0.118,-60.8,37.4,0.8,310,-0.084,-25.9,42.3,0.84
close,0.5,0.0,0.0,True,atr1.5,trail3,False,514,-0.117,-60.1,38.7,0.8,310,-0.103,-31.8,42.6,0.81
close,0.5,0.0,0.0,True,atr1.5,trail5,True,514,-0.13,-67.0,33.5,0.78,310,-0.072,-22.2,35.5,0.86
close,0.5,0.0,0.0,True,atr1.5,trail5,False,514,-0.128,-65.9,34.6,0.79,310,-0.095,-29.5,36.8,0.83
close,0.5,0.0,0.0,True,atr1.5,trail8,True,514,-0.11,-56.6,30.2,0.81,310,-0.068,-21.0,29.7,0.87
close,0.5,0.0,0.0,True,atr1.5,trail8,False,514,-0.104,-53.4,32.1,0.83,310,-0.073,-22.6,32.3,0.87
close,0.5,0.0,0.0,True,atr1.5,trail12,True,514,-0.095,-48.6,24.1,0.84,310,-0.048,-14.8,24.2,0.91
close,0.5,0.0,0.0,True,atr1.5,trail12,False,514,-0.096,-49.2,26.3,0.85,310,-0.063,-19.5,26.8,0.89
close,0.5,0.0,0.0,True,atr1.5,fixed1.0,True,514,-0.146,-75.1,46.3,0.75,310,-0.032,-9.9,51.0,0.94
close,0.5,0.0,0.0,True,atr1.5,fixed1.0,False,514,-0.146,-75.1,46.3,0.75,310,-0.032,-9.9,51.0,0.94
close,0.5,0.0,0.0,True,atr1.5,fixed1.5,True,514,-0.113,-58.1,33.1,0.81,310,-0.008,-2.3,35.5,0.99
close,0.5,0.0,0.0,True,atr1.5,fixed1.5,False,514,-0.107,-55.1,38.7,0.84,310,-0.049,-15.3,40.0,0.92
close,0.5,0.0,0.0,True,atr1.5,fixed2.0,True,514,-0.139,-71.2,23.5,0.77,310,-0.032,-9.9,25.5,0.94
close,0.5,0.0,0.0,True,atr1.5,fixed2.0,False,514,-0.102,-52.6,32.5,0.86,310,-0.074,-23.1,32.6,0.9
close,0.5,0.0,0.0,True,atr2.0,trail3,True,502,-0.11,-55.4,42.2,0.8,314,-0.123,-38.5,43.9,0.77
close,0.5,0.0,0.0,True,atr2.0,trail3,False,502,-0.113,-56.5,42.8,0.8,314,-0.128,-40.1,44.3,0.77
close,0.5,0.0,0.0,True,atr2.0,trail5,True,502,-0.129,-64.5,37.6,0.77,314,-0.087,-27.4,40.1,0.84
close,0.5,0.0,0.0,True,atr2.0,trail5,False,502,-0.13,-65.4,38.2,0.78,314,-0.094,-29.5,41.1,0.83
close,0.5,0.0,0.0,True,atr2.0,trail8,True,502,-0.123,-61.7,33.7,0.78,314,-0.097,-30.4,34.4,0.82
close,0.5,0.0,0.0,True,atr2.0,trail8,False,502,-0.115,-57.7,35.5,0.8,314,-0.095,-29.9,36.0,0.83
close,0.5,0.0,0.0,True,atr2.0,trail12,True,502,-0.118,-59.2,28.5,0.79,314,-0.068,-21.3,29.3,0.88
close,0.5,0.0,0.0,True,atr2.0,trail12,False,502,-0.112,-56.0,30.9,0.82,314,-0.063,-19.8,31.5,0.89
close,0.5,0.0,0.0,True,atr2.0,fixed1.0,True,502,-0.108,-54.2,47.6,0.81,314,-0.075,-23.6,48.1,0.86
close,0.5,0.0,0.0,True,atr2.0,fixed1.0,False,502,-0.108,-54.2,47.6,0.81,314,-0.075,-23.6,48.1,0.86
close,0.5,0.0,0.0,True,atr2.0,fixed1.5,True,502,-0.125,-62.8,30.7,0.78,314,-0.08,-25.1,31.8,0.85
close,0.5,0.0,0.0,True,atr2.0,fixed1.5,False,502,-0.108,-54.5,38.2,0.83,314,-0.076,-23.7,38.5,0.88
close,0.5,0.0,0.0,True,atr2.0,fixed2.0,True,502,-0.108,-54.3,23.9,0.81,314,-0.126,-39.7,21.7,0.77
close,0.5,0.0,0.0,True,atr2.0,fixed2.0,False,502,-0.137,-68.8,31.1,0.81,314,-0.106,-33.2,30.9,0.85
close,0.5,0.0,0.0,True,atr2.5,trail3,True,488,-0.085,-41.4,45.5,0.85,305,-0.111,-33.7,47.2,0.79
close,0.5,0.0,0.0,True,atr2.5,trail3,False,488,-0.089,-43.5,45.5,0.84,305,-0.113,-34.6,47.2,0.78
close,0.5,0.0,0.0,True,atr2.5,trail5,True,488,-0.102,-49.9,42.4,0.81,305,-0.093,-28.4,44.6,0.82
close,0.5,0.0,0.0,True,atr2.5,trail5,False,488,-0.11,-53.5,42.4,0.8,305,-0.095,-28.8,45.2,0.82
close,0.5,0.0,0.0,True,atr2.5,trail8,True,488,-0.092,-44.7,39.3,0.83,305,-0.099,-30.3,38.0,0.81
close,0.5,0.0,0.0,True,atr2.5,trail8,False,488,-0.098,-47.6,40.0,0.83,305,-0.091,-27.8,39.7,0.83
close,0.5,0.0,0.0,True,atr2.5,trail12,True,488,-0.08,-39.1,35.0,0.86,305,-0.077,-23.4,33.4,0.85
close,0.5,0.0,0.0,True,atr2.5,trail12,False,488,-0.089,-43.3,36.1,0.85,305,-0.064,-19.4,36.1,0.88
close,0.5,0.0,0.0,True,atr2.5,fixed1.0,True,488,-0.092,-44.7,48.0,0.83,305,-0.031,-9.6,49.8,0.94
close,0.5,0.0,0.0,True,atr2.5,fixed1.0,False,488,-0.092,-44.7,48.0,0.83,305,-0.031,-9.6,49.8,0.94
close,0.5,0.0,0.0,True,atr2.5,fixed1.5,True,488,-0.093,-45.4,32.2,0.83,305,-0.074,-22.6,30.5,0.86
close,0.5,0.0,0.0,True,atr2.5,fixed1.5,False,488,-0.099,-48.3,38.3,0.85,305,-0.071,-21.6,38.0,0.89
close,0.5,0.0,0.0,True,atr2.5,fixed2.0,True,488,-0.08,-39.3,25.2,0.86,305,-0.102,-31.1,21.6,0.81
close,0.5,0.0,0.0,True,atr2.5,fixed2.0,False,488,-0.055,-26.9,33.8,0.92,305,-0.067,-20.6,32.1,0.9
close,0.5,0.0,0.0,True,atr3.0,trail3,True,482,-0.076,-36.5,46.3,0.86,302,-0.11,-33.4,46.4,0.79
close,0.5,0.0,0.0,True,atr3.0,trail3,False,482,-0.077,-37.2,46.7,0.86,302,-0.113,-34.1,46.4,0.79
close,0.5,0.0,0.0,True,atr3.0,trail5,True,482,-0.092,-44.5,44.2,0.83,302,-0.086,-25.9,45.0,0.84
close,0.5,0.0,0.0,True,atr3.0,trail5,False,482,-0.096,-46.4,44.6,0.82,302,-0.089,-27.0,45.0,0.83
close,0.5,0.0,0.0,True,atr3.0,trail8,True,482,-0.075,-35.9,41.7,0.86,302,-0.073,-22.1,40.7,0.86
close,0.5,0.0,0.0,True,atr3.0,trail8,False,482,-0.075,-36.3,42.5,0.86,302,-0.075,-22.7,41.4,0.86
close,0.5,0.0,0.0,True,atr3.0,trail12,True,482,-0.068,-33.0,38.2,0.87,302,-0.057,-17.4,38.1,0.89
close,0.5,0.0,0.0,True,atr3.0,trail12,False,482,-0.076,-36.7,39.0,0.86,302,-0.062,-18.6,39.4,0.89
close,0.5,0.0,0.0,True,atr3.0,fixed1.0,True,482,-0.069,-33.0,48.5,0.87,302,-0.064,-19.4,47.7,0.88
close,0.5,0.0,0.0,True,atr3.0,fixed1.0,False,482,-0.069,-33.0,48.5,0.87,302,-0.064,-19.4,47.7,0.88
close,0.5,0.0,0.0,True,atr3.0,fixed1.5,True,482,-0.081,-39.1,32.2,0.85,302,-0.096,-29.1,29.5,0.82
close,0.5,0.0,0.0,True,atr3.0,fixed1.5,False,482,-0.096,-46.5,38.2,0.85,302,-0.09,-27.3,37.1,0.86
close,0.5,0.0,0.0,True,atr3.0,fixed2.0,True,482,-0.079,-38.0,24.9,0.85,302,-0.083,-25.0,23.2,0.85
close,0.5,0.0,0.0,True,atr3.0,fixed2.0,False,482,-0.078,-37.5,33.2,0.89,302,-0.038,-11.4,33.1,0.94
close,0.5,0.0,0.0,True,struct5,trail3,True,487,-0.126,-61.6,44.4,0.77,302,-0.12,-36.2,45.7,0.78
close,0.5,0.0,0.0,True,struct5,trail3,False,487,-0.13,-63.2,44.6,0.77,302,-0.122,-37.0,45.7,0.77
close,0.5,0.0,0.0,True,struct5,trail5,True,487,-0.143,-69.6,41.5,0.74,302,-0.11,-33.3,43.0,0.8
close,0.5,0.0,0.0,True,struct5,trail5,False,487,-0.15,-73.1,41.7,0.74,302,-0.117,-35.3,43.4,0.79
close,0.5,0.0,0.0,True,struct5,trail8,True,487,-0.138,-67.3,38.8,0.75,302,-0.128,-38.6,38.4,0.76
close,0.5,0.0,0.0,True,struct5,trail8,False,487,-0.143,-69.9,39.8,0.75,302,-0.127,-38.2,39.7,0.77
close,0.5,0.0,0.0,True,struct5,trail12,True,487,-0.126,-61.4,34.1,0.78,302,-0.125,-37.7,34.4,0.77
close,0.5,0.0,0.0,True,struct5,trail12,False,487,-0.143,-69.8,35.1,0.76,302,-0.119,-35.9,36.8,0.79
close,0.5,0.0,0.0,True,struct5,fixed1.0,True,487,-0.109,-53.1,47.2,0.8,302,-0.079,-23.9,47.4,0.85
close,0.5,0.0,0.0,True,struct5,fixed1.0,False,487,-0.109,-53.1,47.2,0.8,302,-0.079,-23.9,47.4,0.85
close,0.5,0.0,0.0,True,struct5,fixed1.5,True,487,-0.11,-53.5,32.0,0.8,302,-0.076,-23.0,32.1,0.86
close,0.5,0.0,0.0,True,struct5,fixed1.5,False,487,-0.111,-54.1,38.4,0.83,302,-0.1,-30.3,36.8,0.84
close,0.5,0.0,0.0,True,struct5,fixed2.0,True,487,-0.121,-58.7,24.6,0.79,302,-0.103,-31.2,23.2,0.81
close,0.5,0.0,0.0,True,struct5,fixed2.0,False,487,-0.113,-54.9,32.9,0.84,302,-0.068,-20.4,32.1,0.9
close,0.5,0.0,0.25,False,atr1.5,trail3,True,523,-0.116,-60.8,37.3,0.8,313,-0.093,-29.0,41.9,0.82
close,0.5,0.0,0.25,False,atr1.5,trail3,False,523,-0.115,-60.2,38.6,0.81,313,-0.112,-34.9,42.2,0.79
close,0.5,0.0,0.25,False,atr1.5,trail5,True,523,-0.12,-62.5,33.5,0.8,313,-0.081,-25.3,35.1,0.85
close,0.5,0.0,0.25,False,atr1.5,trail5,False,523,-0.118,-61.9,34.6,0.81,313,-0.104,-32.6,36.4,0.81
close,0.5,0.0,0.25,False,atr1.5,trail8,True,523,-0.1,-52.5,30.2,0.83,313,-0.077,-24.1,29.4,0.86
close,0.5,0.0,0.25,False,atr1.5,trail8,False,523,-0.096,-50.1,32.1,0.85,313,-0.082,-25.7,31.9,0.86
close,0.5,0.0,0.25,False,atr1.5,trail12,True,523,-0.08,-42.0,24.3,0.86,313,-0.057,-17.9,24.0,0.89
close,0.5,0.0,0.25,False,atr1.5,trail12,False,523,-0.083,-43.4,26.4,0.87,313,-0.072,-22.6,26.5,0.88
close,0.5,0.0,0.25,False,atr1.5,fixed1.0,True,523,-0.147,-76.7,46.3,0.75,313,-0.042,-13.0,50.5,0.92
close,0.5,0.0,0.25,False,atr1.5,fixed1.0,False,523,-0.147,-76.7,46.3,0.75,313,-0.042,-13.0,50.5,0.92
close,0.5,0.0,0.25,False,atr1.5,fixed1.5,True,523,-0.11,-57.7,33.3,0.81,313,-0.017,-5.4,35.1,0.97
close,0.5,0.0,0.25,False,atr1.5,fixed1.5,False,523,-0.105,-54.8,38.8,0.84,313,-0.059,-18.4,39.6,0.91
close,0.5,0.0,0.25,False,atr1.5,fixed2.0,True,523,-0.135,-70.8,23.7,0.77,313,-0.042,-13.0,25.2,0.92
close,0.5,0.0,0.25,False,atr1.5,fixed2.0,False,523,-0.102,-53.2,32.5,0.86,313,-0.084,-26.2,32.3,0.88
close,0.5,0.0,0.25,False,atr2.0,trail3,True,510,-0.117,-59.6,41.8,0.79,316,-0.128,-40.6,43.7,0.76
close,0.5,0.0,0.25,False,atr2.0,trail3,False,510,-0.119,-60.8,42.4,0.79,316,-0.133,-42.2,44.0,0.76
close,0.5,0.0,0.25,False,atr2.0,trail5,True,510,-0.127,-64.9,37.3,0.78,316,-0.093,-29.4,39.9,0.83
close,0.5,0.0,0.25,False,atr2.0,trail5,False,510,-0.13,-66.1,37.8,0.78,316,-0.1,-31.5,40.8,0.82
close,0.5,0.0,0.25,False,atr2.0,trail8,True,510,-0.122,-62.4,33.3,0.79,316,-0.102,-32.4,34.2,0.81
close,0.5,0.0,0.25,False,atr2.0,trail8,False,510,-0.116,-59.0,35.1,0.81,316,-0.101,-31.9,35.8,0.82
close,0.5,0.0,0.25,False,atr2.0,trail12,True,510,-0.114,-57.9,28.2,0.8,316,-0.074,-23.4,29.1,0.87
close,0.5,0.0,0.25,False,atr2.0,trail12,False,510,-0.109,-55.4,30.6,0.82,316,-0.069,-21.8,31.3,0.88
close,0.5,0.0,0.25,False,atr2.0,fixed1.0,True,510,-0.115,-58.7,47.3,0.79,316,-0.081,-25.6,47.8,0.85
close,0.5,0.0,0.25,False,atr2.0,fixed1.0,False,510,-0.115,-58.7,47.3,0.79,316,-0.081,-25.6,47.8,0.85
close,0.5,0.0,0.25,False,atr2.0,fixed1.5,True,510,-0.133,-67.7,30.4,0.77,316,-0.086,-27.2,31.6,0.84
close,0.5,0.0,0.25,False,atr2.0,fixed1.5,False,510,-0.118,-60.4,37.8,0.82,316,-0.082,-25.8,38.3,0.87
close,0.5,0.0,0.25,False,atr2.0,fixed2.0,True,510,-0.115,-58.8,23.7,0.8,316,-0.132,-41.7,21.5,0.76
close,0.5,0.0,0.25,False,atr2.0,fixed2.0,False,510,-0.146,-74.3,30.8,0.8,316,-0.112,-35.2,30.7,0.84
close,0.5,0.0,0.25,False,atr2.5,trail3,True,496,-0.092,-45.5,45.2,0.83,308,-0.119,-36.8,46.8,0.77
close,0.5,0.0,0.25,False,atr2.5,trail3,False,496,-0.096,-47.7,45.2,0.83,308,-0.122,-37.7,46.8,0.77
close,0.5,0.0,0.25,False,atr2.5,trail5,True,496,-0.103,-51.1,42.1,0.81,308,-0.102,-31.5,44.2,0.8
close,0.5,0.0,0.25,False,atr2.5,trail5,False,496,-0.11,-54.7,42.1,0.8,308,-0.104,-31.9,44.8,0.8
close,0.5,0.0,0.25,False,atr2.5,trail8,True,496,-0.093,-46.2,39.1,0.83,308,-0.108,-33.4,37.7,0.79
close,0.5,0.0,0.25,False,atr2.5,trail8,False,496,-0.099,-49.1,39.7,0.83,308,-0.1,-30.9,39.3,0.81
close,0.5,0.0,0.25,False,atr2.5,trail12,True,496,-0.078,-38.9,34.9,0.86,308,-0.086,-26.4,33.1,0.84
close,0.5,0.0,0.25,False,atr2.5,trail12,False,496,-0.087,-43.2,35.9,0.85,308,-0.073,-22.5,35.7,0.87
close,0.5,0.0,0.25,False,atr2.5,fixed1.0,True,496,-0.099,-49.1,47.6,0.82,308,-0.041,-12.6,49.4,0.92
close,0.5,0.0,0.25,False,atr2.5,fixed1.0,False,496,-0.099,-49.1,47.6,0.82,308,-0.041,-12.6,49.4,0.92
close,0.5,0.0,0.25,False,atr2.5,fixed1.5,True,496,-0.098,-48.8,32.1,0.82,308,-0.083,-25.7,30.2,0.84
close,0.5,0.0,0.25,False,atr2.5,fixed1.5,False,496,-0.104,-51.7,38.1,0.84,308,-0.08,-24.7,37.7,0.87
close,0.5,0.0,0.25,False,atr2.5,fixed2.0,True,496,-0.084,-41.6,25.2,0.85,308,-0.111,-34.1,21.4,0.79
close,0.5,0.0,0.25,False,atr2.5,fixed2.0,False,496,-0.059,-29.3,33.7,0.92,308,-0.077,-23.6,31.8,0.89
close,0.5,0.0,0.25,False,atr3.0,trail3,True,489,-0.079,-38.9,46.0,0.85,304,-0.116,-35.4,46.1,0.78
close,0.5,0.0,0.25,False,atr3.0,trail3,False,489,-0.083,-40.6,46.4,0.85,304,-0.119,-36.1,46.1,0.78
close,0.5,0.0,0.25,False,atr3.0,trail5,True,489,-0.091,-44.5,44.0,0.83,304,-0.092,-27.9,44.7,0.83
close,0.5,0.0,0.25,False,atr3.0,trail5,False,489,-0.097,-47.3,44.4,0.82,304,-0.095,-29.0,44.7,0.82
close,0.5,0.0,0.25,False,atr3.0,trail8,True,489,-0.074,-36.1,41.5,0.86,304,-0.079,-24.1,40.5,0.85
close,0.5,0.0,0.25,False,atr3.0,trail8,False,489,-0.076,-37.4,42.3,0.86,304,-0.081,-24.7,41.1,0.85
close,0.5,0.0,0.25,False,atr3.0,trail12,True,489,-0.065,-31.7,38.0,0.88,304,-0.064,-19.4,37.8,0.88
close,0.5,0.0,0.25,False,atr3.0,trail12,False,489,-0.075,-36.5,38.9,0.87,304,-0.068,-20.7,39.1,0.88
close,0.5,0.0,0.25,False,atr3.0,fixed1.0,True,489,-0.07,-34.3,48.5,0.87,304,-0.071,-21.4,47.4,0.87
close,0.5,0.0,0.25,False,atr3.0,fixed1.0,False,489,-0.07,-34.3,48.5,0.87,304,-0.071,-21.4,47.4,0.87
close,0.5,0.0,0.25,False,atr3.0,fixed1.5,True,489,-0.079,-38.8,32.3,0.85,304,-0.102,-31.1,29.3,0.81
close,0.5,0.0,0.25,False,atr3.0,fixed1.5,False,489,-0.095,-46.2,38.2,0.85,304,-0.096,-29.3,36.8,0.85
close,0.5,0.0,0.25,False,atr3.0,fixed2.0,True,489,-0.078,-38.3,24.9,0.86,304,-0.089,-27.0,23.0,0.84
close,0.5,0.0,0.25,False,atr3.0,fixed2.0,False,489,-0.079,-38.8,33.1,0.89,304,-0.044,-13.5,32.9,0.94
close,0.5,0.0,0.25,False,struct5,trail3,True,494,-0.131,-64.9,43.9,0.77,304,-0.126,-38.3,45.4,0.77
close,0.5,0.0,0.25,False,struct5,trail3,False,494,-0.134,-66.4,44.1,0.76,304,-0.128,-39.1,45.4,0.76
close,0.5,0.0,0.25,False,struct5,trail5,True,494,-0.14,-69.4,41.1,0.75,304,-0.116,-35.4,42.8,0.79
close,0.5,0.0,0.25,False,struct5,trail5,False,494,-0.148,-73.3,41.3,0.74,304,-0.123,-37.3,43.1,0.78
close,0.5,0.0,0.25,False,struct5,trail8,True,494,-0.136,-67.3,38.5,0.76,304,-0.134,-40.7,38.2,0.75
close,0.5,0.0,0.25,False,struct5,trail8,False,494,-0.143,-70.7,39.5,0.75,304,-0.133,-40.3,39.5,0.76
close,0.5,0.0,0.25,False,struct5,trail12,True,494,-0.119,-58.9,33.8,0.79,304,-0.131,-39.7,34.2,0.76
close,0.5,0.0,0.25,False,struct5,trail12,False,494,-0.138,-68.1,34.8,0.77,304,-0.125,-37.9,36.5,0.78
close,0.5,0.0,0.25,False,struct5,fixed1.0,True,494,-0.115,-56.7,47.0,0.79,304,-0.085,-26.0,47.0,0.84
close,0.5,0.0,0.25,False,struct5,fixed1.0,False,494,-0.115,-56.7,47.0,0.79,304,-0.085,-26.0,47.0,0.84
close,0.5,0.0,0.25,False,struct5,fixed1.5,True,494,-0.117,-57.7,31.8,0.79,304,-0.082,-25.1,31.9,0.85
close,0.5,0.0,0.25,False,struct5,fixed1.5,False,494,-0.12,-59.2,38.1,0.82,304,-0.106,-32.3,36.5,0.84
close,0.5,0.0,0.25,False,struct5,fixed2.0,True,494,-0.126,-62.4,24.5,0.78,304,-0.109,-33.3,23.0,0.8
close,0.5,0.0,0.25,False,struct5,fixed2.0,False,494,-0.12,-59.5,32.6,0.83,304,-0.074,-22.5,31.9,0.89
close,0.5,0.0,0.25,True,atr1.5,trail3,True,514,-0.118,-60.8,37.4,0.8,310,-0.084,-25.9,42.3,0.84
close,0.5,0.0,0.25,True,atr1.5,trail3,False,514,-0.117,-60.1,38.7,0.8,310,-0.103,-31.8,42.6,0.81
close,0.5,0.0,0.25,True,atr1.5,trail5,True,514,-0.13,-67.0,33.5,0.78,310,-0.072,-22.2,35.5,0.86
close,0.5,0.0,0.25,True,atr1.5,trail5,False,514,-0.128,-65.9,34.6,0.79,310,-0.095,-29.5,36.8,0.83
close,0.5,0.0,0.25,True,atr1.5,trail8,True,514,-0.11,-56.6,30.2,0.81,310,-0.068,-21.0,29.7,0.87
close,0.5,0.0,0.25,True,atr1.5,trail8,False,514,-0.104,-53.4,32.1,0.83,310,-0.073,-22.6,32.3,0.87
close,0.5,0.0,0.25,True,atr1.5,trail12,True,514,-0.095,-48.6,24.1,0.84,310,-0.048,-14.8,24.2,0.91
close,0.5,0.0,0.25,True,atr1.5,trail12,False,514,-0.096,-49.2,26.3,0.85,310,-0.063,-19.5,26.8,0.89
close,0.5,0.0,0.25,True,atr1.5,fixed1.0,True,514,-0.146,-75.1,46.3,0.75,310,-0.032,-9.9,51.0,0.94
close,0.5,0.0,0.25,True,atr1.5,fixed1.0,False,514,-0.146,-75.1,46.3,0.75,310,-0.032,-9.9,51.0,0.94
close,0.5,0.0,0.25,True,atr1.5,fixed1.5,True,514,-0.113,-58.1,33.1,0.81,310,-0.008,-2.3,35.5,0.99
close,0.5,0.0,0.25,True,atr1.5,fixed1.5,False,514,-0.107,-55.1,38.7,0.84,310,-0.049,-15.3,40.0,0.92
close,0.5,0.0,0.25,True,atr1.5,fixed2.0,True,514,-0.139,-71.2,23.5,0.77,310,-0.032,-9.9,25.5,0.94
close,0.5,0.0,0.25,True,atr1.5,fixed2.0,False,514,-0.102,-52.6,32.5,0.86,310,-0.074,-23.1,32.6,0.9
close,0.5,0.0,0.25,True,atr2.0,trail3,True,502,-0.11,-55.4,42.2,0.8,314,-0.123,-38.5,43.9,0.77
close,0.5,0.0,0.25,True,atr2.0,trail3,False,502,-0.113,-56.5,42.8,0.8,314,-0.128,-40.1,44.3,0.77
close,0.5,0.0,0.25,True,atr2.0,trail5,True,502,-0.129,-64.5,37.6,0.77,314,-0.087,-27.4,40.1,0.84
close,0.5,0.0,0.25,True,atr2.0,trail5,False,502,-0.13,-65.4,38.2,0.78,314,-0.094,-29.5,41.1,0.83
close,0.5,0.0,0.25,True,atr2.0,trail8,True,502,-0.123,-61.7,33.7,0.78,314,-0.097,-30.4,34.4,0.82
close,0.5,0.0,0.25,True,atr2.0,trail8,False,502,-0.115,-57.7,35.5,0.8,314,-0.095,-29.9,36.0,0.83
close,0.5,0.0,0.25,True,atr2.0,trail12,True,502,-0.118,-59.2,28.5,0.79,314,-0.068,-21.3,29.3,0.88
close,0.5,0.0,0.25,True,atr2.0,trail12,False,502,-0.112,-56.0,30.9,0.82,314,-0.063,-19.8,31.5,0.89
close,0.5,0.0,0.25,True,atr2.0,fixed1.0,True,502,-0.108,-54.2,47.6,0.81,314,-0.075,-23.6,48.1,0.86
close,0.5,0.0,0.25,True,atr2.0,fixed1.0,False,502,-0.108,-54.2,47.6,0.81,314,-0.075,-23.6,48.1,0.86
close,0.5,0.0,0.25,True,atr2.0,fixed1.5,True,502,-0.125,-62.8,30.7,0.78,314,-0.08,-25.1,31.8,0.85
close,0.5,0.0,0.25,True,atr2.0,fixed1.5,False,502,-0.108,-54.5,38.2,0.83,314,-0.076,-23.7,38.5,0.88
close,0.5,0.0,0.25,True,atr2.0,fixed2.0,True,502,-0.108,-54.3,23.9,0.81,314,-0.126,-39.7,21.7,0.77
close,0.5,0.0,0.25,True,atr2.0,fixed2.0,False,502,-0.137,-68.8,31.1,0.81,314,-0.106,-33.2,30.9,0.85
close,0.5,0.0,0.25,True,atr2.5,trail3,True,488,-0.085,-41.4,45.5,0.85,305,-0.111,-33.7,47.2,0.79
close,0.5,0.0,0.25,True,atr2.5,trail3,False,488,-0.089,-43.5,45.5,0.84,305,-0.113,-34.6,47.2,0.78
close,0.5,0.0,0.25,True,atr2.5,trail5,True,488,-0.102,-49.9,42.4,0.81,305,-0.093,-28.4,44.6,0.82
close,0.5,0.0,0.25,True,atr2.5,trail5,False,488,-0.11,-53.5,42.4,0.8,305,-0.095,-28.8,45.2,0.82
close,0.5,0.0,0.25,True,atr2.5,trail8,True,488,-0.092,-44.7,39.3,0.83,305,-0.099,-30.3,38.0,0.81
close,0.5,0.0,0.25,True,atr2.5,trail8,False,488,-0.098,-47.6,40.0,0.83,305,-0.091,-27.8,39.7,0.83
close,0.5,0.0,0.25,True,atr2.5,trail12,True,488,-0.08,-39.1,35.0,0.86,305,-0.077,-23.4,33.4,0.85
close,0.5,0.0,0.25,True,atr2.5,trail12,False,488,-0.089,-43.3,36.1,0.85,305,-0.064,-19.4,36.1,0.88
close,0.5,0.0,0.25,True,atr2.5,fixed1.0,True,488,-0.092,-44.7,48.0,0.83,305,-0.031,-9.6,49.8,0.94
close,0.5,0.0,0.25,True,atr2.5,fixed1.0,False,488,-0.092,-44.7,48.0,0.83,305,-0.031,-9.6,49.8,0.94
close,0.5,0.0,0.25,True,atr2.5,fixed1.5,True,488,-0.093,-45.4,32.2,0.83,305,-0.074,-22.6,30.5,0.86
close,0.5,0.0,0.25,True,atr2.5,fixed1.5,False,488,-0.099,-48.3,38.3,0.85,305,-0.071,-21.6,38.0,0.89
close,0.5,0.0,0.25,True,atr2.5,fixed2.0,True,488,-0.08,-39.3,25.2,0.86,305,-0.102,-31.1,21.6,0.81
close,0.5,0.0,0.25,True,atr2.5,fixed2.0,False,488,-0.055,-26.9,33.8,0.92,305,-0.067,-20.6,32.1,0.9
close,0.5,0.0,0.25,True,atr3.0,trail3,True,482,-0.076,-36.5,46.3,0.86,302,-0.11,-33.4,46.4,0.79
close,0.5,0.0,0.25,True,atr3.0,trail3,False,482,-0.077,-37.2,46.7,0.86,302,-0.113,-34.1,46.4,0.79
close,0.5,0.0,0.25,True,atr3.0,trail5,True,482,-0.092,-44.5,44.2,0.83,302,-0.086,-25.9,45.0,0.84
close,0.5,0.0,0.25,True,atr3.0,trail5,False,482,-0.096,-46.4,44.6,0.82,302,-0.089,-27.0,45.0,0.83
close,0.5,0.0,0.25,True,atr3.0,trail8,True,482,-0.075,-35.9,41.7,0.86,302,-0.073,-22.1,40.7,0.86
close,0.5,0.0,0.25,True,atr3.0,trail8,False,482,-0.075,-36.3,42.5,0.86,302,-0.075,-22.7,41.4,0.86
close,0.5,0.0,0.25,True,atr3.0,trail12,True,482,-0.068,-33.0,38.2,0.87,302,-0.057,-17.4,38.1,0.89
close,0.5,0.0,0.25,True,atr3.0,trail12,False,482,-0.076,-36.7,39.0,0.86,302,-0.062,-18.6,39.4,0.89
close,0.5,0.0,0.25,True,atr3.0,fixed1.0,True,482,-0.069,-33.0,48.5,0.87,302,-0.064,-19.4,47.7,0.88
close,0.5,0.0,0.25,True,atr3.0,fixed1.0,False,482,-0.069,-33.0,48.5,0.87,302,-0.064,-19.4,47.7,0.88
close,0.5,0.0,0.25,True,atr3.0,fixed1.5,True,482,-0.081,-39.1,32.2,0.85,302,-0.096,-29.1,29.5,0.82
close,0.5,0.0,0.25,True,atr3.0,fixed1.5,False,482,-0.096,-46.5,38.2,0.85,302,-0.09,-27.3,37.1,0.86
close,0.5,0.0,0.25,True,atr3.0,fixed2.0,True,482,-0.079,-38.0,24.9,0.85,302,-0.083,-25.0,23.2,0.85
close,0.5,0.0,0.25,True,atr3.0,fixed2.0,False,482,-0.078,-37.5,33.2,0.89,302,-0.038,-11.4,33.1,0.94
close,0.5,0.0,0.25,True,struct5,trail3,True,487,-0.126,-61.6,44.4,0.77,302,-0.12,-36.2,45.7,0.78
close,0.5,0.0,0.25,True,struct5,trail3,False,487,-0.13,-63.2,44.6,0.77,302,-0.122,-37.0,45.7,0.77
close,0.5,0.0,0.25,True,struct5,trail5,True,487,-0.143,-69.6,41.5,0.74,302,-0.11,-33.3,43.0,0.8
close,0.5,0.0,0.25,True,struct5,trail5,False,487,-0.15,-73.1,41.7,0.74,302,-0.117,-35.3,43.4,0.79
close,0.5,0.0,0.25,True,struct5,trail8,True,487,-0.138,-67.3,38.8,0.75,302,-0.128,-38.6,38.4,0.76
close,0.5,0.0,0.25,True,struct5,trail8,False,487,-0.143,-69.9,39.8,0.75,302,-0.127,-38.2,39.7,0.77
close,0.5,0.0,0.25,True,struct5,trail12,True,487,-0.126,-61.4,34.1,0.78,302,-0.125,-37.7,34.4,0.77
close,0.5,0.0,0.25,True,struct5,trail12,False,487,-0.143,-69.8,35.1,0.76,302,-0.119,-35.9,36.8,0.79
close,0.5,0.0,0.25,True,struct5,fixed1.0,True,487,-0.109,-53.1,47.2,0.8,302,-0.079,-23.9,47.4,0.85
close,0.5,0.0,0.25,True,struct5,fixed1.0,False,487,-0.109,-53.1,47.2,0.8,302,-0.079,-23.9,47.4,0.85
close,0.5,0.0,0.25,True,struct5,fixed1.5,True,487,-0.11,-53.5,32.0,0.8,302,-0.076,-23.0,32.1,0.86
close,0.5,0.0,0.25,True,struct5,fixed1.5,False,487,-0.111,-54.1,38.4,0.83,302,-0.1,-30.3,36.8,0.84
close,0.5,0.0,0.25,True,struct5,fixed2.0,True,487,-0.121,-58.7,24.6,0.79,302,-0.103,-31.2,23.2,0.81
close,0.5,0.0,0.25,True,struct5,fixed2.0,False,487,-0.113,-54.9,32.9,0.84,302,-0.068,-20.4,32.1,0.9
close,0.5,0.0,0.5,False,atr1.5,trail3,True,520,-0.11,-57.2,37.5,0.81,313,-0.088,-27.6,42.2,0.83
close,0.5,0.0,0.5,False,atr1.5,trail3,False,520,-0.109,-56.5,38.8,0.82,313,-0.107,-33.5,42.5,0.8
close,0.5,0.0,0.5,False,atr1.5,trail5,True,520,-0.114,-59.4,33.7,0.8,313,-0.076,-23.7,35.1,0.86
close,0.5,0.0,0.5,False,atr1.5,trail5,False,520,-0.113,-58.6,34.8,0.82,313,-0.1,-31.3,36.4,0.82
close,0.5,0.0,0.5,False,atr1.5,trail8,True,520,-0.095,-49.5,30.4,0.84,313,-0.072,-22.4,29.7,0.86
close,0.5,0.0,0.5,False,atr1.5,trail8,False,520,-0.091,-47.1,32.3,0.85,313,-0.078,-24.5,32.3,0.86
close,0.5,0.0,0.5,False,atr1.5,trail12,True,520,-0.072,-37.6,24.4,0.88,313,-0.053,-16.4,24.3,0.9
close,0.5,0.0,0.5,False,atr1.5,trail12,False,520,-0.075,-39.0,26.5,0.88,313,-0.068,-21.3,26.8,0.89
close,0.5,0.0,0.5,False,atr1.5,fixed1.0,True,520,-0.145,-75.6,46.3,0.75,313,-0.035,-11.0,50.8,0.93
close,0.5,0.0,0.5,False,atr1.5,fixed1.0,False,520,-0.145,-75.6,46.3,0.75,313,-0.035,-11.0,50.8,0.93
close,0.5,0.0,0.5,False,atr1.5,fixed1.5,True,520,-0.107,-55.6,33.5,0.82,313,-0.019,-5.9,34.8,0.96
close,0.5,0.0,0.5,False,atr1.5,fixed1.5,False,520,-0.099,-51.6,39.0,0.85,313,-0.067,-20.9,39.3,0.9
close,0.5,0.0,0.5,False,atr1.5,fixed2.0,True,520,-0.132,-68.7,23.8,0.78,313,-0.038,-12.0,25.2,0.93
close,0.5,0.0,0.5,False,atr1.5,fixed2.0,False,520,-0.096,-50.1,32.7,0.87,313,-0.084,-26.2,32.3,0.88
close,0.5,0.0,0.5,False,atr2.0,trail3,True,507,-0.109,-55.4,42.0,0.81,317,-0.13,-41.3,43.5,0.76
close,0.5,0.0,0.5,False,atr2.0,trail3,False,507,-0.112,-56.5,42.6,0.8,317,-0.135,-42.9,43.8,0.75
close,0.5,0.0,0.5,False,atr2.0,trail5,True,507,-0.12,-61.0,37.5,0.79,317,-0.095,-30.0,39.7,0.83
close,0.5,0.0,0.5,False,atr2.0,trail5,False,507,-0.123,-62.2,38.1,0.79,317,-0.101,-32.1,40.7,0.82
close,0.5,0.0,0.5,False,atr2.0,trail8,True,507,-0.116,-58.7,33.5,0.8,317,-0.104,-32.9,34.4,0.81
close,0.5,0.0,0.5,False,atr2.0,trail8,False,507,-0.109,-55.3,35.3,0.82,317,-0.101,-32.2,36.0,0.82
close,0.5,0.0,0.5,False,atr2.0,trail12,True,507,-0.105,-53.1,28.4,0.82,317,-0.076,-24.0,29.3,0.86
close,0.5,0.0,0.5,False,atr2.0,trail12,False,507,-0.1,-50.6,30.8,0.84,317,-0.069,-22.0,31.5,0.88
close,0.5,0.0,0.5,False,atr2.0,fixed1.0,True,507,-0.11,-55.6,47.5,0.8,317,-0.084,-26.6,47.6,0.85
close,0.5,0.0,0.5,False,atr2.0,fixed1.0,False,507,-0.11,-55.6,47.5,0.8,317,-0.084,-26.6,47.6,0.85
close,0.5,0.0,0.5,False,atr2.0,fixed1.5,True,507,-0.127,-64.6,30.6,0.78,317,-0.089,-28.2,31.5,0.84
close,0.5,0.0,0.5,False,atr2.0,fixed1.5,False,507,-0.113,-57.3,38.1,0.83,317,-0.085,-26.8,38.2,0.87
close,0.5,0.0,0.5,False,atr2.0,fixed2.0,True,507,-0.11,-55.7,23.9,0.81,317,-0.135,-42.7,21.5,0.76
close,0.5,0.0,0.5,False,atr2.0,fixed2.0,False,507,-0.14,-71.2,31.0,0.81,317,-0.114,-36.2,30.6,0.84
close,0.5,0.0,0.5,False,atr2.5,trail3,True,493,-0.085,-41.7,45.4,0.85,308,-0.124,-38.1,46.4,0.76
close,0.5,0.0,0.5,False,atr2.5,trail3,False,493,-0.089,-43.9,45.4,0.84,308,-0.127,-39.0,46.4,0.76
close,0.5,0.0,0.5,False,atr2.5,trail5,True,493,-0.097,-47.6,42.4,0.82,308,-0.106,-32.5,43.8,0.8
close,0.5,0.0,0.5,False,atr2.5,trail5,False,493,-0.104,-51.2,42.4,0.81,308,-0.107,-32.9,44.5,0.8
close,0.5,0.0,0.5,False,atr2.5,trail8,True,493,-0.087,-42.8,39.4,0.84,308,-0.112,-34.3,37.7,0.79
close,0.5,0.0,0.5,False,atr2.5,trail8,False,493,-0.093,-45.7,40.0,0.84,308,-0.103,-31.7,39.3,0.81
close,0.5,0.0,0.5,False,atr2.5,trail12,True,493,-0.07,-34.7,34.9,0.87,308,-0.089,-27.4,33.1,0.83
close,0.5,0.0,0.5,False,atr2.5,trail12,False,493,-0.079,-38.9,35.9,0.86,308,-0.075,-23.1,35.7,0.86
close,0.5,0.0,0.5,False,atr2.5,fixed1.0,True,493,-0.093,-45.9,47.9,0.83,308,-0.047,-14.6,49.0,0.91
close,0.5,0.0,0.5,False,atr2.5,fixed1.0,False,493,-0.093,-45.9,47.9,0.83,308,-0.047,-14.6,49.0,0.91
close,0.5,0.0,0.5,False,atr2.5,fixed1.5,True,493,-0.096,-47.1,32.0,0.83,308,-0.086,-26.6,30.2,0.84
close,0.5,0.0,0.5,False,atr2.5,fixed1.5,False,493,-0.099,-48.6,38.3,0.85,308,-0.08,-24.7,37.7,0.87
close,0.5,0.0,0.5,False,atr2.5,fixed2.0,True,493,-0.082,-40.5,25.2,0.85,308,-0.114,-35.1,21.4,0.79
close,0.5,0.0,0.5,False,atr2.5,fixed2.0,False,493,-0.053,-26.2,33.9,0.92,308,-0.077,-23.6,31.8,0.89
close,0.5,0.0,0.5,False,atr3.0,trail3,True,485,-0.076,-36.7,46.2,0.86,303,-0.113,-34.4,46.2,0.79
close,0.5,0.0,0.5,False,atr3.0,trail3,False,485,-0.079,-38.4,46.6,0.85,303,-0.116,-35.1,46.2,0.78
close,0.5,0.0,0.5,False,atr3.0,trail5,True,485,-0.087,-42.3,44.1,0.84,303,-0.089,-26.8,44.9,0.83
close,0.5,0.0,0.5,False,atr3.0,trail5,False,485,-0.093,-45.2,44.5,0.83,303,-0.092,-28.0,44.9,0.83
close,0.5,0.0,0.5,False,atr3.0,trail8,True,485,-0.07,-34.0,41.6,0.87,303,-0.076,-23.1,40.6,0.86
close,0.5,0.0,0.5,False,atr3.0,trail8,False,485,-0.073,-35.3,42.5,0.87,303,-0.078,-23.7,41.3,0.86
close,0.5,0.0,0.5,False,atr3.0,trail12,True,485,-0.059,-28.6,38.1,0.89,303,-0.061,-18.4,38.0,0.89
close,0.5,0.0,0.5,False,atr3.0,trail12,False,485,-0.068,-33.1,39.0,0.88,303,-0.065,-19.6,39.3,0.88
close,0.5,0.0,0.5,False,atr3.0,fixed1.0,True,485,-0.068,-33.1,48.7,0.87,303,-0.067,-20.4,47.5,0.87
close,0.5,0.0,0.5,False,atr3.0,fixed1.0,False,485,-0.068,-33.1,48.7,0.87,303,-0.067,-20.4,47.5,0.87
close,0.5,0.0,0.5,False,atr3.0,fixed1.5,True,485,-0.079,-38.1,32.4,0.85,303,-0.099,-30.1,29.4,0.81
close,0.5,0.0,0.5,False,atr3.0,fixed1.5,False,485,-0.089,-43.0,38.6,0.86,303,-0.093,-28.3,37.0,0.85
close,0.5,0.0,0.5,False,atr3.0,fixed2.0,True,485,-0.078,-38.0,24.9,0.86,303,-0.086,-26.0,23.1,0.84
close,0.5,0.0,0.5,False,atr3.0,fixed2.0,False,485,-0.073,-35.6,33.4,0.89,303,-0.041,-12.4,33.0,0.94
close,0.5,0.0,0.5,False,struct5,trail3,True,490,-0.119,-58.5,44.3,0.79,304,-0.126,-38.3,45.4,0.77
close,0.5,0.0,0.5,False,struct5,trail3,False,490,-0.123,-60.1,44.5,0.78,304,-0.128,-39.0,45.4,0.76
close,0.5,0.0,0.5,False,struct5,trail5,True,490,-0.13,-63.5,41.4,0.77,304,-0.116,-35.4,42.8,0.79
close,0.5,0.0,0.5,False,struct5,trail5,False,490,-0.138,-67.4,41.6,0.76,304,-0.123,-37.3,43.1,0.78
close,0.5,0.0,0.5,False,struct5,trail8,True,490,-0.126,-61.7,38.8,0.78,304,-0.134,-40.7,38.2,0.75
close,0.5,0.0,0.5,False,struct5,trail8,False,490,-0.133,-65.1,39.8,0.77,304,-0.133,-40.3,39.5,0.76
close,0.5,0.0,0.5,False,struct5,trail12,True,490,-0.106,-51.8,34.1,0.81,304,-0.131,-39.7,34.2,0.76
close,0.5,0.0,0.5,False,struct5,trail12,False,490,-0.124,-61.0,35.1,0.79,304,-0.125,-37.9,36.5,0.78
close,0.5,0.0,0.5,False,struct5,fixed1.0,True,490,-0.107,-52.6,47.3,0.81,304,-0.085,-26.0,47.0,0.84
close,0.5,0.0,0.5,False,struct5,fixed1.0,False,490,-0.107,-52.6,47.3,0.81,304,-0.085,-26.0,47.0,0.84
close,0.5,0.0,0.5,False,struct5,fixed1.5,True,490,-0.109,-53.5,32.0,0.81,304,-0.082,-25.1,31.9,0.85
close,0.5,0.0,0.5,False,struct5,fixed1.5,False,490,-0.112,-55.1,38.4,0.83,304,-0.106,-32.3,36.5,0.84
close,0.5,0.0,0.5,False,struct5,fixed2.0,True,490,-0.119,-58.2,24.7,0.79,304,-0.109,-33.2,23.0,0.8
close,0.5,0.0,0.5,False,struct5,fixed2.0,False,490,-0.113,-55.4,32.9,0.84,304,-0.074,-22.4,31.9,0.89
close,0.5,0.0,0.5,True,atr1.5,trail3,True,510,-0.119,-60.5,37.5,0.8,310,-0.079,-24.5,42.6,0.85
close,0.5,0.0,0.5,True,atr1.5,trail3,False,510,-0.117,-59.8,38.8,0.8,310,-0.098,-30.4,42.9,0.82
close,0.5,0.0,0.5,True,atr1.5,trail5,True,510,-0.131,-66.9,33.5,0.78,310,-0.066,-20.6,35.5,0.87
close,0.5,0.0,0.5,True,atr1.5,trail5,False,510,-0.129,-65.7,34.7,0.79,310,-0.091,-28.2,36.8,0.83
close,0.5,0.0,0.5,True,atr1.5,trail8,True,510,-0.111,-56.4,30.2,0.81,310,-0.062,-19.3,30.0,0.88
close,0.5,0.0,0.5,True,atr1.5,trail8,False,510,-0.104,-53.2,32.2,0.83,310,-0.069,-21.4,32.6,0.88
close,0.5,0.0,0.5,True,atr1.5,trail12,True,510,-0.095,-48.3,24.1,0.84,310,-0.043,-13.3,24.5,0.92
close,0.5,0.0,0.5,True,atr1.5,trail12,False,510,-0.096,-48.8,26.3,0.85,310,-0.059,-18.2,27.1,0.9
close,0.5,0.0,0.5,True,atr1.5,fixed1.0,True,510,-0.147,-74.9,46.3,0.75,310,-0.025,-7.9,51.3,0.95
close,0.5,0.0,0.5,True,atr1.5,fixed1.0,False,510,-0.147,-74.9,46.3,0.75,310,-0.025,-7.9,51.3,0.95
close,0.5,0.0,0.5,True,atr1.5,fixed1.5,True,510,-0.113,-57.4,33.1,0.81,310,-0.009,-2.8,35.2,0.98
close,0.5,0.0,0.5,True,atr1.5,fixed1.5,False,510,-0.105,-53.5,38.8,0.84,310,-0.057,-17.8,39.7,0.91
close,0.5,0.0,0.5,True,atr1.5,fixed2.0,True,510,-0.139,-71.1,23.5,0.77,310,-0.029,-8.9,25.5,0.95
close,0.5,0.0,0.5,True,atr1.5,fixed2.0,False,510,-0.101,-51.4,32.5,0.86,310,-0.074,-23.1,32.6,0.9
close,0.5,0.0,0.5,True,atr2.0,trail3,True,498,-0.108,-53.7,42.4,0.81,315,-0.125,-39.3,43.8,0.77
close,0.5,0.0,0.5,True,atr2.0,trail3,False,498,-0.11,-54.8,43.0,0.81,315,-0.13,-40.9,44.1,0.76
close,0.5,0.0,0.5,True,atr2.0,trail5,True,498,-0.126,-62.9,37.8,0.78,315,-0.089,-27.9,40.0,0.84
close,0.5,0.0,0.5,True,atr2.0,trail5,False,498,-0.128,-63.8,38.4,0.78,315,-0.095,-30.0,41.0,0.83
close,0.5,0.0,0.5,True,atr2.0,trail8,True,498,-0.121,-60.1,33.7,0.79,315,-0.098,-30.9,34.6,0.82
close,0.5,0.0,0.5,True,atr2.0,trail8,False,498,-0.113,-56.1,35.5,0.81,315,-0.096,-30.1,36.2,0.83
close,0.5,0.0,0.5,True,atr2.0,trail12,True,498,-0.115,-57.5,28.5,0.8,315,-0.07,-22.0,29.5,0.87
close,0.5,0.0,0.5,True,atr2.0,trail12,False,498,-0.109,-54.3,30.9,0.82,315,-0.063,-19.9,31.7,0.89
close,0.5,0.0,0.5,True,atr2.0,fixed1.0,True,498,-0.105,-52.1,47.8,0.81,315,-0.078,-24.6,47.9,0.86
close,0.5,0.0,0.5,True,atr2.0,fixed1.0,False,498,-0.105,-52.1,47.8,0.81,315,-0.078,-24.6,47.9,0.86
close,0.5,0.0,0.5,True,atr2.0,fixed1.5,True,498,-0.123,-61.1,30.7,0.78,315,-0.083,-26.1,31.7,0.85
close,0.5,0.0,0.5,True,atr2.0,fixed1.5,False,498,-0.106,-52.8,38.4,0.84,315,-0.079,-24.8,38.4,0.88
close,0.5,0.0,0.5,True,atr2.0,fixed2.0,True,498,-0.107,-53.2,23.9,0.81,315,-0.129,-40.7,21.6,0.77
close,0.5,0.0,0.5,True,atr2.0,fixed2.0,False,498,-0.136,-67.7,31.1,0.81,315,-0.109,-34.2,30.8,0.85
close,0.5,0.0,0.5,True,atr2.5,trail3,True,484,-0.082,-39.6,45.7,0.85,305,-0.115,-35.1,46.9,0.78
close,0.5,0.0,0.5,True,atr2.5,trail3,False,484,-0.086,-41.8,45.7,0.84,305,-0.118,-35.9,46.9,0.77
close,0.5,0.0,0.5,True,atr2.5,trail5,True,484,-0.1,-48.2,42.6,0.82,305,-0.097,-29.5,44.3,0.81
close,0.5,0.0,0.5,True,atr2.5,trail5,False,484,-0.107,-51.8,42.6,0.81,305,-0.098,-29.9,44.9,0.81
close,0.5,0.0,0.5,True,atr2.5,trail8,True,484,-0.089,-43.1,39.5,0.84,305,-0.103,-31.3,38.0,0.8
close,0.5,0.0,0.5,True,atr2.5,trail8,False,484,-0.095,-46.0,40.1,0.83,305,-0.094,-28.6,39.7,0.82
close,0.5,0.0,0.5,True,atr2.5,trail12,True,484,-0.077,-37.3,34.9,0.86,305,-0.08,-24.4,33.4,0.85
close,0.5,0.0,0.5,True,atr2.5,trail12,False,484,-0.086,-41.6,36.0,0.85,305,-0.066,-20.0,36.1,0.88
close,0.5,0.0,0.5,True,atr2.5,fixed1.0,True,484,-0.088,-42.6,48.1,0.84,305,-0.038,-11.5,49.5,0.93
close,0.5,0.0,0.5,True,atr2.5,fixed1.0,False,484,-0.088,-42.6,48.1,0.84,305,-0.038,-11.5,49.5,0.93
close,0.5,0.0,0.5,True,atr2.5,fixed1.5,True,484,-0.093,-45.2,32.0,0.83,305,-0.077,-23.6,30.5,0.85
close,0.5,0.0,0.5,True,atr2.5,fixed1.5,False,484,-0.097,-46.7,38.4,0.85,305,-0.071,-21.6,38.0,0.89
close,0.5,0.0,0.5,True,atr2.5,fixed2.0,True,484,-0.083,-40.1,25.0,0.85,305,-0.105,-32.1,21.6,0.8
close,0.5,0.0,0.5,True,atr2.5,fixed2.0,False,484,-0.053,-25.8,33.9,0.92,305,-0.067,-20.5,32.1,0.9
close,0.5,0.0,0.5,True,atr3.0,trail3,True,477,-0.076,-36.0,46.3,0.86,301,-0.107,-32.3,46.5,0.8
close,0.5,0.0,0.5,True,atr3.0,trail3,False,477,-0.077,-36.8,46.8,0.86,301,-0.11,-33.0,46.5,0.79
close,0.5,0.0,0.5,True,atr3.0,trail5,True,477,-0.092,-43.9,44.2,0.83,301,-0.082,-24.8,45.2,0.84
close,0.5,0.0,0.5,True,atr3.0,trail5,False,477,-0.096,-45.8,44.7,0.82,301,-0.086,-26.0,45.2,0.84
close,0.5,0.0,0.5,True,atr3.0,trail8,True,477,-0.074,-35.2,41.7,0.86,301,-0.07,-21.1,40.9,0.87
close,0.5,0.0,0.5,True,atr3.0,trail8,False,477,-0.075,-35.6,42.6,0.86,301,-0.072,-21.7,41.5,0.87
close,0.5,0.0,0.5,True,atr3.0,trail12,True,477,-0.067,-31.8,38.2,0.88,301,-0.054,-16.3,38.2,0.9
close,0.5,0.0,0.5,True,atr3.0,trail12,False,477,-0.074,-35.4,39.0,0.87,301,-0.058,-17.6,39.5,0.89
close,0.5,0.0,0.5,True,atr3.0,fixed1.0,True,477,-0.069,-32.8,48.6,0.87,301,-0.061,-18.4,47.8,0.88
close,0.5,0.0,0.5,True,atr3.0,fixed1.0,False,477,-0.069,-32.8,48.6,0.87,301,-0.061,-18.4,47.8,0.88
close,0.5,0.0,0.5,True,atr3.0,fixed1.5,True,477,-0.083,-39.8,32.1,0.85,301,-0.093,-28.1,29.6,0.83
close,0.5,0.0,0.5,True,atr3.0,fixed1.5,False,477,-0.094,-44.7,38.4,0.85,301,-0.087,-26.3,37.2,0.86
close,0.5,0.0,0.5,True,atr3.0,fixed2.0,True,477,-0.083,-39.8,24.7,0.85,301,-0.08,-24.0,23.3,0.85
close,0.5,0.0,0.5,True,atr3.0,fixed2.0,False,477,-0.076,-36.3,33.3,0.89,301,-0.035,-10.4,33.2,0.95
close,0.5,0.0,0.5,True,struct5,trail3,True,482,-0.122,-58.9,44.6,0.78,302,-0.12,-36.2,45.7,0.78
close,0.5,0.0,0.5,True,struct5,trail3,False,482,-0.125,-60.4,44.8,0.78,302,-0.122,-37.0,45.7,0.77
close,0.5,0.0,0.5,True,struct5,trail5,True,482,-0.139,-66.9,41.7,0.75,302,-0.11,-33.3,43.0,0.8
close,0.5,0.0,0.5,True,struct5,trail5,False,482,-0.146,-70.4,41.9,0.74,302,-0.117,-35.3,43.4,0.79
close,0.5,0.0,0.5,True,struct5,trail8,True,482,-0.134,-64.6,39.0,0.76,302,-0.128,-38.6,38.4,0.76
close,0.5,0.0,0.5,True,struct5,trail8,False,482,-0.139,-67.2,40.0,0.76,302,-0.127,-38.2,39.7,0.77
close,0.5,0.0,0.5,True,struct5,trail12,True,482,-0.122,-58.6,34.2,0.78,302,-0.125,-37.7,34.4,0.77
close,0.5,0.0,0.5,True,struct5,trail12,False,482,-0.139,-67.1,35.3,0.76,302,-0.119,-35.9,36.8,0.79
close,0.5,0.0,0.5,True,struct5,fixed1.0,True,482,-0.104,-49.9,47.5,0.81,302,-0.079,-23.9,47.4,0.85
close,0.5,0.0,0.5,True,struct5,fixed1.0,False,482,-0.104,-49.9,47.5,0.81,302,-0.079,-23.9,47.4,0.85
close,0.5,0.0,0.5,True,struct5,fixed1.5,True,482,-0.106,-50.9,32.2,0.81,302,-0.076,-23.0,32.1,0.86
close,0.5,0.0,0.5,True,struct5,fixed1.5,False,482,-0.107,-51.4,38.6,0.83,302,-0.1,-30.3,36.8,0.84
close,0.5,0.0,0.5,True,struct5,fixed2.0,True,482,-0.117,-56.6,24.7,0.79,302,-0.103,-31.2,23.2,0.81
close,0.5,0.0,0.5,True,struct5,fixed2.0,False,482,-0.109,-52.7,33.0,0.84,302,-0.067,-20.4,32.1,0.9
close,0.5,0.2,0.0,False,atr1.5,trail3,True,515,-0.123,-63.3,36.9,0.79,308,-0.085,-26.3,42.2,0.84
close,0.5,0.2,0.0,False,atr1.5,trail3,False,515,-0.121,-62.4,38.3,0.8,308,-0.104,-32.1,42.5,0.81
close,0.5,0.2,0.0,False,atr1.5,trail5,True,515,-0.132,-67.9,33.0,0.78,308,-0.071,-22.0,36.0,0.87
close,0.5,0.2,0.0,False,atr1.5,trail5,False,515,-0.13,-66.7,34.2,0.79,308,-0.092,-28.4,37.3,0.83
close,0.5,0.2,0.0,False,atr1.5,trail8,True,515,-0.111,-57.1,29.7,0.81,308,-0.065,-19.9,30.2,0.88
close,0.5,0.2,0.0,False,atr1.5,trail8,False,515,-0.105,-54.1,31.7,0.83,308,-0.066,-20.4,32.8,0.89
close,0.5,0.2,0.0,False,atr1.5,trail12,True,515,-0.092,-47.3,23.9,0.85,308,-0.045,-13.7,24.7,0.92
close,0.5,0.2,0.0,False,atr1.5,trail12,False,515,-0.093,-47.7,26.0,0.86,308,-0.056,-17.3,27.3,0.91
close,0.5,0.2,0.0,False,atr1.5,fixed1.0,True,515,-0.159,-81.9,45.6,0.73,308,-0.044,-13.7,50.3,0.91
close,0.5,0.2,0.0,False,atr1.5,fixed1.0,False,515,-0.159,-81.9,45.6,0.73,308,-0.044,-13.7,50.3,0.91
close,0.5,0.2,0.0,False,atr1.5,fixed1.5,True,515,-0.123,-63.4,32.8,0.79,308,-0.015,-4.6,35.4,0.97
close,0.5,0.2,0.0,False,atr1.5,fixed1.5,False,515,-0.118,-60.9,38.3,0.82,308,-0.051,-15.6,39.9,0.92
close,0.5,0.2,0.0,False,atr1.5,fixed2.0,True,515,-0.145,-74.8,23.5,0.76,308,-0.028,-8.7,26.0,0.95
close,0.5,0.2,0.0,False,atr1.5,fixed2.0,False,515,-0.121,-62.3,31.8,0.83,308,-0.058,-17.9,33.1,0.92
close,0.5,0.2,0.0,False,atr2.0,trail3,True,504,-0.119,-59.7,41.7,0.79,311,-0.116,-36.0,44.1,0.78
close,0.5,0.2,0.0,False,atr2.0,trail3,False,504,-0.12,-60.7,42.3,0.79,311,-0.121,-37.6,44.4,0.78
close,0.5,0.2,0.0,False,atr2.0,trail5,True,504,-0.132,-66.3,37.1,0.77,311,-0.079,-24.4,40.8,0.85
close,0.5,0.2,0.0,False,atr2.0,trail5,False,504,-0.134,-67.3,37.7,0.77,311,-0.084,-26.1,41.8,0.85
close,0.5,0.2,0.0,False,atr2.0,trail8,True,504,-0.126,-63.3,33.1,0.78,311,-0.086,-26.7,35.0,0.84
close,0.5,0.2,0.0,False,atr2.0,trail8,False,504,-0.118,-59.7,34.9,0.8,311,-0.083,-25.8,36.7,0.85
close,0.5,0.2,0.0,False,atr2.0,trail12,True,504,-0.12,-60.6,28.0,0.79,311,-0.057,-17.7,29.9,0.9
close,0.5,0.2,0.0,False,atr2.0,trail12,False,504,-0.115,-57.9,30.4,0.81,311,-0.05,-15.5,32.2,0.91
close,0.5,0.2,0.0,False,atr2.0,fixed1.0,True,504,-0.119,-60.2,47.0,0.79,311,-0.072,-22.4,48.2,0.87
close,0.5,0.2,0.0,False,atr2.0,fixed1.0,False,504,-0.119,-60.2,47.0,0.79,311,-0.072,-22.4,48.2,0.87
close,0.5,0.2,0.0,False,atr2.0,fixed1.5,True,504,-0.135,-68.1,30.4,0.76,311,-0.069,-21.4,32.5,0.87
close,0.5,0.2,0.0,False,atr2.0,fixed1.5,False,504,-0.127,-63.9,37.5,0.81,311,-0.058,-18.0,39.2,0.91
close,0.5,0.2,0.0,False,atr2.0,fixed2.0,True,504,-0.119,-60.1,23.6,0.79,311,-0.114,-35.5,22.2,0.79
close,0.5,0.2,0.0,False,atr2.0,fixed2.0,False,504,-0.158,-79.7,30.4,0.79,311,-0.087,-27.0,31.5,0.88
close,0.5,0.2,0.0,False,atr2.5,trail3,True,488,-0.095,-46.5,45.1,0.83,304,-0.117,-35.7,46.7,0.77
close,0.5,0.2,0.0,False,atr2.5,trail3,False,488,-0.099,-48.5,45.1,0.82,304,-0.12,-36.6,46.7,0.77
close,0.5,0.2,0.0,False,atr2.5,trail5,True,488,-0.109,-53.3,42.0,0.8,304,-0.098,-29.8,44.4,0.81
close,0.5,0.2,0.0,False,atr2.5,trail5,False,488,-0.116,-56.7,42.0,0.79,304,-0.099,-30.1,45.1,0.81
close,0.5,0.2,0.0,False,atr2.5,trail8,True,488,-0.098,-47.8,38.9,0.82,304,-0.104,-31.6,37.8,0.8
close,0.5,0.2,0.0,False,atr2.5,trail8,False,488,-0.104,-50.6,39.5,0.82,304,-0.096,-29.1,39.5,0.82
close,0.5,0.2,0.0,False,atr2.5,trail12,True,488,-0.085,-41.5,34.6,0.85,304,-0.081,-24.5,33.2,0.85
close,0.5,0.2,0.0,False,atr2.5,trail12,False,488,-0.093,-45.6,35.7,0.84,304,-0.067,-20.4,35.9,0.88
close,0.5,0.2,0.0,False,atr2.5,fixed1.0,True,488,-0.108,-52.6,47.1,0.81,304,-0.041,-12.5,49.3,0.92
close,0.5,0.2,0.0,False,atr2.5,fixed1.0,False,488,-0.108,-52.6,47.1,0.81,304,-0.041,-12.5,49.3,0.92
close,0.5,0.2,0.0,False,atr2.5,fixed1.5,True,488,-0.107,-52.2,31.8,0.81,304,-0.077,-23.5,30.6,0.85
close,0.5,0.2,0.0,False,atr2.5,fixed1.5,False,488,-0.119,-58.2,37.5,0.82,304,-0.068,-20.5,38.2,0.89
close,0.5,0.2,0.0,False,atr2.5,fixed2.0,True,488,-0.092,-45.0,25.0,0.84,304,-0.105,-32.0,21.7,0.8
close,0.5,0.2,0.0,False,atr2.5,fixed2.0,False,488,-0.079,-38.8,33.0,0.89,304,-0.064,-19.5,32.2,0.91
close,0.5,0.2,0.0,False,atr3.0,trail3,True,483,-0.089,-43.2,45.3,0.83,300,-0.109,-32.7,46.3,0.79
close,0.5,0.2,0.0,False,atr3.0,trail3,False,483,-0.093,-44.9,45.8,0.83,300,-0.111,-33.4,46.3,0.79
close,0.5,0.2,0.0,False,atr3.0,trail5,True,483,-0.103,-49.6,43.3,0.81,300,-0.084,-25.2,45.0,0.84
close,0.5,0.2,0.0,False,atr3.0,trail5,False,483,-0.109,-52.5,43.7,0.8,300,-0.088,-26.3,45.0,0.84
close,0.5,0.2,0.0,False,atr3.0,trail8,True,483,-0.085,-40.9,40.8,0.84,300,-0.071,-21.3,40.7,0.87
close,0.5,0.2,0.0,False,atr3.0,trail8,False,483,-0.087,-42.2,41.6,0.84,300,-0.073,-22.0,41.3,0.86
close,0.5,0.2,0.0,False,atr3.0,trail12,True,483,-0.077,-37.0,37.3,0.86,300,-0.055,-16.5,38.0,0.9
close,0.5,0.2,0.0,False,atr3.0,trail12,False,483,-0.086,-41.7,38.1,0.85,300,-0.059,-17.8,39.3,0.89
close,0.5,0.2,0.0,False,atr3.0,fixed1.0,True,483,-0.083,-39.9,47.8,0.85,300,-0.064,-19.3,47.7,0.88
close,0.5,0.2,0.0,False,atr3.0,fixed1.0,False,483,-0.083,-39.9,47.8,0.85,300,-0.064,-19.3,47.7,0.88
close,0.5,0.2,0.0,False,atr3.0,fixed1.5,True,483,-0.095,-46.0,31.7,0.83,300,-0.093,-28.0,29.7,0.83
close,0.5,0.2,0.0,False,atr3.0,fixed1.5,False,483,-0.114,-54.9,37.5,0.82,300,-0.084,-25.2,37.3,0.87
close,0.5,0.2,0.0,False,atr3.0,fixed2.0,True,483,-0.099,-47.9,24.2,0.82,300,-0.08,-23.9,23.3,0.85
close,0.5,0.2,0.0,False,atr3.0,fixed2.0,False,483,-0.104,-50.4,32.3,0.85,300,-0.031,-9.3,33.3,0.95
close,0.5,0.2,0.0,False,struct5,trail3,True,487,-0.137,-66.8,43.5,0.76,298,-0.113,-33.6,46.0,0.79
close,0.5,0.2,0.0,False,struct5,trail3,False,487,-0.14,-68.3,43.7,0.75,298,-0.116,-34.4,46.0,0.79
close,0.5,0.2,0.0,False,struct5,trail5,True,487,-0.153,-74.3,40.7,0.73,298,-0.101,-30.1,43.6,0.81
close,0.5,0.2,0.0,False,struct5,trail5,False,487,-0.16,-78.0,40.9,0.72,298,-0.107,-32.0,44.0,0.8
close,0.5,0.2,0.0,False,struct5,trail8,True,487,-0.147,-71.4,38.0,0.74,298,-0.119,-35.4,38.9,0.78
close,0.5,0.2,0.0,False,struct5,trail8,False,487,-0.153,-74.6,39.0,0.74,298,-0.117,-34.9,40.3,0.79
close,0.5,0.2,0.0,False,struct5,trail12,True,487,-0.132,-64.3,33.5,0.77,298,-0.116,-34.5,34.9,0.79
close,0.5,0.2,0.0,False,struct5,trail12,False,487,-0.15,-73.0,34.5,0.75,298,-0.108,-32.3,37.2,0.81
close,0.5,0.2,0.0,False,struct5,fixed1.0,True,487,-0.125,-60.9,46.4,0.78,298,-0.073,-21.7,47.7,0.86
close,0.5,0.2,0.0,False,struct5,fixed1.0,False,487,-0.125,-60.9,46.4,0.78,298,-0.073,-21.7,47.7,0.86
close,0.5,0.2,0.0,False,struct5,fixed1.5,True,487,-0.13,-63.4,31.2,0.77,298,-0.066,-19.8,32.6,0.88
close,0.5,0.2,0.0,False,struct5,fixed1.5,False,487,-0.136,-66.4,37.4,0.79,298,-0.087,-26.1,37.2,0.86
close,0.5,0.2,0.0,False,struct5,fixed2.0,True,487,-0.141,-68.6,24.0,0.76,298,-0.094,-28.0,23.5,0.83
close,0.5,0.2,0.0,False,struct5,fixed2.0,False,487,-0.143,-69.7,31.8,0.8,298,-0.054,-16.2,32.6,0.92
close,0.5,0.2,0.0,True,atr1.5,trail3,True,506,-0.12,-60.9,37.2,0.79,305,-0.076,-23.2,42.6,0.85
close,0.5,0.2,0.0,True,atr1.5,trail3,False,506,-0.119,-60.0,38.5,0.8,305,-0.095,-29.0,43.0,0.82
close,0.5,0.2,0.0,True,atr1.5,trail5,True,506,-0.139,-70.4,33.2,0.76,305,-0.062,-18.8,36.4,0.88
close,0.5,0.2,0.0,True,atr1.5,trail5,False,506,-0.136,-68.8,34.4,0.78,305,-0.083,-25.3,37.7,0.85
close,0.5,0.2,0.0,True,atr1.5,trail8,True,506,-0.117,-59.2,29.8,0.8,305,-0.055,-16.8,30.5,0.9
close,0.5,0.2,0.0,True,atr1.5,trail8,False,506,-0.11,-55.4,31.8,0.83,305,-0.057,-17.3,33.1,0.9
close,0.5,0.2,0.0,True,atr1.5,trail12,True,506,-0.098,-49.4,23.9,0.84,305,-0.035,-10.6,24.9,0.93
close,0.5,0.2,0.0,True,atr1.5,trail12,False,506,-0.097,-48.9,26.1,0.85,305,-0.046,-14.1,27.5,0.92
close,0.5,0.2,0.0,True,atr1.5,fixed1.0,True,506,-0.155,-78.3,45.8,0.73,305,-0.035,-10.6,50.8,0.93
close,0.5,0.2,0.0,True,atr1.5,fixed1.0,False,506,-0.155,-78.3,45.8,0.73,305,-0.035,-10.6,50.8,0.93
close,0.5,0.2,0.0,True,atr1.5,fixed1.5,True,506,-0.121,-61.2,32.8,0.79,305,-0.005,-1.5,35.7,0.99
close,0.5,0.2,0.0,True,atr1.5,fixed1.5,False,506,-0.116,-58.8,38.3,0.82,305,-0.041,-12.5,40.3,0.93
close,0.5,0.2,0.0,True,atr1.5,fixed2.0,True,506,-0.143,-72.2,23.5,0.76,305,-0.018,-5.6,26.2,0.97
close,0.5,0.2,0.0,True,atr1.5,fixed2.0,False,506,-0.116,-58.7,32.0,0.84,305,-0.048,-14.8,33.4,0.93
close,0.5,0.2,0.0,True,atr2.0,trail3,True,496,-0.108,-53.5,42.3,0.81,309,-0.11,-34.0,44.3,0.79
close,0.5,0.2,0.0,True,atr2.0,trail3,False,496,-0.11,-54.5,42.9,0.81,309,-0.115,-35.6,44.7,0.79
close,0.5,0.2,0.0,True,atr2.0,trail5,True,496,-0.129,-64.2,37.7,0.77,309,-0.072,-22.4,41.1,0.87
close,0.5,0.2,0.0,True,atr2.0,trail5,False,496,-0.131,-64.9,38.3,0.77,309,-0.078,-24.0,42.1,0.86
close,0.5,0.2,0.0,True,atr2.0,trail8,True,496,-0.123,-60.9,33.7,0.78,309,-0.08,-24.7,35.3,0.85
close,0.5,0.2,0.0,True,atr2.0,trail8,False,496,-0.114,-56.6,35.5,0.81,309,-0.077,-23.8,36.9,0.86
close,0.5,0.2,0.0,True,atr2.0,trail12,True,496,-0.117,-58.2,28.4,0.79,309,-0.051,-15.7,30.1,0.91
close,0.5,0.2,0.0,True,atr2.0,trail12,False,496,-0.11,-54.8,30.8,0.82,309,-0.044,-13.4,32.4,0.92
close,0.5,0.2,0.0,True,atr2.0,fixed1.0,True,496,-0.108,-53.7,47.6,0.81,309,-0.066,-20.3,48.5,0.88
close,0.5,0.2,0.0,True,atr2.0,fixed1.0,False,496,-0.108,-53.7,47.6,0.81,309,-0.066,-20.3,48.5,0.88
close,0.5,0.2,0.0,True,atr2.0,fixed1.5,True,496,-0.122,-60.6,30.8,0.78,309,-0.063,-19.4,32.7,0.88
close,0.5,0.2,0.0,True,atr2.0,fixed1.5,False,496,-0.112,-55.4,38.1,0.83,309,-0.052,-16.0,39.5,0.92
close,0.5,0.2,0.0,True,atr2.0,fixed2.0,True,496,-0.106,-52.7,24.0,0.81,309,-0.108,-33.4,22.3,0.8
close,0.5,0.2,0.0,True,atr2.0,fixed2.0,False,496,-0.144,-71.3,30.8,0.8,309,-0.081,-25.0,31.7,0.89
close,0.5,0.2,0.0,True,atr2.5,trail3,True,480,-0.084,-40.5,45.6,0.85,301,-0.108,-32.6,47.2,0.79
close,0.5,0.2,0.0,True,atr2.5,trail3,False,480,-0.089,-42.6,45.6,0.84,301,-0.111,-33.5,47.2,0.79
close,0.5,0.2,0.0,True,atr2.5,trail5,True,480,-0.105,-50.5,42.5,0.81,301,-0.089,-26.8,44.9,0.83
close,0.5,0.2,0.0,True,atr2.5,trail5,False,480,-0.112,-53.9,42.5,0.8,301,-0.09,-27.1,45.5,0.83
close,0.5,0.2,0.0,True,atr2.5,trail8,True,480,-0.093,-44.8,39.4,0.83,301,-0.095,-28.6,38.2,0.82
close,0.5,0.2,0.0,True,atr2.5,trail8,False,480,-0.099,-47.5,40.0,0.83,301,-0.087,-26.1,39.9,0.84
close,0.5,0.2,0.0,True,atr2.5,trail12,True,480,-0.08,-38.4,35.0,0.86,301,-0.071,-21.5,33.6,0.86
close,0.5,0.2,0.0,True,atr2.5,trail12,False,480,-0.089,-42.5,36.0,0.85,301,-0.058,-17.4,36.2,0.89
close,0.5,0.2,0.0,True,atr2.5,fixed1.0,True,480,-0.096,-46.2,47.7,0.82,301,-0.031,-9.4,49.8,0.94
close,0.5,0.2,0.0,True,atr2.5,fixed1.0,False,480,-0.096,-46.2,47.7,0.82,301,-0.031,-9.4,49.8,0.94
close,0.5,0.2,0.0,True,atr2.5,fixed1.5,True,480,-0.096,-46.3,32.1,0.83,301,-0.068,-20.5,30.9,0.87
close,0.5,0.2,0.0,True,atr2.5,fixed1.5,False,480,-0.109,-52.3,37.9,0.83,301,-0.058,-17.5,38.5,0.91
close,0.5,0.2,0.0,True,atr2.5,fixed2.0,True,480,-0.083,-39.7,25.2,0.85,301,-0.096,-28.9,21.9,0.82
close,0.5,0.2,0.0,True,atr2.5,fixed2.0,False,480,-0.07,-33.4,33.3,0.9,301,-0.055,-16.4,32.6,0.92
close,0.5,0.2,0.0,True,atr3.0,trail3,True,476,-0.082,-39.1,45.8,0.85,298,-0.103,-30.7,46.6,0.8
close,0.5,0.2,0.0,True,atr3.0,trail3,False,476,-0.084,-39.9,46.2,0.85,298,-0.105,-31.4,46.6,0.8
close,0.5,0.2,0.0,True,atr3.0,trail5,True,476,-0.101,-48.1,43.7,0.81,298,-0.078,-23.2,45.3,0.85
close,0.5,0.2,0.0,True,atr3.0,trail5,False,476,-0.105,-50.0,44.1,0.81,298,-0.082,-24.3,45.3,0.85
close,0.5,0.2,0.0,True,atr3.0,trail8,True,476,-0.082,-39.3,41.2,0.85,298,-0.065,-19.3,40.9,0.88
close,0.5,0.2,0.0,True,atr3.0,trail8,False,476,-0.083,-39.6,42.0,0.85,298,-0.067,-20.0,41.6,0.88
close,0.5,0.2,0.0,True,atr3.0,trail12,True,476,-0.074,-35.3,37.6,0.86,298,-0.048,-14.4,38.3,0.91
close,0.5,0.2,0.0,True,atr3.0,trail12,False,476,-0.082,-39.0,38.4,0.85,298,-0.053,-15.8,39.6,0.9
close,0.5,0.2,0.0,True,atr3.0,fixed1.0,True,476,-0.077,-36.7,48.1,0.86,298,-0.058,-17.3,48.0,0.89
close,0.5,0.2,0.0,True,atr3.0,fixed1.0,False,476,-0.077,-36.7,48.1,0.86,298,-0.058,-17.3,48.0,0.89
close,0.5,0.2,0.0,True,atr3.0,fixed1.5,True,476,-0.092,-43.7,31.7,0.83,298,-0.087,-26.0,29.9,0.84
close,0.5,0.2,0.0,True,atr3.0,fixed1.5,False,476,-0.111,-52.6,37.6,0.83,298,-0.078,-23.2,37.6,0.88
close,0.5,0.2,0.0,True,atr3.0,fixed2.0,True,476,-0.094,-44.7,24.4,0.83,298,-0.073,-21.9,23.5,0.86
close,0.5,0.2,0.0,True,atr3.0,fixed2.0,False,476,-0.097,-46.2,32.6,0.86,298,-0.025,-7.3,33.6,0.96
close,0.5,0.2,0.0,True,struct5,trail3,True,480,-0.128,-61.3,44.2,0.77,296,-0.107,-31.6,46.3,0.8
close,0.5,0.2,0.0,True,struct5,trail3,False,480,-0.131,-62.7,44.4,0.77,296,-0.109,-32.4,46.3,0.8
close,0.5,0.2,0.0,True,struct5,trail5,True,480,-0.151,-72.5,41.2,0.73,296,-0.095,-28.1,43.9,0.82
close,0.5,0.2,0.0,True,struct5,trail5,False,480,-0.158,-75.9,41.5,0.72,296,-0.101,-29.9,44.3,0.81
close,0.5,0.2,0.0,True,struct5,trail8,True,480,-0.145,-69.4,38.5,0.74,296,-0.113,-33.3,39.2,0.79
close,0.5,0.2,0.0,True,struct5,trail8,False,480,-0.15,-71.9,39.6,0.74,296,-0.111,-32.9,40.5,0.8
close,0.5,0.2,0.0,True,struct5,trail12,True,480,-0.13,-62.3,34.0,0.77,296,-0.11,-32.4,35.1,0.8
close,0.5,0.2,0.0,True,struct5,trail12,False,480,-0.146,-70.2,35.0,0.75,296,-0.102,-30.2,37.5,0.82
close,0.5,0.2,0.0,True,struct5,fixed1.0,True,480,-0.115,-55.4,46.9,0.79,296,-0.066,-19.6,48.0,0.87
close,0.5,0.2,0.0,True,struct5,fixed1.0,False,480,-0.115,-55.4,46.9,0.79,296,-0.066,-19.6,48.0,0.87
close,0.5,0.2,0.0,True,struct5,fixed1.5,True,480,-0.118,-56.8,31.7,0.79,296,-0.06,-17.7,32.8,0.89
close,0.5,0.2,0.0,True,struct5,fixed1.5,False,480,-0.123,-58.9,37.9,0.81,296,-0.081,-24.0,37.5,0.87
close,0.5,0.2,0.0,True,struct5,fixed2.0,True,480,-0.129,-62.0,24.4,0.77,296,-0.088,-25.9,23.6,0.84
close,0.5,0.2,0.0,True,struct5,fixed2.0,False,480,-0.129,-62.1,32.3,0.82,296,-0.048,-14.1,32.8,0.93
close,0.5,0.2,0.25,False,atr1.5,trail3,True,515,-0.123,-63.3,36.9,0.79,308,-0.085,-26.3,42.2,0.84
close,0.5,0.2,0.25,False,atr1.5,trail3,False,515,-0.121,-62.4,38.3,0.8,308,-0.104,-32.1,42.5,0.81
close,0.5,0.2,0.25,False,atr1.5,trail5,True,515,-0.132,-67.9,33.0,0.78,308,-0.071,-22.0,36.0,0.87
close,0.5,0.2,0.25,False,atr1.5,trail5,False,515,-0.13,-66.7,34.2,0.79,308,-0.092,-28.4,37.3,0.83
close,0.5,0.2,0.25,False,atr1.5,trail8,True,515,-0.111,-57.1,29.7,0.81,308,-0.065,-19.9,30.2,0.88
close,0.5,0.2,0.25,False,atr1.5,trail8,False,515,-0.105,-54.1,31.7,0.83,308,-0.066,-20.4,32.8,0.89
close,0.5,0.2,0.25,False,atr1.5,trail12,True,515,-0.092,-47.3,23.9,0.85,308,-0.045,-13.7,24.7,0.92
close,0.5,0.2,0.25,False,atr1.5,trail12,False,515,-0.093,-47.7,26.0,0.86,308,-0.056,-17.3,27.3,0.91
close,0.5,0.2,0.25,False,atr1.5,fixed1.0,True,515,-0.159,-81.9,45.6,0.73,308,-0.044,-13.7,50.3,0.91
close,0.5,0.2,0.25,False,atr1.5,fixed1.0,False,515,-0.159,-81.9,45.6,0.73,308,-0.044,-13.7,50.3,0.91
close,0.5,0.2,0.25,False,atr1.5,fixed1.5,True,515,-0.123,-63.4,32.8,0.79,308,-0.015,-4.6,35.4,0.97
close,0.5,0.2,0.25,False,atr1.5,fixed1.5,False,515,-0.118,-60.9,38.3,0.82,308,-0.051,-15.6,39.9,0.92
close,0.5,0.2,0.25,False,atr1.5,fixed2.0,True,515,-0.145,-74.8,23.5,0.76,308,-0.028,-8.7,26.0,0.95
close,0.5,0.2,0.25,False,atr1.5,fixed2.0,False,515,-0.121,-62.3,31.8,0.83,308,-0.058,-17.9,33.1,0.92
close,0.5,0.2,0.25,False,atr2.0,trail3,True,504,-0.119,-59.7,41.7,0.79,311,-0.116,-36.0,44.1,0.78
close,0.5,0.2,0.25,False,atr2.0,trail3,False,504,-0.12,-60.7,42.3,0.79,311,-0.121,-37.6,44.4,0.78
close,0.5,0.2,0.25,False,atr2.0,trail5,True,504,-0.132,-66.3,37.1,0.77,311,-0.079,-24.4,40.8,0.85
close,0.5,0.2,0.25,False,atr2.0,trail5,False,504,-0.134,-67.3,37.7,0.77,311,-0.084,-26.1,41.8,0.85
close,0.5,0.2,0.25,False,atr2.0,trail8,True,504,-0.126,-63.3,33.1,0.78,311,-0.086,-26.7,35.0,0.84
close,0.5,0.2,0.25,False,atr2.0,trail8,False,504,-0.118,-59.7,34.9,0.8,311,-0.083,-25.8,36.7,0.85
close,0.5,0.2,0.25,False,atr2.0,trail12,True,504,-0.12,-60.6,28.0,0.79,311,-0.057,-17.7,29.9,0.9
close,0.5,0.2,0.25,False,atr2.0,trail12,False,504,-0.115,-57.9,30.4,0.81,311,-0.05,-15.5,32.2,0.91
close,0.5,0.2,0.25,False,atr2.0,fixed1.0,True,504,-0.119,-60.2,47.0,0.79,311,-0.072,-22.4,48.2,0.87
close,0.5,0.2,0.25,False,atr2.0,fixed1.0,False,504,-0.119,-60.2,47.0,0.79,311,-0.072,-22.4,48.2,0.87
close,0.5,0.2,0.25,False,atr2.0,fixed1.5,True,504,-0.135,-68.1,30.4,0.76,311,-0.069,-21.4,32.5,0.87
close,0.5,0.2,0.25,False,atr2.0,fixed1.5,False,504,-0.127,-63.9,37.5,0.81,311,-0.058,-18.0,39.2,0.91
close,0.5,0.2,0.25,False,atr2.0,fixed2.0,True,504,-0.119,-60.1,23.6,0.79,311,-0.114,-35.5,22.2,0.79
close,0.5,0.2,0.25,False,atr2.0,fixed2.0,False,504,-0.158,-79.7,30.4,0.79,311,-0.087,-27.0,31.5,0.88
close,0.5,0.2,0.25,False,atr2.5,trail3,True,488,-0.095,-46.5,45.1,0.83,304,-0.117,-35.7,46.7,0.77
close,0.5,0.2,0.25,False,atr2.5,trail3,False,488,-0.099,-48.5,45.1,0.82,304,-0.12,-36.6,46.7,0.77
close,0.5,0.2,0.25,False,atr2.5,trail5,True,488,-0.109,-53.3,42.0,0.8,304,-0.098,-29.8,44.4,0.81
close,0.5,0.2,0.25,False,atr2.5,trail5,False,488,-0.116,-56.7,42.0,0.79,304,-0.099,-30.1,45.1,0.81
close,0.5,0.2,0.25,False,atr2.5,trail8,True,488,-0.098,-47.8,38.9,0.82,304,-0.104,-31.6,37.8,0.8
close,0.5,0.2,0.25,False,atr2.5,trail8,False,488,-0.104,-50.6,39.5,0.82,304,-0.096,-29.1,39.5,0.82
close,0.5,0.2,0.25,False,atr2.5,trail12,True,488,-0.085,-41.5,34.6,0.85,304,-0.081,-24.5,33.2,0.85
close,0.5,0.2,0.25,False,atr2.5,trail12,False,488,-0.093,-45.6,35.7,0.84,304,-0.067,-20.4,35.9,0.88
close,0.5,0.2,0.25,False,atr2.5,fixed1.0,True,488,-0.108,-52.6,47.1,0.81,304,-0.041,-12.5,49.3,0.92
close,0.5,0.2,0.25,False,atr2.5,fixed1.0,False,488,-0.108,-52.6,47.1,0.81,304,-0.041,-12.5,49.3,0.92
close,0.5,0.2,0.25,False,atr2.5,fixed1.5,True,488,-0.107,-52.2,31.8,0.81,304,-0.077,-23.5,30.6,0.85
close,0.5,0.2,0.25,False,atr2.5,fixed1.5,False,488,-0.119,-58.2,37.5,0.82,304,-0.068,-20.5,38.2,0.89
close,0.5,0.2,0.25,False,atr2.5,fixed2.0,True,488,-0.092,-45.0,25.0,0.84,304,-0.105,-32.0,21.7,0.8
close,0.5,0.2,0.25,False,atr2.5,fixed2.0,False,488,-0.079,-38.8,33.0,0.89,304,-0.064,-19.5,32.2,0.91
close,0.5,0.2,0.25,False,atr3.0,trail3,True,483,-0.089,-43.2,45.3,0.83,300,-0.109,-32.7,46.3,0.79
close,0.5,0.2,0.25,False,atr3.0,trail3,False,483,-0.093,-44.9,45.8,0.83,300,-0.111,-33.4,46.3,0.79
close,0.5,0.2,0.25,False,atr3.0,trail5,True,483,-0.103,-49.6,43.3,0.81,300,-0.084,-25.2,45.0,0.84
close,0.5,0.2,0.25,False,atr3.0,trail5,False,483,-0.109,-52.5,43.7,0.8,300,-0.088,-26.3,45.0,0.84
close,0.5,0.2,0.25,False,atr3.0,trail8,True,483,-0.085,-40.9,40.8,0.84,300,-0.071,-21.3,40.7,0.87
close,0.5,0.2,0.25,False,atr3.0,trail8,False,483,-0.087,-42.2,41.6,0.84,300,-0.073,-22.0,41.3,0.86
close,0.5,0.2,0.25,False,atr3.0,trail12,True,483,-0.077,-37.0,37.3,0.86,300,-0.055,-16.5,38.0,0.9
close,0.5,0.2,0.25,False,atr3.0,trail12,False,483,-0.086,-41.7,38.1,0.85,300,-0.059,-17.8,39.3,0.89
close,0.5,0.2,0.25,False,atr3.0,fixed1.0,True,483,-0.083,-39.9,47.8,0.85,300,-0.064,-19.3,47.7,0.88
close,0.5,0.2,0.25,False,atr3.0,fixed1.0,False,483,-0.083,-39.9,47.8,0.85,300,-0.064,-19.3,47.7,0.88
close,0.5,0.2,0.25,False,atr3.0,fixed1.5,True,483,-0.095,-46.0,31.7,0.83,300,-0.093,-28.0,29.7,0.83
close,0.5,0.2,0.25,False,atr3.0,fixed1.5,False,483,-0.114,-54.9,37.5,0.82,300,-0.084,-25.2,37.3,0.87
close,0.5,0.2,0.25,False,atr3.0,fixed2.0,True,483,-0.099,-47.9,24.2,0.82,300,-0.08,-23.9,23.3,0.85
close,0.5,0.2,0.25,False,atr3.0,fixed2.0,False,483,-0.104,-50.4,32.3,0.85,300,-0.031,-9.3,33.3,0.95
close,0.5,0.2,0.25,False,struct5,trail3,True,487,-0.137,-66.8,43.5,0.76,298,-0.113,-33.6,46.0,0.79
close,0.5,0.2,0.25,False,struct5,trail3,False,487,-0.14,-68.3,43.7,0.75,298,-0.116,-34.4,46.0,0.79
close,0.5,0.2,0.25,False,struct5,trail5,True,487,-0.153,-74.3,40.7,0.73,298,-0.101,-30.1,43.6,0.81
close,0.5,0.2,0.25,False,struct5,trail5,False,487,-0.16,-78.0,40.9,0.72,298,-0.107,-32.0,44.0,0.8
close,0.5,0.2,0.25,False,struct5,trail8,True,487,-0.147,-71.4,38.0,0.74,298,-0.119,-35.4,38.9,0.78
close,0.5,0.2,0.25,False,struct5,trail8,False,487,-0.153,-74.6,39.0,0.74,298,-0.117,-34.9,40.3,0.79
close,0.5,0.2,0.25,False,struct5,trail12,True,487,-0.132,-64.3,33.5,0.77,298,-0.116,-34.5,34.9,0.79
close,0.5,0.2,0.25,False,struct5,trail12,False,487,-0.15,-73.0,34.5,0.75,298,-0.108,-32.3,37.2,0.81
close,0.5,0.2,0.25,False,struct5,fixed1.0,True,487,-0.125,-60.9,46.4,0.78,298,-0.073,-21.7,47.7,0.86
close,0.5,0.2,0.25,False,struct5,fixed1.0,False,487,-0.125,-60.9,46.4,0.78,298,-0.073,-21.7,47.7,0.86
close,0.5,0.2,0.25,False,struct5,fixed1.5,True,487,-0.13,-63.4,31.2,0.77,298,-0.066,-19.8,32.6,0.88
close,0.5,0.2,0.25,False,struct5,fixed1.5,False,487,-0.136,-66.4,37.4,0.79,298,-0.087,-26.1,37.2,0.86
close,0.5,0.2,0.25,False,struct5,fixed2.0,True,487,-0.141,-68.6,24.0,0.76,298,-0.094,-28.0,23.5,0.83
close,0.5,0.2,0.25,False,struct5,fixed2.0,False,487,-0.143,-69.7,31.8,0.8,298,-0.054,-16.2,32.6,0.92
close,0.5,0.2,0.25,True,atr1.5,trail3,True,506,-0.12,-60.9,37.2,0.79,305,-0.076,-23.2,42.6,0.85
close,0.5,0.2,0.25,True,atr1.5,trail3,False,506,-0.119,-60.0,38.5,0.8,305,-0.095,-29.0,43.0,0.82
close,0.5,0.2,0.25,True,atr1.5,trail5,True,506,-0.139,-70.4,33.2,0.76,305,-0.062,-18.8,36.4,0.88
close,0.5,0.2,0.25,True,atr1.5,trail5,False,506,-0.136,-68.8,34.4,0.78,305,-0.083,-25.3,37.7,0.85
close,0.5,0.2,0.25,True,atr1.5,trail8,True,506,-0.117,-59.2,29.8,0.8,305,-0.055,-16.8,30.5,0.9
close,0.5,0.2,0.25,True,atr1.5,trail8,False,506,-0.11,-55.4,31.8,0.83,305,-0.057,-17.3,33.1,0.9
close,0.5,0.2,0.25,True,atr1.5,trail12,True,506,-0.098,-49.4,23.9,0.84,305,-0.035,-10.6,24.9,0.93
close,0.5,0.2,0.25,True,atr1.5,trail12,False,506,-0.097,-48.9,26.1,0.85,305,-0.046,-14.1,27.5,0.92
close,0.5,0.2,0.25,True,atr1.5,fixed1.0,True,506,-0.155,-78.3,45.8,0.73,305,-0.035,-10.6,50.8,0.93
close,0.5,0.2,0.25,True,atr1.5,fixed1.0,False,506,-0.155,-78.3,45.8,0.73,305,-0.035,-10.6,50.8,0.93
close,0.5,0.2,0.25,True,atr1.5,fixed1.5,True,506,-0.121,-61.2,32.8,0.79,305,-0.005,-1.5,35.7,0.99
close,0.5,0.2,0.25,True,atr1.5,fixed1.5,False,506,-0.116,-58.8,38.3,0.82,305,-0.041,-12.5,40.3,0.93
close,0.5,0.2,0.25,True,atr1.5,fixed2.0,True,506,-0.143,-72.2,23.5,0.76,305,-0.018,-5.6,26.2,0.97
close,0.5,0.2,0.25,True,atr1.5,fixed2.0,False,506,-0.116,-58.7,32.0,0.84,305,-0.048,-14.8,33.4,0.93
close,0.5,0.2,0.25,True,atr2.0,trail3,True,496,-0.108,-53.5,42.3,0.81,309,-0.11,-34.0,44.3,0.79
close,0.5,0.2,0.25,True,atr2.0,trail3,False,496,-0.11,-54.5,42.9,0.81,309,-0.115,-35.6,44.7,0.79
close,0.5,0.2,0.25,True,atr2.0,trail5,True,496,-0.129,-64.2,37.7,0.77,309,-0.072,-22.4,41.1,0.87
close,0.5,0.2,0.25,True,atr2.0,trail5,False,496,-0.131,-64.9,38.3,0.77,309,-0.078,-24.0,42.1,0.86
close,0.5,0.2,0.25,True,atr2.0,trail8,True,496,-0.123,-60.9,33.7,0.78,309,-0.08,-24.7,35.3,0.85
close,0.5,0.2,0.25,True,atr2.0,trail8,False,496,-0.114,-56.6,35.5,0.81,309,-0.077,-23.8,36.9,0.86
close,0.5,0.2,0.25,True,atr2.0,trail12,True,496,-0.117,-58.2,28.4,0.79,309,-0.051,-15.7,30.1,0.91
close,0.5,0.2,0.25,True,atr2.0,trail12,False,496,-0.11,-54.8,30.8,0.82,309,-0.044,-13.4,32.4,0.92
close,0.5,0.2,0.25,True,atr2.0,fixed1.0,True,496,-0.108,-53.7,47.6,0.81,309,-0.066,-20.3,48.5,0.88
close,0.5,0.2,0.25,True,atr2.0,fixed1.0,False,496,-0.108,-53.7,47.6,0.81,309,-0.066,-20.3,48.5,0.88
close,0.5,0.2,0.25,True,atr2.0,fixed1.5,True,496,-0.122,-60.6,30.8,0.78,309,-0.063,-19.4,32.7,0.88
close,0.5,0.2,0.25,True,atr2.0,fixed1.5,False,496,-0.112,-55.4,38.1,0.83,309,-0.052,-16.0,39.5,0.92
close,0.5,0.2,0.25,True,atr2.0,fixed2.0,True,496,-0.106,-52.7,24.0,0.81,309,-0.108,-33.4,22.3,0.8
close,0.5,0.2,0.25,True,atr2.0,fixed2.0,False,496,-0.144,-71.3,30.8,0.8,309,-0.081,-25.0,31.7,0.89
close,0.5,0.2,0.25,True,atr2.5,trail3,True,480,-0.084,-40.5,45.6,0.85,301,-0.108,-32.6,47.2,0.79
close,0.5,0.2,0.25,True,atr2.5,trail3,False,480,-0.089,-42.6,45.6,0.84,301,-0.111,-33.5,47.2,0.79
close,0.5,0.2,0.25,True,atr2.5,trail5,True,480,-0.105,-50.5,42.5,0.81,301,-0.089,-26.8,44.9,0.83
close,0.5,0.2,0.25,True,atr2.5,trail5,False,480,-0.112,-53.9,42.5,0.8,301,-0.09,-27.1,45.5,0.83
close,0.5,0.2,0.25,True,atr2.5,trail8,True,480,-0.093,-44.8,39.4,0.83,301,-0.095,-28.6,38.2,0.82
close,0.5,0.2,0.25,True,atr2.5,trail8,False,480,-0.099,-47.5,40.0,0.83,301,-0.087,-26.1,39.9,0.84
close,0.5,0.2,0.25,True,atr2.5,trail12,True,480,-0.08,-38.4,35.0,0.86,301,-0.071,-21.5,33.6,0.86
close,0.5,0.2,0.25,True,atr2.5,trail12,False,480,-0.089,-42.5,36.0,0.85,301,-0.058,-17.4,36.2,0.89
close,0.5,0.2,0.25,True,atr2.5,fixed1.0,True,480,-0.096,-46.2,47.7,0.82,301,-0.031,-9.4,49.8,0.94
close,0.5,0.2,0.25,True,atr2.5,fixed1.0,False,480,-0.096,-46.2,47.7,0.82,301,-0.031,-9.4,49.8,0.94
close,0.5,0.2,0.25,True,atr2.5,fixed1.5,True,480,-0.096,-46.3,32.1,0.83,301,-0.068,-20.5,30.9,0.87
close,0.5,0.2,0.25,True,atr2.5,fixed1.5,False,480,-0.109,-52.3,37.9,0.83,301,-0.058,-17.5,38.5,0.91
close,0.5,0.2,0.25,True,atr2.5,fixed2.0,True,480,-0.083,-39.7,25.2,0.85,301,-0.096,-28.9,21.9,0.82
close,0.5,0.2,0.25,True,atr2.5,fixed2.0,False,480,-0.07,-33.4,33.3,0.9,301,-0.055,-16.4,32.6,0.92
close,0.5,0.2,0.25,True,atr3.0,trail3,True,476,-0.082,-39.1,45.8,0.85,298,-0.103,-30.7,46.6,0.8
close,0.5,0.2,0.25,True,atr3.0,trail3,False,476,-0.084,-39.9,46.2,0.85,298,-0.105,-31.4,46.6,0.8
close,0.5,0.2,0.25,True,atr3.0,trail5,True,476,-0.101,-48.1,43.7,0.81,298,-0.078,-23.2,45.3,0.85
close,0.5,0.2,0.25,True,atr3.0,trail5,False,476,-0.105,-50.0,44.1,0.81,298,-0.082,-24.3,45.3,0.85
close,0.5,0.2,0.25,True,atr3.0,trail8,True,476,-0.082,-39.3,41.2,0.85,298,-0.065,-19.3,40.9,0.88
close,0.5,0.2,0.25,True,atr3.0,trail8,False,476,-0.083,-39.6,42.0,0.85,298,-0.067,-20.0,41.6,0.88
close,0.5,0.2,0.25,True,atr3.0,trail12,True,476,-0.074,-35.3,37.6,0.86,298,-0.048,-14.4,38.3,0.91
close,0.5,0.2,0.25,True,atr3.0,trail12,False,476,-0.082,-39.0,38.4,0.85,298,-0.053,-15.8,39.6,0.9
close,0.5,0.2,0.25,True,atr3.0,fixed1.0,True,476,-0.077,-36.7,48.1,0.86,298,-0.058,-17.3,48.0,0.89
close,0.5,0.2,0.25,True,atr3.0,fixed1.0,False,476,-0.077,-36.7,48.1,0.86,298,-0.058,-17.3,48.0,0.89
close,0.5,0.2,0.25,True,atr3.0,fixed1.5,True,476,-0.092,-43.7,31.7,0.83,298,-0.087,-26.0,29.9,0.84
close,0.5,0.2,0.25,True,atr3.0,fixed1.5,False,476,-0.111,-52.6,37.6,0.83,298,-0.078,-23.2,37.6,0.88
close,0.5,0.2,0.25,True,atr3.0,fixed2.0,True,476,-0.094,-44.7,24.4,0.83,298,-0.073,-21.9,23.5,0.86
close,0.5,0.2,0.25,True,atr3.0,fixed2.0,False,476,-0.097,-46.2,32.6,0.86,298,-0.025,-7.3,33.6,0.96
close,0.5,0.2,0.25,True,struct5,trail3,True,480,-0.128,-61.3,44.2,0.77,296,-0.107,-31.6,46.3,0.8
close,0.5,0.2,0.25,True,struct5,trail3,False,480,-0.131,-62.7,44.4,0.77,296,-0.109,-32.4,46.3,0.8
close,0.5,0.2,0.25,True,struct5,trail5,True,480,-0.151,-72.5,41.2,0.73,296,-0.095,-28.1,43.9,0.82
close,0.5,0.2,0.25,True,struct5,trail5,False,480,-0.158,-75.9,41.5,0.72,296,-0.101,-29.9,44.3,0.81
close,0.5,0.2,0.25,True,struct5,trail8,True,480,-0.145,-69.4,38.5,0.74,296,-0.113,-33.3,39.2,0.79
close,0.5,0.2,0.25,True,struct5,trail8,False,480,-0.15,-71.9,39.6,0.74,296,-0.111,-32.9,40.5,0.8
close,0.5,0.2,0.25,True,struct5,trail12,True,480,-0.13,-62.3,34.0,0.77,296,-0.11,-32.4,35.1,0.8
close,0.5,0.2,0.25,True,struct5,trail12,False,480,-0.146,-70.2,35.0,0.75,296,-0.102,-30.2,37.5,0.82
close,0.5,0.2,0.25,True,struct5,fixed1.0,True,480,-0.115,-55.4,46.9,0.79,296,-0.066,-19.6,48.0,0.87
close,0.5,0.2,0.25,True,struct5,fixed1.0,False,480,-0.115,-55.4,46.9,0.79,296,-0.066,-19.6,48.0,0.87
close,0.5,0.2,0.25,True,struct5,fixed1.5,True,480,-0.118,-56.8,31.7,0.79,296,-0.06,-17.7,32.8,0.89
close,0.5,0.2,0.25,True,struct5,fixed1.5,False,480,-0.123,-58.9,37.9,0.81,296,-0.081,-24.0,37.5,0.87
close,0.5,0.2,0.25,True,struct5,fixed2.0,True,480,-0.129,-62.0,24.4,0.77,296,-0.088,-25.9,23.6,0.84
close,0.5,0.2,0.25,True,struct5,fixed2.0,False,480,-0.129,-62.1,32.3,0.82,296,-0.048,-14.1,32.8,0.93
close,0.5,0.2,0.5,False,atr1.5,trail3,True,512,-0.117,-59.7,37.1,0.8,308,-0.081,-24.9,42.5,0.85
close,0.5,0.2,0.5,False,atr1.5,trail3,False,512,-0.115,-58.7,38.5,0.81,308,-0.1,-30.6,42.9,0.82
close,0.5,0.2,0.5,False,atr1.5,trail5,True,512,-0.127,-64.8,33.2,0.79,308,-0.066,-20.3,36.0,0.87
close,0.5,0.2,0.5,False,atr1.5,trail5,False,512,-0.124,-63.5,34.4,0.8,308,-0.088,-27.1,37.3,0.84
close,0.5,0.2,0.5,False,atr1.5,trail8,True,512,-0.106,-54.1,29.9,0.82,308,-0.059,-18.2,30.5,0.89
close,0.5,0.2,0.5,False,atr1.5,trail8,False,512,-0.1,-51.1,31.8,0.84,308,-0.062,-19.2,33.1,0.89
close,0.5,0.2,0.5,False,atr1.5,trail12,True,512,-0.084,-42.9,24.0,0.86,308,-0.04,-12.3,25.0,0.93
close,0.5,0.2,0.5,False,atr1.5,trail12,False,512,-0.084,-43.2,26.2,0.87,308,-0.052,-16.0,27.6,0.91
close,0.5,0.2,0.5,False,atr1.5,fixed1.0,True,512,-0.158,-80.7,45.7,0.73,308,-0.038,-11.6,50.6,0.93
close,0.5,0.2,0.5,False,atr1.5,fixed1.0,False,512,-0.158,-80.7,45.7,0.73,308,-0.038,-11.6,50.6,0.93
close,0.5,0.2,0.5,False,atr1.5,fixed1.5,True,512,-0.12,-61.2,33.0,0.8,308,-0.017,-5.1,35.1,0.97
close,0.5,0.2,0.5,False,atr1.5,fixed1.5,False,512,-0.113,-57.8,38.5,0.83,308,-0.059,-18.1,39.6,0.91
close,0.5,0.2,0.5,False,atr1.5,fixed2.0,True,512,-0.142,-72.7,23.6,0.76,308,-0.025,-7.7,26.0,0.95
close,0.5,0.2,0.5,False,atr1.5,fixed2.0,False,512,-0.116,-59.2,32.0,0.84,308,-0.058,-17.9,33.1,0.92
close,0.5,0.2,0.5,False,atr2.0,trail3,True,501,-0.111,-55.5,41.9,0.8,312,-0.118,-36.8,43.9,0.78
close,0.5,0.2,0.5,False,atr2.0,trail3,False,501,-0.113,-56.5,42.5,0.8,312,-0.123,-38.4,44.2,0.77
close,0.5,0.2,0.5,False,atr2.0,trail5,True,501,-0.125,-62.4,37.3,0.78,312,-0.08,-25.0,40.7,0.85
close,0.5,0.2,0.5,False,atr2.0,trail5,False,501,-0.127,-63.5,37.9,0.78,312,-0.085,-26.6,41.7,0.85
close,0.5,0.2,0.5,False,atr2.0,trail8,True,501,-0.119,-59.6,33.3,0.79,312,-0.087,-27.2,35.3,0.84
close,0.5,0.2,0.5,False,atr2.0,trail8,False,501,-0.112,-56.0,35.1,0.81,312,-0.084,-26.1,36.9,0.85
close,0.5,0.2,0.5,False,atr2.0,trail12,True,501,-0.111,-55.8,28.1,0.81,312,-0.059,-18.4,30.1,0.89
close,0.5,0.2,0.5,False,atr2.0,trail12,False,501,-0.106,-53.1,30.5,0.83,312,-0.05,-15.7,32.4,0.91
close,0.5,0.2,0.5,False,atr2.0,fixed1.0,True,501,-0.114,-57.1,47.3,0.8,312,-0.075,-23.4,48.1,0.86
close,0.5,0.2,0.5,False,atr2.0,fixed1.0,False,501,-0.114,-57.1,47.3,0.8,312,-0.075,-23.4,48.1,0.86
close,0.5,0.2,0.5,False,atr2.0,fixed1.5,True,501,-0.13,-65.0,30.5,0.77,312,-0.072,-22.4,32.4,0.87
close,0.5,0.2,0.5,False,atr2.0,fixed1.5,False,501,-0.121,-60.8,37.7,0.82,312,-0.061,-19.0,39.1,0.9
close,0.5,0.2,0.5,False,atr2.0,fixed2.0,True,501,-0.114,-57.0,23.8,0.8,312,-0.117,-36.5,22.1,0.79
close,0.5,0.2,0.5,False,atr2.0,fixed2.0,False,501,-0.153,-76.6,30.5,0.79,312,-0.09,-28.0,31.4,0.87
close,0.5,0.2,0.5,False,atr2.5,trail3,True,485,-0.088,-42.7,45.4,0.84,304,-0.122,-37.0,46.4,0.77
close,0.5,0.2,0.5,False,atr2.5,trail3,False,485,-0.092,-44.7,45.4,0.83,304,-0.125,-37.9,46.4,0.76
close,0.5,0.2,0.5,False,atr2.5,trail5,True,485,-0.103,-49.8,42.3,0.81,304,-0.102,-30.9,44.1,0.81
close,0.5,0.2,0.5,False,atr2.5,trail5,False,485,-0.11,-53.2,42.3,0.8,304,-0.103,-31.2,44.7,0.81
close,0.5,0.2,0.5,False,atr2.5,trail8,True,485,-0.092,-44.5,39.2,0.84,304,-0.107,-32.6,37.8,0.8
close,0.5,0.2,0.5,False,atr2.5,trail8,False,485,-0.097,-47.2,39.8,0.83,304,-0.098,-29.9,39.5,0.82
close,0.5,0.2,0.5,False,atr2.5,trail12,True,485,-0.077,-37.2,34.6,0.86,304,-0.084,-25.5,33.2,0.84
close,0.5,0.2,0.5,False,atr2.5,trail12,False,485,-0.085,-41.4,35.7,0.85,304,-0.069,-21.0,35.9,0.87
close,0.5,0.2,0.5,False,atr2.5,fixed1.0,True,485,-0.102,-49.4,47.4,0.82,304,-0.048,-14.4,49.0,0.91
close,0.5,0.2,0.5,False,atr2.5,fixed1.0,False,485,-0.102,-49.4,47.4,0.82,304,-0.048,-14.4,49.0,0.91
close,0.5,0.2,0.5,False,atr2.5,fixed1.5,True,485,-0.104,-50.5,31.8,0.81,304,-0.081,-24.5,30.6,0.85
close,0.5,0.2,0.5,False,atr2.5,fixed1.5,False,485,-0.114,-55.1,37.7,0.83,304,-0.068,-20.5,38.2,0.89
close,0.5,0.2,0.5,False,atr2.5,fixed2.0,True,485,-0.091,-43.9,24.9,0.84,304,-0.108,-33.0,21.7,0.8
close,0.5,0.2,0.5,False,atr2.5,fixed2.0,False,485,-0.074,-35.7,33.2,0.9,304,-0.064,-19.5,32.2,0.91
close,0.5,0.2,0.5,False,atr3.0,trail3,True,479,-0.086,-41.0,45.5,0.84,299,-0.106,-31.7,46.5,0.8
close,0.5,0.2,0.5,False,atr3.0,trail3,False,479,-0.089,-42.8,45.9,0.84,299,-0.108,-32.4,46.5,0.8
close,0.5,0.2,0.5,False,atr3.0,trail5,True,479,-0.099,-47.5,43.4,0.82,299,-0.081,-24.1,45.2,0.85
close,0.5,0.2,0.5,False,atr3.0,trail5,False,479,-0.105,-50.3,43.8,0.81,299,-0.085,-25.3,45.2,0.84
close,0.5,0.2,0.5,False,atr3.0,trail8,True,479,-0.081,-38.8,40.9,0.85,299,-0.068,-20.3,40.8,0.87
close,0.5,0.2,0.5,False,atr3.0,trail8,False,479,-0.084,-40.1,41.8,0.85,299,-0.07,-21.0,41.5,0.87
close,0.5,0.2,0.5,False,atr3.0,trail12,True,479,-0.071,-33.8,37.4,0.87,299,-0.052,-15.4,38.1,0.9
close,0.5,0.2,0.5,False,atr3.0,trail12,False,479,-0.08,-38.3,38.2,0.86,299,-0.056,-16.8,39.5,0.9
close,0.5,0.2,0.5,False,atr3.0,fixed1.0,True,479,-0.081,-38.7,48.0,0.85,299,-0.061,-18.3,47.8,0.88
close,0.5,0.2,0.5,False,atr3.0,fixed1.0,False,479,-0.081,-38.7,48.0,0.85,299,-0.061,-18.3,47.8,0.88
close,0.5,0.2,0.5,False,atr3.0,fixed1.5,True,479,-0.094,-45.2,31.7,0.83,299,-0.09,-27.0,29.8,0.83
close,0.5,0.2,0.5,False,atr3.0,fixed1.5,False,479,-0.108,-51.7,37.8,0.83,299,-0.081,-24.2,37.5,0.87
close,0.5,0.2,0.5,False,atr3.0,fixed2.0,True,479,-0.1,-47.7,24.2,0.82,299,-0.077,-22.9,23.4,0.86
close,0.5,0.2,0.5,False,atr3.0,fixed2.0,False,479,-0.099,-47.2,32.6,0.86,299,-0.028,-8.3,33.4,0.96
close,0.5,0.2,0.5,False,struct5,trail3,True,483,-0.125,-60.5,43.9,0.78,298,-0.113,-33.6,46.0,0.79
close,0.5,0.2,0.5,False,struct5,trail3,False,483,-0.128,-61.9,44.1,0.77,298,-0.115,-34.4,46.0,0.79
close,0.5,0.2,0.5,False,struct5,trail5,True,483,-0.142,-68.4,41.0,0.75,298,-0.101,-30.1,43.6,0.81
close,0.5,0.2,0.5,False,struct5,trail5,False,483,-0.149,-72.2,41.2,0.74,298,-0.107,-32.0,44.0,0.8
close,0.5,0.2,0.5,False,struct5,trail8,True,483,-0.136,-65.8,38.3,0.76,298,-0.119,-35.4,38.9,0.78
close,0.5,0.2,0.5,False,struct5,trail8,False,483,-0.143,-69.0,39.3,0.75,298,-0.117,-34.9,40.3,0.79
close,0.5,0.2,0.5,False,struct5,trail12,True,483,-0.118,-57.2,33.7,0.79,298,-0.116,-34.5,34.9,0.79
close,0.5,0.2,0.5,False,struct5,trail12,False,483,-0.136,-65.9,34.8,0.77,298,-0.108,-32.3,37.2,0.81
close,0.5,0.2,0.5,False,struct5,fixed1.0,True,483,-0.118,-56.8,46.8,0.79,298,-0.073,-21.7,47.7,0.86
close,0.5,0.2,0.5,False,struct5,fixed1.0,False,483,-0.118,-56.8,46.8,0.79,298,-0.073,-21.7,47.7,0.86
close,0.5,0.2,0.5,False,struct5,fixed1.5,True,483,-0.123,-59.2,31.5,0.78,298,-0.066,-19.8,32.6,0.88
close,0.5,0.2,0.5,False,struct5,fixed1.5,False,483,-0.129,-62.3,37.7,0.8,298,-0.087,-26.1,37.2,0.86
close,0.5,0.2,0.5,False,struct5,fixed2.0,True,483,-0.133,-64.4,24.2,0.77,298,-0.094,-28.0,23.5,0.83
close,0.5,0.2,0.5,False,struct5,fixed2.0,False,483,-0.136,-65.6,32.1,0.81,298,-0.054,-16.2,32.6,0.92
close,0.5,0.2,0.5,True,atr1.5,trail3,True,502,-0.121,-60.7,37.3,0.79,305,-0.071,-21.7,43.0,0.86
close,0.5,0.2,0.5,True,atr1.5,trail3,False,502,-0.119,-59.7,38.6,0.8,305,-0.09,-27.5,43.3,0.83
close,0.5,0.2,0.5,True,atr1.5,trail5,True,502,-0.14,-70.2,33.3,0.76,305,-0.056,-17.2,36.4,0.89
close,0.5,0.2,0.5,True,atr1.5,trail5,False,502,-0.136,-68.5,34.5,0.78,305,-0.079,-24.0,37.7,0.86
close,0.5,0.2,0.5,True,atr1.5,trail8,True,502,-0.118,-59.0,29.9,0.8,305,-0.05,-15.1,30.8,0.91
close,0.5,0.2,0.5,True,atr1.5,trail8,False,502,-0.11,-55.2,31.9,0.82,305,-0.053,-16.1,33.4,0.91
close,0.5,0.2,0.5,True,atr1.5,trail12,True,502,-0.098,-49.0,23.9,0.84,305,-0.03,-9.2,25.2,0.94
close,0.5,0.2,0.5,True,atr1.5,trail12,False,502,-0.097,-48.5,26.1,0.85,305,-0.042,-12.9,27.9,0.93
close,0.5,0.2,0.5,True,atr1.5,fixed1.0,True,502,-0.156,-78.1,45.8,0.73,305,-0.028,-8.5,51.1,0.95
close,0.5,0.2,0.5,True,atr1.5,fixed1.0,False,502,-0.156,-78.1,45.8,0.73,305,-0.028,-8.5,51.1,0.95
close,0.5,0.2,0.5,True,atr1.5,fixed1.5,True,502,-0.121,-60.6,32.9,0.8,305,-0.007,-2.0,35.4,0.99
close,0.5,0.2,0.5,True,atr1.5,fixed1.5,False,502,-0.114,-57.1,38.4,0.83,305,-0.049,-15.0,40.0,0.92
close,0.5,0.2,0.5,True,atr1.5,fixed2.0,True,502,-0.144,-72.1,23.5,0.76,305,-0.015,-4.6,26.2,0.97
close,0.5,0.2,0.5,True,atr1.5,fixed2.0,False,502,-0.115,-57.6,32.1,0.84,305,-0.048,-14.8,33.4,0.93
close,0.5,0.2,0.5,True,atr2.0,trail3,True,492,-0.105,-51.8,42.5,0.81,310,-0.112,-34.8,44.2,0.79
close,0.5,0.2,0.5,True,atr2.0,trail3,False,492,-0.107,-52.8,43.1,0.81,310,-0.117,-36.4,44.5,0.78
close,0.5,0.2,0.5,True,atr2.0,trail5,True,492,-0.127,-62.6,37.8,0.77,310,-0.074,-22.9,41.0,0.86
close,0.5,0.2,0.5,True,atr2.0,trail5,False,492,-0.129,-63.2,38.4,0.78,310,-0.079,-24.6,41.9,0.86
close,0.5,0.2,0.5,True,atr2.0,trail8,True,492,-0.12,-59.2,33.7,0.79,310,-0.081,-25.2,35.5,0.85
close,0.5,0.2,0.5,True,atr2.0,trail8,False,492,-0.112,-55.0,35.6,0.81,310,-0.078,-24.0,37.1,0.86
close,0.5,0.2,0.5,True,atr2.0,trail12,True,492,-0.115,-56.4,28.5,0.8,310,-0.053,-16.4,30.3,0.9
close,0.5,0.2,0.5,True,atr2.0,trail12,False,492,-0.108,-53.1,30.9,0.82,310,-0.044,-13.6,32.6,0.92
close,0.5,0.2,0.5,True,atr2.0,fixed1.0,True,492,-0.105,-51.6,47.8,0.81,310,-0.069,-21.4,48.4,0.87
close,0.5,0.2,0.5,True,atr2.0,fixed1.0,False,492,-0.105,-51.6,47.8,0.81,310,-0.069,-21.4,48.4,0.87
close,0.5,0.2,0.5,True,atr2.0,fixed1.5,True,492,-0.12,-59.0,30.9,0.79,310,-0.066,-20.4,32.6,0.88
close,0.5,0.2,0.5,True,atr2.0,fixed1.5,False,492,-0.109,-53.8,38.2,0.83,310,-0.055,-17.0,39.4,0.91
close,0.5,0.2,0.5,True,atr2.0,fixed2.0,True,492,-0.105,-51.6,24.0,0.82,310,-0.111,-34.4,22.3,0.8
close,0.5,0.2,0.5,True,atr2.0,fixed2.0,False,492,-0.143,-70.2,30.9,0.81,310,-0.084,-26.0,31.6,0.88
close,0.5,0.2,0.5,True,atr2.5,trail3,True,476,-0.082,-38.8,45.8,0.85,301,-0.113,-34.0,46.8,0.78
close,0.5,0.2,0.5,True,atr2.5,trail3,False,476,-0.086,-40.9,45.8,0.84,301,-0.116,-34.8,46.8,0.78
close,0.5,0.2,0.5,True,atr2.5,trail5,True,476,-0.102,-48.8,42.6,0.81,301,-0.092,-27.8,44.5,0.82
close,0.5,0.2,0.5,True,atr2.5,trail5,False,476,-0.11,-52.2,42.6,0.8,301,-0.093,-28.1,45.2,0.82
close,0.5,0.2,0.5,True,atr2.5,trail8,True,476,-0.091,-43.1,39.5,0.84,301,-0.098,-29.5,38.2,0.81
close,0.5,0.2,0.5,True,atr2.5,trail8,False,476,-0.096,-45.9,40.1,0.83,301,-0.089,-26.8,39.9,0.83
close,0.5,0.2,0.5,True,atr2.5,trail12,True,476,-0.077,-36.6,34.9,0.86,301,-0.075,-22.5,33.6,0.86
close,0.5,0.2,0.5,True,atr2.5,trail12,False,476,-0.086,-40.8,35.9,0.85,301,-0.06,-18.0,36.2,0.89
close,0.5,0.2,0.5,True,atr2.5,fixed1.0,True,476,-0.093,-44.1,47.9,0.83,301,-0.038,-11.4,49.5,0.93
close,0.5,0.2,0.5,True,atr2.5,fixed1.0,False,476,-0.093,-44.1,47.9,0.83,301,-0.038,-11.4,49.5,0.93
close,0.5,0.2,0.5,True,atr2.5,fixed1.5,True,476,-0.097,-46.1,31.9,0.83,301,-0.071,-21.4,30.9,0.86
close,0.5,0.2,0.5,True,atr2.5,fixed1.5,False,476,-0.107,-50.7,38.0,0.84,301,-0.058,-17.5,38.5,0.91
close,0.5,0.2,0.5,True,atr2.5,fixed2.0,True,476,-0.085,-40.6,25.0,0.85,301,-0.099,-29.9,21.9,0.81
close,0.5,0.2,0.5,True,atr2.5,fixed2.0,False,476,-0.068,-32.3,33.4,0.9,301,-0.055,-16.4,32.6,0.92
close,0.5,0.2,0.5,True,atr3.0,trail3,True,471,-0.082,-38.7,45.9,0.85,297,-0.1,-29.6,46.8,0.81
close,0.5,0.2,0.5,True,atr3.0,trail3,False,471,-0.084,-39.4,46.3,0.85,297,-0.102,-30.3,46.8,0.81
close,0.5,0.2,0.5,True,atr3.0,trail5,True,471,-0.101,-47.6,43.7,0.81,297,-0.074,-22.1,45.5,0.86
close,0.5,0.2,0.5,True,atr3.0,trail5,False,471,-0.105,-49.4,44.2,0.81,297,-0.078,-23.3,45.5,0.85
close,0.5,0.2,0.5,True,atr3.0,trail8,True,471,-0.082,-38.5,41.2,0.85,297,-0.062,-18.3,41.1,0.88
close,0.5,0.2,0.5,True,atr3.0,trail8,False,471,-0.083,-38.9,42.0,0.85,297,-0.064,-19.0,41.8,0.88
close,0.5,0.2,0.5,True,atr3.0,trail12,True,471,-0.073,-34.2,37.6,0.87,297,-0.045,-13.4,38.4,0.91
close,0.5,0.2,0.5,True,atr3.0,trail12,False,471,-0.08,-37.7,38.4,0.86,297,-0.05,-14.8,39.7,0.91
close,0.5,0.2,0.5,True,atr3.0,fixed1.0,True,471,-0.077,-36.4,48.2,0.86,297,-0.055,-16.3,48.1,0.9
close,0.5,0.2,0.5,True,atr3.0,fixed1.0,False,471,-0.077,-36.4,48.2,0.86,297,-0.055,-16.3,48.1,0.9
close,0.5,0.2,0.5,True,atr3.0,fixed1.5,True,471,-0.094,-44.5,31.6,0.83,297,-0.084,-24.9,30.0,0.84
close,0.5,0.2,0.5,True,atr3.0,fixed1.5,False,471,-0.108,-50.9,37.8,0.83,297,-0.075,-22.2,37.7,0.88
close,0.5,0.2,0.5,True,atr3.0,fixed2.0,True,471,-0.099,-46.4,24.2,0.82,297,-0.07,-20.9,23.6,0.87
close,0.5,0.2,0.5,True,atr3.0,fixed2.0,False,471,-0.095,-44.9,32.7,0.86,297,-0.021,-6.3,33.7,0.97
close,0.5,0.2,0.5,True,struct5,trail3,True,475,-0.123,-58.6,44.4,0.78,296,-0.107,-31.6,46.3,0.8
close,0.5,0.2,0.5,True,struct5,trail3,False,475,-0.126,-60.0,44.6,0.78,296,-0.109,-32.4,46.3,0.8
close,0.5,0.2,0.5,True,struct5,trail5,True,475,-0.147,-69.9,41.5,0.74,296,-0.095,-28.1,43.9,0.82
close,0.5,0.2,0.5,True,struct5,trail5,False,475,-0.154,-73.2,41.7,0.73,296,-0.101,-29.9,44.3,0.81
close,0.5,0.2,0.5,True,struct5,trail8,True,475,-0.141,-66.8,38.7,0.75,296,-0.113,-33.3,39.2,0.79
close,0.5,0.2,0.5,True,struct5,trail8,False,475,-0.146,-69.2,39.8,0.75,296,-0.111,-32.8,40.5,0.8
close,0.5,0.2,0.5,True,struct5,trail12,True,475,-0.125,-59.6,34.1,0.78,296,-0.109,-32.4,35.1,0.8
close,0.5,0.2,0.5,True,struct5,trail12,False,475,-0.142,-67.4,35.2,0.76,296,-0.102,-30.2,37.5,0.82
close,0.5,0.2,0.5,True,struct5,fixed1.0,True,475,-0.11,-52.2,47.2,0.8,296,-0.066,-19.6,48.0,0.87
close,0.5,0.2,0.5,True,struct5,fixed1.0,False,475,-0.11,-52.2,47.2,0.8,296,-0.066,-19.6,48.0,0.87
close,0.5,0.2,0.5,True,struct5,fixed1.5,True,475,-0.114,-54.1,31.8,0.8,296,-0.06,-17.7,32.8,0.89
close,0.5,0.2,0.5,True,struct5,fixed1.5,False,475,-0.118,-56.2,38.1,0.82,296,-0.081,-24.0,37.5,0.87
close,0.5,0.2,0.5,True,struct5,fixed2.0,True,475,-0.126,-59.8,24.4,0.78,296,-0.088,-25.9,23.6,0.84
close,0.5,0.2,0.5,True,struct5,fixed2.0,False,475,-0.126,-60.0,32.4,0.82,296,-0.048,-14.1,32.8,0.93
wick,0.0,0.0,0.0,False,atr1.5,trail3,True,734,-0.091,-66.8,38.4,0.84,515,-0.142,-73.1,38.6,0.75
wick,0.0,0.0,0.0,False,atr1.5,trail3,False,734,-0.094,-69.1,39.4,0.84,515,-0.157,-80.9,38.8,0.73
wick,0.0,0.0,0.0,False,atr1.5,trail5,True,734,-0.105,-77.2,34.5,0.82,515,-0.108,-55.7,34.8,0.81
wick,0.0,0.0,0.0,False,atr1.5,trail5,False,734,-0.11,-80.9,36.1,0.82,515,-0.124,-64.0,35.7,0.79
wick,0.0,0.0,0.0,False,atr1.5,trail8,True,734,-0.114,-83.6,29.7,0.81,515,-0.107,-55.0,31.3,0.81
wick,0.0,0.0,0.0,False,atr1.5,trail8,False,734,-0.119,-87.2,31.7,0.81,515,-0.116,-59.8,33.0,0.81
wick,0.0,0.0,0.0,False,atr1.5,trail12,True,734,-0.136,-99.6,25.7,0.77,515,-0.094,-48.4,25.0,0.84
wick,0.0,0.0,0.0,False,atr1.5,trail12,False,734,-0.154,-112.7,28.1,0.76,515,-0.075,-38.8,27.6,0.88
wick,0.0,0.0,0.0,False,atr1.5,fixed1.0,True,734,-0.152,-111.4,46.3,0.74,515,-0.132,-68.1,46.0,0.77
wick,0.0,0.0,0.0,False,atr1.5,fixed1.0,False,734,-0.152,-111.4,46.3,0.74,515,-0.132,-68.1,46.0,0.77
wick,0.0,0.0,0.0,False,atr1.5,fixed1.5,True,734,-0.12,-88.4,33.0,0.8,515,-0.147,-75.7,29.7,0.75
wick,0.0,0.0,0.0,False,atr1.5,fixed1.5,False,734,-0.093,-68.1,39.5,0.86,515,-0.155,-79.8,35.9,0.77
wick,0.0,0.0,0.0,False,atr1.5,fixed2.0,True,734,-0.13,-95.4,24.3,0.78,515,-0.098,-50.7,24.7,0.83
wick,0.0,0.0,0.0,False,atr1.5,fixed2.0,False,734,-0.078,-57.0,33.5,0.89,515,-0.12,-62.0,31.1,0.83
wick,0.0,0.0,0.0,False,atr2.0,trail3,True,707,-0.05,-35.2,42.7,0.91,492,-0.105,-51.7,43.9,0.81
wick,0.0,0.0,0.0,False,atr2.0,trail3,False,707,-0.055,-39.0,43.3,0.9,492,-0.108,-53.2,44.1,0.81
wick,0.0,0.0,0.0,False,atr2.0,trail5,True,707,-0.055,-38.9,39.9,0.9,492,-0.094,-46.4,41.7,0.83
wick,0.0,0.0,0.0,False,atr2.0,trail5,False,707,-0.067,-47.2,40.7,0.88,492,-0.1,-49.3,42.1,0.82
wick,0.0,0.0,0.0,False,atr2.0,trail8,True,707,-0.039,-27.3,36.4,0.93,492,-0.099,-48.5,37.8,0.82
wick,0.0,0.0,0.0,False,atr2.0,trail8,False,707,-0.054,-38.3,37.5,0.91,492,-0.104,-51.3,38.6,0.82
wick,0.0,0.0,0.0,False,atr2.0,trail12,True,707,-0.064,-45.4,32.2,0.89,492,-0.09,-44.3,30.9,0.84
wick,0.0,0.0,0.0,False,atr2.0,trail12,False,707,-0.09,-63.9,33.8,0.85,492,-0.074,-36.5,32.5,0.87
wick,0.0,0.0,0.0,False,atr2.0,fixed1.0,True,707,-0.109,-77.3,47.5,0.8,492,-0.101,-49.6,47.0,0.82
wick,0.0,0.0,0.0,False,atr2.0,fixed1.0,False,707,-0.109,-77.3,47.5,0.8,492,-0.101,-49.6,47.0,0.82
wick,0.0,0.0,0.0,False,atr2.0,fixed1.5,True,707,-0.086,-60.8,33.2,0.85,492,-0.112,-54.9,30.7,0.8
wick,0.0,0.0,0.0,False,atr2.0,fixed1.5,False,707,-0.058,-40.8,40.2,0.91,492,-0.102,-50.1,37.6,0.84
wick,0.0,0.0,0.0,False,atr2.0,fixed2.0,True,707,-0.105,-74.1,24.2,0.82,492,-0.118,-58.2,22.8,0.79
wick,0.0,0.0,0.0,False,atr2.0,fixed2.0,False,707,-0.108,-76.1,32.0,0.85,492,-0.114,-56.2,31.1,0.84
wick,0.0,0.0,0.0,False,atr2.5,trail3,True,686,-0.031,-21.4,45.5,0.94,474,-0.082,-39.1,46.0,0.85
wick,0.0,0.0,0.0,False,atr2.5,trail3,False,686,-0.034,-23.4,45.9,0.94,474,-0.082,-38.9,46.4,0.85
wick,0.0,0.0,0.0,False,atr2.5,trail5,True,686,-0.042,-29.1,43.1,0.92,474,-0.077,-36.3,44.1,0.86
wick,0.0,0.0,0.0,False,atr2.5,trail5,False,686,-0.051,-34.7,43.6,0.91,474,-0.074,-35.2,44.5,0.86
wick,0.0,0.0,0.0,False,atr2.5,trail8,True,686,-0.028,-19.5,40.7,0.95,474,-0.079,-37.3,42.0,0.85
wick,0.0,0.0,0.0,False,atr2.5,trail8,False,686,-0.035,-23.7,41.8,0.94,474,-0.084,-39.9,42.4,0.85
wick,0.0,0.0,0.0,False,atr2.5,trail12,True,686,-0.054,-37.4,36.2,0.9,474,-0.057,-27.1,36.7,0.89
wick,0.0,0.0,0.0,False,atr2.5,trail12,False,686,-0.07,-47.9,37.9,0.88,474,-0.045,-21.2,38.0,0.92
wick,0.0,0.0,0.0,False,atr2.5,fixed1.0,True,686,-0.068,-46.7,49.0,0.87,474,-0.065,-30.8,48.3,0.88
wick,0.0,0.0,0.0,False,atr2.5,fixed1.0,False,686,-0.068,-46.7,49.0,0.87,474,-0.065,-30.8,48.3,0.88
wick,0.0,0.0,0.0,False,atr2.5,fixed1.5,True,686,-0.095,-65.1,31.0,0.83,474,-0.082,-38.9,31.2,0.85
wick,0.0,0.0,0.0,False,atr2.5,fixed1.5,False,686,-0.069,-47.1,39.4,0.89,474,-0.106,-50.0,37.1,0.84
wick,0.0,0.0,0.0,False,atr2.5,fixed2.0,True,686,-0.084,-57.9,24.1,0.85,474,-0.083,-39.3,23.4,0.85
wick,0.0,0.0,0.0,False,atr2.5,fixed2.0,False,686,-0.065,-44.5,33.2,0.91,474,-0.112,-52.9,30.8,0.84
wick,0.0,0.0,0.0,False,atr3.0,trail3,True,666,-0.004,-2.4,48.0,0.99,455,-0.088,-39.9,46.6,0.83
wick,0.0,0.0,0.0,False,atr3.0,trail3,False,666,-0.009,-5.7,48.2,0.98,455,-0.089,-40.7,47.0,0.83
wick,0.0,0.0,0.0,False,atr3.0,trail5,True,666,-0.014,-9.0,46.2,0.97,455,-0.086,-39.1,45.5,0.84
wick,0.0,0.0,0.0,False,atr3.0,trail5,False,666,-0.024,-15.7,46.2,0.95,455,-0.087,-39.4,45.9,0.84
wick,0.0,0.0,0.0,False,atr3.0,trail8,True,666,-0.015,-9.7,44.4,0.97,455,-0.096,-43.8,43.7,0.82
wick,0.0,0.0,0.0,False,atr3.0,trail8,False,666,-0.02,-13.1,45.3,0.96,455,-0.101,-46.1,44.2,0.81
wick,0.0,0.0,0.0,False,atr3.0,trail12,True,666,-0.039,-25.8,40.7,0.92,455,-0.082,-37.3,39.6,0.84
wick,0.0,0.0,0.0,False,atr3.0,trail12,False,666,-0.05,-33.6,41.9,0.91,455,-0.066,-30.1,41.1,0.88
wick,0.0,0.0,0.0,False,atr3.0,fixed1.0,True,666,-0.023,-15.3,50.8,0.95,455,-0.048,-22.1,48.8,0.91
wick,0.0,0.0,0.0,False,atr3.0,fixed1.0,False,666,-0.023,-15.3,50.8,0.95,455,-0.048,-22.1,48.8,0.91
wick,0.0,0.0,0.0,False,atr3.0,fixed1.5,True,666,-0.038,-25.1,33.3,0.93,455,-0.079,-36.0,30.5,0.85
wick,0.0,0.0,0.0,False,atr3.0,fixed1.5,False,666,-0.08,-53.1,38.6,0.87,455,-0.066,-30.0,38.5,0.9
wick,0.0,0.0,0.0,False,atr3.0,fixed2.0,True,666,-0.07,-46.7,23.9,0.86,455,-0.076,-34.5,23.3,0.86
wick,0.0,0.0,0.0,False,atr3.0,fixed2.0,False,666,-0.088,-58.7,32.4,0.87,455,-0.043,-19.6,33.2,0.94
wick,0.0,0.0,0.0,False,struct5,trail3,True,741,-0.117,-86.4,34.8,0.82,526,-0.254,-133.8,31.0,0.61
wick,0.0,0.0,0.0,False,struct5,trail3,False,741,-0.063,-46.7,36.6,0.9,526,-0.277,-145.6,32.3,0.59
wick,0.0,0.0,0.0,False,struct5,trail5,True,741,-0.128,-95.1,32.0,0.8,526,-0.256,-134.7,27.6,0.61
wick,0.0,0.0,0.0,False,struct5,trail5,False,741,-0.082,-60.9,34.3,0.88,526,-0.286,-150.5,28.9,0.59
wick,0.0,0.0,0.0,False,struct5,trail8,True,741,-0.126,-93.1,28.7,0.81,526,-0.261,-137.4,26.2,0.6
wick,0.0,0.0,0.0,False,struct5,trail8,False,741,-0.096,-70.8,31.4,0.86,526,-0.288,-151.7,27.4,0.59
wick,0.0,0.0,0.0,False,struct5,trail12,True,741,-0.175,-129.9,25.4,0.73,526,-0.133,-70.0,22.1,0.8
wick,0.0,0.0,0.0,False,struct5,trail12,False,741,-0.168,-124.8,27.8,0.76,526,-0.163,-85.8,23.8,0.77
wick,0.0,0.0,0.0,False,struct5,fixed1.0,True,741,-0.227,-168.5,44.4,0.64,526,-0.26,-136.7,41.3,0.6
wick,0.0,0.0,0.0,False,struct5,fixed1.0,False,741,-0.227,-168.5,44.4,0.64,526,-0.26,-136.7,41.3,0.6
wick,0.0,0.0,0.0,False,struct5,fixed1.5,True,741,-0.221,-163.6,30.4,0.65,526,-0.254,-133.8,28.1,0.61
wick,0.0,0.0,0.0,False,struct5,fixed1.5,False,741,-0.233,-172.3,35.8,0.68,526,-0.271,-142.5,32.7,0.63
wick,0.0,0.0,0.0,False,struct5,fixed2.0,True,741,-0.195,-144.6,24.3,0.7,526,-0.266,-139.9,20.7,0.6
wick,0.0,0.0,0.0,False,struct5,fixed2.0,False,741,-0.197,-145.9,31.2,0.74,526,-0.238,-125.3,28.5,0.69
wick,0.0,0.0,0.0,True,atr1.5,trail3,True,634,-0.084,-53.2,38.8,0.85,421,-0.146,-61.4,39.4,0.74
wick,0.0,0.0,0.0,True,atr1.5,trail3,False,634,-0.09,-57.2,39.9,0.85,421,-0.159,-67.1,39.7,0.73
wick,0.0,0.0,0.0,True,atr1.5,trail5,True,634,-0.095,-60.5,34.9,0.84,421,-0.119,-50.3,36.6,0.79
wick,0.0,0.0,0.0,True,atr1.5,trail5,False,634,-0.115,-72.6,36.4,0.81,421,-0.124,-52.2,37.8,0.79
wick,0.0,0.0,0.0,True,atr1.5,trail8,True,634,-0.091,-57.7,28.7,0.84,421,-0.105,-44.3,32.1,0.81
wick,0.0,0.0,0.0,True,atr1.5,trail8,False,634,-0.11,-69.9,30.8,0.82,421,-0.106,-44.7,34.0,0.82
wick,0.0,0.0,0.0,True,atr1.5,trail12,True,634,-0.094,-59.3,24.6,0.84,421,-0.1,-42.1,26.4,0.82
wick,0.0,0.0,0.0,True,atr1.5,trail12,False,634,-0.106,-67.3,27.1,0.84,421,-0.067,-28.4,29.2,0.89
wick,0.0,0.0,0.0,True,atr1.5,fixed1.0,True,634,-0.136,-85.9,47.0,0.76,421,-0.106,-44.6,47.3,0.81
wick,0.0,0.0,0.0,True,atr1.5,fixed1.0,False,634,-0.136,-85.9,47.0,0.76,421,-0.106,-44.6,47.3,0.81
wick,0.0,0.0,0.0,True,atr1.5,fixed1.5,True,634,-0.092,-58.4,34.2,0.84,421,-0.109,-45.8,31.4,0.81
wick,0.0,0.0,0.0,True,atr1.5,fixed1.5,False,634,-0.077,-48.7,40.1,0.88,421,-0.12,-50.4,37.3,0.82
wick,0.0,0.0,0.0,True,atr1.5,fixed2.0,True,634,-0.11,-70.0,24.8,0.81,421,-0.041,-17.3,26.8,0.93
wick,0.0,0.0,0.0,True,atr1.5,fixed2.0,False,634,-0.05,-31.9,34.4,0.93,421,-0.068,-28.5,32.8,0.9
wick,0.0,0.0,0.0,True,atr2.0,trail3,True,613,-0.045,-27.5,43.4,0.92,413,-0.102,-42.2,44.3,0.81
wick,0.0,0.0,0.0,True,atr2.0,trail3,False,613,-0.051,-31.1,43.9,0.91,413,-0.105,-43.3,44.8,0.81
wick,0.0,0.0,0.0,True,atr2.0,trail5,True,613,-0.056,-34.5,40.1,0.9,413,-0.092,-38.0,41.9,0.83
wick,0.0,0.0,0.0,True,atr2.0,trail5,False,613,-0.07,-42.8,40.9,0.88,413,-0.098,-40.6,42.4,0.82
wick,0.0,0.0,0.0,True,atr2.0,trail8,True,613,-0.042,-25.8,35.2,0.92,413,-0.076,-31.6,39.0,0.86
wick,0.0,0.0,0.0,True,atr2.0,trail8,False,613,-0.054,-33.1,36.9,0.91,413,-0.084,-34.7,39.5,0.85
wick,0.0,0.0,0.0,True,atr2.0,trail12,True,613,-0.05,-30.4,30.8,0.91,413,-0.075,-30.9,33.7,0.86
wick,0.0,0.0,0.0,True,atr2.0,trail12,False,613,-0.063,-38.8,33.1,0.89,413,-0.053,-21.8,35.1,0.91
wick,0.0,0.0,0.0,True,atr2.0,fixed1.0,True,613,-0.088,-53.8,48.6,0.84,413,-0.086,-35.7,47.7,0.84
wick,0.0,0.0,0.0,True,atr2.0,fixed1.0,False,613,-0.088,-53.8,48.6,0.84,413,-0.086,-35.7,47.7,0.84
wick,0.0,0.0,0.0,True,atr2.0,fixed1.5,True,613,-0.07,-42.7,33.6,0.87,413,-0.051,-20.9,34.1,0.91
wick,0.0,0.0,0.0,True,atr2.0,fixed1.5,False,613,-0.041,-25.4,40.8,0.93,413,-0.053,-22.1,39.5,0.92
wick,0.0,0.0,0.0,True,atr2.0,fixed2.0,True,613,-0.075,-45.8,25.0,0.87,413,-0.081,-33.3,24.2,0.85
wick,0.0,0.0,0.0,True,atr2.0,fixed2.0,False,613,-0.064,-39.5,33.3,0.91,413,-0.073,-30.3,32.4,0.9
wick,0.0,0.0,0.0,True,atr2.5,trail3,True,593,-0.069,-41.0,44.7,0.87,396,-0.086,-34.0,46.0,0.84
wick,0.0,0.0,0.0,True,atr2.5,trail3,False,593,-0.071,-42.2,45.4,0.87,396,-0.085,-33.5,46.7,0.84
wick,0.0,0.0,0.0,True,atr2.5,trail5,True,593,-0.085,-50.2,42.3,0.84,396,-0.078,-31.1,44.4,0.85
wick,0.0,0.0,0.0,True,atr2.5,trail5,False,593,-0.093,-54.9,43.0,0.83,396,-0.074,-29.5,44.9,0.86
wick,0.0,0.0,0.0,True,atr2.5,trail8,True,593,-0.078,-46.4,38.8,0.85,396,-0.064,-25.3,42.2,0.88
wick,0.0,0.0,0.0,True,atr2.5,trail8,False,593,-0.08,-47.3,40.5,0.86,396,-0.067,-26.4,42.7,0.88
wick,0.0,0.0,0.0,True,atr2.5,trail12,True,593,-0.09,-53.4,34.1,0.83,396,-0.053,-21.2,38.1,0.9
wick,0.0,0.0,0.0,True,atr2.5,trail12,False,593,-0.094,-55.5,36.4,0.84,396,-0.031,-12.1,39.4,0.94
wick,0.0,0.0,0.0,True,atr2.5,fixed1.0,True,593,-0.069,-40.6,48.9,0.87,396,-0.061,-24.2,48.5,0.88
wick,0.0,0.0,0.0,True,atr2.5,fixed1.0,False,593,-0.069,-40.6,48.9,0.87,396,-0.061,-24.2,48.5,0.88
wick,0.0,0.0,0.0,True,atr2.5,fixed1.5,True,593,-0.095,-56.6,30.9,0.82,396,-0.055,-21.8,32.8,0.9
wick,0.0,0.0,0.0,True,atr2.5,fixed1.5,False,593,-0.068,-40.5,39.3,0.89,396,-0.048,-19.2,39.4,0.92
wick,0.0,0.0,0.0,True,atr2.5,fixed2.0,True,593,-0.102,-60.5,23.3,0.81,396,-0.052,-20.7,24.5,0.9
wick,0.0,0.0,0.0,True,atr2.5,fixed2.0,False,593,-0.081,-48.0,32.9,0.88,396,-0.037,-14.6,33.1,0.95
wick,0.0,0.0,0.0,True,atr3.0,trail3,True,576,-0.044,-25.2,46.7,0.92,384,-0.094,-36.3,46.4,0.82
wick,0.0,0.0,0.0,True,atr3.0,trail3,False,576,-0.044,-25.3,47.2,0.92,384,-0.093,-35.7,47.1,0.82
wick,0.0,0.0,0.0,True,atr3.0,trail5,True,576,-0.057,-33.1,45.1,0.89,384,-0.086,-33.1,45.6,0.83
wick,0.0,0.0,0.0,True,atr3.0,trail5,False,576,-0.063,-36.1,45.5,0.88,384,-0.083,-31.7,46.1,0.84
wick,0.0,0.0,0.0,True,atr3.0,trail8,True,576,-0.061,-35.0,42.2,0.88,384,-0.074,-28.4,44.0,0.86
wick,0.0,0.0,0.0,True,atr3.0,trail8,False,576,-0.057,-33.1,43.8,0.89,384,-0.076,-29.1,44.5,0.86
wick,0.0,0.0,0.0,True,atr3.0,trail12,True,576,-0.067,-38.3,38.5,0.87,384,-0.075,-29.0,40.4,0.86
wick,0.0,0.0,0.0,True,atr3.0,trail12,False,576,-0.068,-39.2,40.5,0.87,384,-0.049,-18.9,41.9,0.91
wick,0.0,0.0,0.0,True,atr3.0,fixed1.0,True,576,-0.037,-21.4,50.0,0.93,384,-0.047,-17.9,48.7,0.91
wick,0.0,0.0,0.0,True,atr3.0,fixed1.0,False,576,-0.037,-21.4,50.0,0.93,384,-0.047,-17.9,48.7,0.91
wick,0.0,0.0,0.0,True,atr3.0,fixed1.5,True,576,-0.05,-29.0,32.8,0.9,384,-0.08,-30.8,30.5,0.85
wick,0.0,0.0,0.0,True,atr3.0,fixed1.5,False,576,-0.061,-35.0,39.2,0.9,384,-0.094,-36.1,37.5,0.85
wick,0.0,0.0,0.0,True,atr3.0,fixed2.0,True,576,-0.078,-45.0,24.0,0.85,384,-0.071,-27.1,23.2,0.87
wick,0.0,0.0,0.0,True,atr3.0,fixed2.0,False,576,-0.066,-38.1,33.3,0.9,384,-0.047,-17.9,32.8,0.93
wick,0.0,0.0,0.0,True,struct5,trail3,True,601,-0.086,-51.7,43.8,0.84,406,-0.123,-49.7,42.6,0.78
wick,0.0,0.0,0.0,True,struct5,trail3,False,601,-0.092,-55.2,44.4,0.83,406,-0.128,-51.9,43.1,0.77
wick,0.0,0.0,0.0,True,struct5,trail5,True,601,-0.104,-62.6,41.4,0.81,406,-0.084,-34.0,39.7,0.85
wick,0.0,0.0,0.0,True,struct5,trail5,False,601,-0.115,-68.9,42.4,0.8,406,-0.086,-35.1,40.4,0.85
wick,0.0,0.0,0.0,True,struct5,trail8,True,601,-0.103,-61.7,36.8,0.81,406,-0.076,-30.9,36.5,0.86
wick,0.0,0.0,0.0,True,struct5,trail8,False,601,-0.12,-71.8,38.1,0.79,406,-0.082,-33.2,37.2,0.86
wick,0.0,0.0,0.0,True,struct5,trail12,True,601,-0.102,-61.2,32.6,0.81,406,-0.073,-29.5,32.8,0.87
wick,0.0,0.0,0.0,True,struct5,trail12,False,601,-0.119,-71.7,34.4,0.8,406,-0.041,-16.8,34.5,0.93
wick,0.0,0.0,0.0,True,struct5,fixed1.0,True,601,-0.083,-49.7,48.8,0.85,406,-0.115,-46.6,46.6,0.79
wick,0.0,0.0,0.0,True,struct5,fixed1.0,False,601,-0.083,-49.7,48.8,0.85,406,-0.115,-46.6,46.6,0.79
wick,0.0,0.0,0.0,True,struct5,fixed1.5,True,601,-0.09,-54.3,32.6,0.84,406,-0.082,-33.2,33.5,0.85
wick,0.0,0.0,0.0,True,struct5,fixed1.5,False,601,-0.11,-66.0,38.6,0.83,406,-0.077,-31.2,38.9,0.88
wick,0.0,0.0,0.0,True,struct5,fixed2.0,True,601,-0.093,-56.2,24.8,0.83,406,-0.088,-35.9,24.9,0.84
wick,0.0,0.0,0.0,True,struct5,fixed2.0,False,601,-0.087,-52.2,33.3,0.88,406,-0.058,-23.5,33.3,0.92
wick,0.0,0.0,0.25,False,atr1.5,trail3,True,687,-0.072,-49.8,39.7,0.87,481,-0.07,-33.8,40.5,0.87
wick,0.0,0.0,0.25,False,atr1.5,trail3,False,687,-0.075,-51.8,40.5,0.87,481,-0.085,-40.8,41.0,0.85
wick,0.0,0.0,0.25,False,atr1.5,trail5,True,687,-0.08,-54.9,34.9,0.86,481,-0.043,-20.8,37.2,0.92
wick,0.0,0.0,0.25,False,atr1.5,trail5,False,687,-0.09,-62.0,36.4,0.85,481,-0.058,-27.8,38.5,0.9
wick,0.0,0.0,0.25,False,atr1.5,trail8,True,687,-0.074,-51.1,29.7,0.87,481,-0.054,-26.2,33.3,0.9
wick,0.0,0.0,0.25,False,atr1.5,trail8,False,687,-0.089,-61.5,31.7,0.86,481,-0.069,-33.1,34.7,0.88
wick,0.0,0.0,0.25,False,atr1.5,trail12,True,687,-0.108,-74.0,25.6,0.82,481,-0.058,-27.9,26.4,0.9
wick,0.0,0.0,0.25,False,atr1.5,trail12,False,687,-0.144,-98.6,27.7,0.78,481,-0.035,-16.6,28.9,0.94
wick,0.0,0.0,0.25,False,atr1.5,fixed1.0,True,687,-0.129,-89.0,47.5,0.77,481,-0.096,-46.0,47.8,0.83
wick,0.0,0.0,0.25,False,atr1.5,fixed1.0,False,687,-0.129,-89.0,47.5,0.77,481,-0.096,-46.0,47.8,0.83
wick,0.0,0.0,0.25,False,atr1.5,fixed1.5,True,687,-0.098,-67.2,33.8,0.83,481,-0.085,-40.7,32.6,0.85
wick,0.0,0.0,0.25,False,atr1.5,fixed1.5,False,687,-0.077,-52.8,40.0,0.88,481,-0.096,-46.3,38.3,0.85
wick,0.0,0.0,0.25,False,atr1.5,fixed2.0,True,687,-0.098,-67.2,25.3,0.83,481,-0.053,-25.7,26.0,0.9
wick,0.0,0.0,0.25,False,atr1.5,fixed2.0,False,687,-0.059,-40.2,34.1,0.92,481,-0.073,-35.0,32.6,0.9
wick,0.0,0.0,0.25,False,atr2.0,trail3,True,670,-0.066,-44.3,42.1,0.88,457,-0.039,-18.0,46.4,0.93
wick,0.0,0.0,0.25,False,atr2.0,trail3,False,670,-0.072,-48.0,42.5,0.87,457,-0.044,-20.1,46.4,0.92
wick,0.0,0.0,0.25,False,atr2.0,trail5,True,670,-0.069,-46.1,39.0,0.88,457,-0.033,-15.1,44.6,0.94
wick,0.0,0.0,0.25,False,atr2.0,trail5,False,670,-0.081,-54.6,39.7,0.86,457,-0.041,-18.9,44.6,0.92
wick,0.0,0.0,0.25,False,atr2.0,trail8,True,670,-0.047,-31.2,35.1,0.92,457,-0.045,-20.7,40.9,0.92
wick,0.0,0.0,0.25,False,atr2.0,trail8,False,670,-0.065,-43.4,36.4,0.89,457,-0.062,-28.2,40.9,0.89
wick,0.0,0.0,0.25,False,atr2.0,trail12,True,670,-0.082,-55.1,31.6,0.86,457,-0.032,-14.8,33.3,0.94
wick,0.0,0.0,0.25,False,atr2.0,trail12,False,670,-0.114,-76.6,32.7,0.81,457,-0.026,-12.0,34.1,0.95
wick,0.0,0.0,0.25,False,atr2.0,fixed1.0,True,670,-0.115,-76.9,47.3,0.8,457,-0.055,-25.0,49.2,0.9
wick,0.0,0.0,0.25,False,atr2.0,fixed1.0,False,670,-0.115,-76.9,47.3,0.8,457,-0.055,-25.0,49.2,0.9
wick,0.0,0.0,0.25,False,atr2.0,fixed1.5,True,670,-0.089,-59.4,33.3,0.84,457,-0.06,-27.3,32.6,0.89
wick,0.0,0.0,0.25,False,atr2.0,fixed1.5,False,670,-0.059,-39.8,40.1,0.91,457,-0.057,-25.9,39.4,0.91
wick,0.0,0.0,0.25,False,atr2.0,fixed2.0,True,670,-0.098,-65.9,24.6,0.83,457,-0.087,-39.7,23.2,0.84
wick,0.0,0.0,0.25,False,atr2.0,fixed2.0,False,670,-0.092,-61.9,32.5,0.87,457,-0.104,-47.4,31.5,0.85
wick,0.0,0.0,0.25,False,atr2.5,trail3,True,646,-0.028,-18.3,45.7,0.95,442,-0.086,-37.8,46.2,0.84
wick,0.0,0.0,0.25,False,atr2.5,trail3,False,646,-0.031,-20.1,46.1,0.94,442,-0.086,-38.0,46.6,0.84
wick,0.0,0.0,0.25,False,atr2.5,trail5,True,646,-0.039,-25.1,43.3,0.93,442,-0.075,-33.3,44.3,0.86
wick,0.0,0.0,0.25,False,atr2.5,trail5,False,646,-0.049,-31.3,43.8,0.91,442,-0.073,-32.5,44.8,0.86
wick,0.0,0.0,0.25,False,atr2.5,trail8,True,646,-0.023,-15.1,41.3,0.96,442,-0.088,-39.1,41.9,0.83
wick,0.0,0.0,0.25,False,atr2.5,trail8,False,646,-0.03,-19.6,42.6,0.94,442,-0.094,-41.4,42.1,0.83
wick,0.0,0.0,0.25,False,atr2.5,trail12,True,646,-0.055,-35.5,36.8,0.9,442,-0.054,-24.0,37.1,0.9
wick,0.0,0.0,0.25,False,atr2.5,trail12,False,646,-0.074,-47.8,38.1,0.87,442,-0.037,-16.3,38.2,0.93
wick,0.0,0.0,0.25,False,atr2.5,fixed1.0,True,646,-0.057,-37.0,49.5,0.89,442,-0.063,-28.0,48.4,0.88
wick,0.0,0.0,0.25,False,atr2.5,fixed1.0,False,646,-0.057,-37.0,49.5,0.89,442,-0.063,-28.0,48.4,0.88
wick,0.0,0.0,0.25,False,atr2.5,fixed1.5,True,646,-0.059,-37.9,33.1,0.89,442,-0.078,-34.6,31.4,0.85
wick,0.0,0.0,0.25,False,atr2.5,fixed1.5,False,646,-0.052,-33.6,40.1,0.92,442,-0.099,-43.7,37.6,0.85
wick,0.0,0.0,0.25,False,atr2.5,fixed2.0,True,646,-0.074,-48.0,24.3,0.86,442,-0.081,-36.0,23.1,0.85
wick,0.0,0.0,0.25,False,atr2.5,fixed2.0,False,646,-0.064,-41.6,33.4,0.91,442,-0.105,-46.6,31.0,0.85
wick,0.0,0.0,0.25,False,atr3.0,trail3,True,626,-0.013,-8.3,47.9,0.97,423,-0.079,-33.5,47.5,0.85
wick,0.0,0.0,0.25,False,atr3.0,trail3,False,626,-0.018,-11.3,48.1,0.96,423,-0.083,-35.0,47.8,0.84
wick,0.0,0.0,0.25,False,atr3.0,trail5,True,626,-0.019,-12.0,46.3,0.96,423,-0.077,-32.5,46.1,0.85
wick,0.0,0.0,0.25,False,atr3.0,trail5,False,626,-0.027,-16.8,46.5,0.95,423,-0.079,-33.3,46.3,0.85
wick,0.0,0.0,0.25,False,atr3.0,trail8,True,626,-0.016,-10.1,44.4,0.97,423,-0.089,-37.5,44.2,0.83
wick,0.0,0.0,0.25,False,atr3.0,trail8,False,626,-0.021,-13.3,45.0,0.96,423,-0.095,-40.4,44.4,0.82
wick,0.0,0.0,0.25,False,atr3.0,trail12,True,626,-0.045,-28.1,40.7,0.91,423,-0.065,-27.6,40.4,0.87
wick,0.0,0.0,0.25,False,atr3.0,trail12,False,626,-0.056,-35.3,41.7,0.9,423,-0.055,-23.1,41.4,0.9
wick,0.0,0.0,0.25,False,atr3.0,fixed1.0,True,626,-0.029,-17.9,50.5,0.94,423,-0.033,-13.9,49.6,0.94
wick,0.0,0.0,0.25,False,atr3.0,fixed1.0,False,626,-0.029,-17.9,50.5,0.94,423,-0.033,-13.9,49.6,0.94
wick,0.0,0.0,0.25,False,atr3.0,fixed1.5,True,626,-0.042,-26.0,33.2,0.92,423,-0.064,-27.0,31.2,0.88
wick,0.0,0.0,0.25,False,atr3.0,fixed1.5,False,626,-0.059,-37.1,39.5,0.91,423,-0.073,-30.7,38.3,0.88
wick,0.0,0.0,0.25,False,atr3.0,fixed2.0,True,626,-0.052,-32.4,25.1,0.9,423,-0.056,-23.7,23.9,0.89
wick,0.0,0.0,0.25,False,atr3.0,fixed2.0,False,626,-0.058,-36.6,33.7,0.91,423,-0.071,-30.0,32.2,0.9
wick,0.0,0.0,0.25,False,struct5,trail3,True,670,-0.094,-63.1,38.7,0.84,470,-0.093,-43.5,38.5,0.84
wick,0.0,0.0,0.25,False,struct5,trail3,False,670,-0.064,-42.8,40.0,0.89,470,-0.114,-53.6,39.4,0.81
wick,0.0,0.0,0.25,False,struct5,trail5,True,670,-0.102,-68.1,35.1,0.83,470,-0.089,-41.7,35.1,0.84
wick,0.0,0.0,0.25,False,struct5,trail5,False,670,-0.081,-54.2,37.3,0.87,470,-0.115,-54.0,36.0,0.81
wick,0.0,0.0,0.25,False,struct5,trail8,True,670,-0.097,-65.1,31.2,0.84,470,-0.114,-53.8,32.6,0.8
wick,0.0,0.0,0.25,False,struct5,trail8,False,670,-0.083,-55.4,34.2,0.87,470,-0.153,-72.1,32.8,0.75
wick,0.0,0.0,0.25,False,struct5,trail12,True,670,-0.144,-96.6,28.1,0.76,470,-0.104,-49.1,26.8,0.82
wick,0.0,0.0,0.25,False,struct5,trail12,False,670,-0.154,-103.5,30.3,0.76,470,-0.147,-69.1,27.9,0.77
wick,0.0,0.0,0.25,False,struct5,fixed1.0,True,670,-0.138,-92.4,47.6,0.76,470,-0.12,-56.2,47.0,0.79
wick,0.0,0.0,0.25,False,struct5,fixed1.0,False,670,-0.138,-92.4,47.6,0.76,470,-0.12,-56.2,47.0,0.79
wick,0.0,0.0,0.25,False,struct5,fixed1.5,True,670,-0.166,-111.2,30.3,0.72,470,-0.119,-55.9,31.7,0.79
wick,0.0,0.0,0.25,False,struct5,fixed1.5,False,670,-0.155,-103.7,37.8,0.77,470,-0.15,-70.3,36.6,0.78
wick,0.0,0.0,0.25,False,struct5,fixed2.0,True,670,-0.147,-98.7,24.0,0.75,470,-0.122,-57.6,23.8,0.79
wick,0.0,0.0,0.25,False,struct5,fixed2.0,False,670,-0.137,-91.7,32.4,0.81,470,-0.145,-68.1,30.9,0.8
wick,0.0,0.0,0.25,True,atr1.5,trail3,True,589,-0.082,-48.6,39.6,0.85,393,-0.092,-36.2,40.7,0.83
wick,0.0,0.0,0.25,True,atr1.5,trail3,False,589,-0.087,-51.2,40.4,0.85,393,-0.104,-40.9,41.2,0.82
wick,0.0,0.0,0.25,True,atr1.5,trail5,True,589,-0.091,-53.5,35.0,0.84,393,-0.074,-29.1,36.6,0.87
wick,0.0,0.0,0.25,True,atr1.5,trail5,False,589,-0.108,-63.8,36.5,0.82,393,-0.075,-29.4,38.2,0.87
wick,0.0,0.0,0.25,True,atr1.5,trail8,True,589,-0.086,-50.7,28.5,0.85,393,-0.07,-27.4,32.6,0.87
wick,0.0,0.0,0.25,True,atr1.5,trail8,False,589,-0.098,-57.5,30.9,0.84,393,-0.07,-27.6,34.6,0.88
wick,0.0,0.0,0.25,True,atr1.5,trail12,True,589,-0.098,-57.6,24.8,0.83,393,-0.062,-24.3,27.2,0.89
wick,0.0,0.0,0.25,True,atr1.5,trail12,False,589,-0.11,-65.0,27.3,0.83,393,-0.02,-7.8,30.3,0.97
wick,0.0,0.0,0.25,True,atr1.5,fixed1.0,True,589,-0.115,-67.8,48.0,0.79,393,-0.09,-35.3,48.1,0.84
wick,0.0,0.0,0.25,True,atr1.5,fixed1.0,False,589,-0.115,-67.8,48.0,0.79,393,-0.09,-35.3,48.1,0.84
wick,0.0,0.0,0.25,True,atr1.5,fixed1.5,True,589,-0.076,-45.0,34.6,0.87,393,-0.075,-29.4,33.1,0.86
wick,0.0,0.0,0.25,True,atr1.5,fixed1.5,False,589,-0.073,-43.1,40.1,0.89,393,-0.092,-36.0,38.4,0.86
wick,0.0,0.0,0.25,True,atr1.5,fixed2.0,True,589,-0.08,-47.1,25.8,0.86,393,-0.02,-8.0,27.5,0.96
wick,0.0,0.0,0.25,True,atr1.5,fixed2.0,False,589,-0.029,-17.3,35.0,0.96,393,-0.021,-8.2,34.4,0.97
wick,0.0,0.0,0.25,True,atr2.0,trail3,True,575,-0.064,-37.0,42.6,0.88,381,-0.068,-26.1,45.9,0.87
wick,0.0,0.0,0.25,True,atr2.0,trail3,False,575,-0.07,-40.0,43.1,0.88,381,-0.072,-27.5,46.2,0.87
wick,0.0,0.0,0.25,True,atr2.0,trail5,True,575,-0.074,-42.8,39.0,0.87,381,-0.061,-23.1,42.8,0.89
wick,0.0,0.0,0.25,True,atr2.0,trail5,False,575,-0.087,-50.3,39.8,0.85,381,-0.069,-26.2,43.0,0.87
wick,0.0,0.0,0.25,True,atr2.0,trail8,True,575,-0.055,-31.6,33.7,0.9,381,-0.058,-22.2,39.6,0.89
wick,0.0,0.0,0.25,True,atr2.0,trail8,False,575,-0.061,-35.1,35.8,0.9,381,-0.073,-27.8,39.9,0.87
wick,0.0,0.0,0.25,True,atr2.0,trail12,True,575,-0.068,-39.0,30.4,0.88,381,-0.043,-16.6,33.9,0.92
wick,0.0,0.0,0.25,True,atr2.0,trail12,False,575,-0.079,-45.6,32.3,0.87,381,-0.024,-9.0,35.2,0.96
wick,0.0,0.0,0.25,True,atr2.0,fixed1.0,True,575,-0.096,-55.4,48.2,0.83,381,-0.064,-24.5,48.8,0.88
wick,0.0,0.0,0.25,True,atr2.0,fixed1.0,False,575,-0.096,-55.4,48.2,0.83,381,-0.064,-24.5,48.8,0.88
wick,0.0,0.0,0.25,True,atr2.0,fixed1.5,True,575,-0.075,-42.9,33.6,0.87,381,-0.032,-12.2,34.6,0.94
wick,0.0,0.0,0.25,True,atr2.0,fixed1.5,False,575,-0.036,-20.9,41.0,0.94,381,-0.01,-3.8,41.2,0.98
wick,0.0,0.0,0.25,True,atr2.0,fixed2.0,True,575,-0.088,-50.4,24.5,0.84,381,-0.087,-33.1,23.4,0.84
wick,0.0,0.0,0.25,True,atr2.0,fixed2.0,False,575,-0.063,-36.1,33.4,0.91,381,-0.073,-28.0,32.5,0.9
wick,0.0,0.0,0.25,True,atr2.5,trail3,True,553,-0.067,-36.9,44.5,0.88,366,-0.082,-30.0,46.4,0.84
wick,0.0,0.0,0.25,True,atr2.5,trail3,False,553,-0.068,-37.6,45.2,0.87,366,-0.081,-29.8,47.3,0.85
wick,0.0,0.0,0.25,True,atr2.5,trail5,True,553,-0.083,-45.8,42.5,0.85,366,-0.066,-24.3,44.5,0.87
wick,0.0,0.0,0.25,True,atr2.5,trail5,False,553,-0.091,-50.4,43.2,0.83,366,-0.062,-22.7,45.4,0.88
wick,0.0,0.0,0.25,True,atr2.5,trail8,True,553,-0.074,-40.9,38.9,0.86,366,-0.073,-26.8,41.8,0.86
wick,0.0,0.0,0.25,True,atr2.5,trail8,False,553,-0.073,-40.5,40.9,0.87,366,-0.075,-27.5,42.3,0.86
wick,0.0,0.0,0.25,True,atr2.5,trail12,True,553,-0.087,-48.0,35.1,0.84,366,-0.06,-22.1,37.4,0.89
wick,0.0,0.0,0.25,True,atr2.5,trail12,False,553,-0.091,-50.2,36.9,0.84,366,-0.031,-11.3,39.1,0.94
wick,0.0,0.0,0.25,True,atr2.5,fixed1.0,True,553,-0.064,-35.3,49.2,0.88,366,-0.048,-17.4,49.2,0.91
wick,0.0,0.0,0.25,True,atr2.5,fixed1.0,False,553,-0.064,-35.3,49.2,0.88,366,-0.048,-17.4,49.2,0.91
wick,0.0,0.0,0.25,True,atr2.5,fixed1.5,True,553,-0.068,-37.8,32.5,0.87,366,-0.049,-18.0,32.8,0.91
wick,0.0,0.0,0.25,True,atr2.5,fixed1.5,False,553,-0.053,-29.2,40.0,0.92,366,-0.054,-19.9,39.3,0.91
wick,0.0,0.0,0.25,True,atr2.5,fixed2.0,True,553,-0.103,-57.1,23.1,0.81,366,-0.076,-27.8,23.0,0.86
wick,0.0,0.0,0.25,True,atr2.5,fixed2.0,False,553,-0.089,-49.1,32.7,0.87,366,-0.076,-27.8,32.0,0.89
wick,0.0,0.0,0.25,True,atr3.0,trail3,True,540,-0.048,-26.1,46.9,0.91,356,-0.073,-25.9,48.0,0.86
wick,0.0,0.0,0.25,True,atr3.0,trail3,False,540,-0.048,-25.8,47.4,0.91,356,-0.073,-25.9,48.6,0.86
wick,0.0,0.0,0.25,True,atr3.0,trail5,True,540,-0.062,-33.7,45.6,0.88,356,-0.064,-22.8,47.2,0.87
wick,0.0,0.0,0.25,True,atr3.0,trail5,False,540,-0.064,-34.8,46.1,0.88,356,-0.061,-21.9,47.5,0.88
wick,0.0,0.0,0.25,True,atr3.0,trail8,True,540,-0.059,-32.1,42.2,0.89,356,-0.064,-22.7,45.2,0.87
wick,0.0,0.0,0.25,True,atr3.0,trail8,False,540,-0.057,-30.8,43.5,0.89,356,-0.066,-23.6,45.5,0.87
wick,0.0,0.0,0.25,True,atr3.0,trail12,True,540,-0.071,-38.2,39.1,0.86,356,-0.066,-23.4,41.0,0.87
wick,0.0,0.0,0.25,True,atr3.0,trail12,False,540,-0.074,-39.8,40.6,0.86,356,-0.045,-15.8,42.1,0.92
wick,0.0,0.0,0.25,True,atr3.0,fixed1.0,True,540,-0.038,-20.3,50.0,0.93,356,-0.018,-6.4,50.3,0.96
wick,0.0,0.0,0.25,True,atr3.0,fixed1.0,False,540,-0.038,-20.3,50.0,0.93,356,-0.018,-6.4,50.3,0.96
wick,0.0,0.0,0.25,True,atr3.0,fixed1.5,True,540,-0.063,-34.0,32.0,0.88,356,-0.08,-28.5,29.8,0.84
wick,0.0,0.0,0.25,True,atr3.0,fixed1.5,False,540,-0.066,-35.7,39.1,0.89,356,-0.11,-39.1,37.1,0.83
wick,0.0,0.0,0.25,True,atr3.0,fixed2.0,True,540,-0.067,-36.0,24.6,0.87,356,-0.079,-28.2,22.2,0.85
wick,0.0,0.0,0.25,True,atr3.0,fixed2.0,False,540,-0.075,-40.6,33.1,0.89,356,-0.067,-23.8,32.3,0.9
wick,0.0,0.0,0.25,True,struct5,trail3,True,560,-0.067,-37.5,45.0,0.88,372,-0.085,-31.7,45.2,0.84
wick,0.0,0.0,0.25,True,struct5,trail3,False,560,-0.071,-39.7,45.5,0.87,372,-0.092,-34.2,45.4,0.83
wick,0.0,0.0,0.25,True,struct5,trail5,True,560,-0.08,-44.5,42.5,0.85,372,-0.059,-21.9,40.9,0.89
wick,0.0,0.0,0.25,True,struct5,trail5,False,560,-0.089,-49.8,43.4,0.84,372,-0.063,-23.4,41.4,0.89
wick,0.0,0.0,0.25,True,struct5,trail8,True,560,-0.07,-39.2,38.0,0.87,372,-0.068,-25.2,37.6,0.87
wick,0.0,0.0,0.25,True,struct5,trail8,False,560,-0.087,-48.6,39.5,0.85,372,-0.081,-30.3,38.2,0.86
wick,0.0,0.0,0.25,True,struct5,trail12,True,560,-0.077,-42.9,34.5,0.86,372,-0.048,-17.7,33.3,0.91
wick,0.0,0.0,0.25,True,struct5,trail12,False,560,-0.098,-54.8,35.7,0.83,372,-0.024,-9.0,34.7,0.96
wick,0.0,0.0,0.25,True,struct5,fixed1.0,True,560,-0.066,-37.0,49.8,0.88,372,-0.078,-28.9,48.4,0.86
wick,0.0,0.0,0.25,True,struct5,fixed1.0,False,560,-0.066,-37.0,49.8,0.88,372,-0.078,-28.9,48.4,0.86
wick,0.0,0.0,0.25,True,struct5,fixed1.5,True,560,-0.08,-44.7,33.0,0.85,372,-0.066,-24.6,33.3,0.88
wick,0.0,0.0,0.25,True,struct5,fixed1.5,False,560,-0.094,-52.7,39.3,0.85,372,-0.069,-25.5,39.2,0.89
wick,0.0,0.0,0.25,True,struct5,fixed2.0,True,560,-0.073,-40.7,25.9,0.87,372,-0.079,-29.3,24.5,0.86
wick,0.0,0.0,0.25,True,struct5,fixed2.0,False,560,-0.083,-46.4,33.8,0.88,372,-0.048,-17.9,33.6,0.93
wick,0.0,0.0,0.5,False,atr1.5,trail3,True,611,-0.058,-35.3,39.3,0.9,397,-0.061,-24.2,40.8,0.89
wick,0.0,0.0,0.5,False,atr1.5,trail3,False,611,-0.064,-39.3,40.3,0.89,397,-0.082,-32.5,41.1,0.85
wick,0.0,0.0,0.5,False,atr1.5,trail5,True,611,-0.05,-30.5,35.2,0.91,397,-0.066,-26.1,36.0,0.88
wick,0.0,0.0,0.5,False,atr1.5,trail5,False,611,-0.061,-37.2,36.8,0.9,397,-0.093,-37.0,36.8,0.84
wick,0.0,0.0,0.5,False,atr1.5,trail8,True,611,-0.044,-27.0,29.6,0.92,397,-0.068,-27.1,32.2,0.87
wick,0.0,0.0,0.5,False,atr1.5,trail8,False,611,-0.049,-30.2,32.6,0.92,397,-0.099,-39.2,33.5,0.83
wick,0.0,0.0,0.5,False,atr1.5,trail12,True,611,-0.082,-50.1,25.9,0.86,397,-0.068,-27.0,25.7,0.88
wick,0.0,0.0,0.5,False,atr1.5,trail12,False,611,-0.106,-64.7,28.6,0.83,397,-0.106,-42.0,28.0,0.83
wick,0.0,0.0,0.5,False,atr1.5,fixed1.0,True,611,-0.124,-75.8,47.6,0.78,397,-0.069,-27.2,49.1,0.87
wick,0.0,0.0,0.5,False,atr1.5,fixed1.0,False,611,-0.124,-75.8,47.6,0.78,397,-0.069,-27.2,49.1,0.87
wick,0.0,0.0,0.5,False,atr1.5,fixed1.5,True,611,-0.087,-53.4,34.2,0.85,397,-0.088,-34.9,31.5,0.84
wick,0.0,0.0,0.5,False,atr1.5,fixed1.5,False,611,-0.06,-36.9,40.8,0.91,397,-0.114,-45.1,37.5,0.83
wick,0.0,0.0,0.5,False,atr1.5,fixed2.0,True,611,-0.08,-48.9,26.0,0.86,397,-0.067,-26.5,24.7,0.88
wick,0.0,0.0,0.5,False,atr1.5,fixed2.0,False,611,-0.003,-1.9,36.0,1.0,397,-0.093,-36.8,32.0,0.87
wick,0.0,0.0,0.5,False,atr2.0,trail3,True,592,-0.042,-25.0,43.8,0.92,387,-0.048,-18.6,46.0,0.91
wick,0.0,0.0,0.5,False,atr2.0,trail3,False,592,-0.047,-28.0,44.4,0.91,387,-0.052,-20.3,46.3,0.9
wick,0.0,0.0,0.5,False,atr2.0,trail5,True,592,-0.045,-26.5,40.5,0.92,387,-0.049,-18.9,42.9,0.91
wick,0.0,0.0,0.5,False,atr2.0,trail5,False,592,-0.057,-33.5,41.6,0.9,387,-0.058,-22.4,43.2,0.89
wick,0.0,0.0,0.5,False,atr2.0,trail8,True,592,-0.032,-18.9,36.1,0.94,387,-0.047,-18.0,39.5,0.91
wick,0.0,0.0,0.5,False,atr2.0,trail8,False,592,-0.039,-22.9,38.3,0.93,387,-0.062,-23.9,40.1,0.89
wick,0.0,0.0,0.5,False,atr2.0,trail12,True,592,-0.078,-46.1,31.9,0.86,387,-0.029,-11.1,32.3,0.95
wick,0.0,0.0,0.5,False,atr2.0,trail12,False,592,-0.1,-59.1,34.0,0.83,387,-0.05,-19.4,33.3,0.91
wick,0.0,0.0,0.5,False,atr2.0,fixed1.0,True,592,-0.074,-43.7,49.5,0.86,387,-0.057,-22.0,49.1,0.89
wick,0.0,0.0,0.5,False,atr2.0,fixed1.0,False,592,-0.074,-43.7,49.5,0.86,387,-0.057,-22.0,49.1,0.89
wick,0.0,0.0,0.5,False,atr2.0,fixed1.5,True,592,-0.05,-29.7,34.6,0.91,387,-0.073,-28.2,31.8,0.86
wick,0.0,0.0,0.5,False,atr2.0,fixed1.5,False,592,-0.026,-15.6,41.7,0.96,387,-0.066,-25.4,39.0,0.9
wick,0.0,0.0,0.5,False,atr2.0,fixed2.0,True,592,-0.05,-29.8,26.0,0.91,387,-0.071,-27.6,24.0,0.87
wick,0.0,0.0,0.5,False,atr2.0,fixed2.0,False,592,-0.052,-30.6,34.1,0.93,387,-0.042,-16.4,33.6,0.94
wick,0.0,0.0,0.5,False,atr2.5,trail3,True,572,-0.019,-10.8,46.5,0.96,374,-0.081,-30.2,45.7,0.85
wick,0.0,0.0,0.5,False,atr2.5,trail3,False,572,-0.021,-11.7,47.2,0.96,374,-0.08,-30.1,46.5,0.85
wick,0.0,0.0,0.5,False,atr2.5,trail5,True,572,-0.036,-20.5,44.4,0.93,374,-0.067,-25.0,43.0,0.88
wick,0.0,0.0,0.5,False,atr2.5,trail5,False,572,-0.045,-25.7,45.1,0.92,374,-0.065,-24.2,43.6,0.88
wick,0.0,0.0,0.5,False,atr2.5,trail8,True,572,-0.029,-16.5,42.0,0.94,374,-0.075,-28.1,40.6,0.86
wick,0.0,0.0,0.5,False,atr2.5,trail8,False,572,-0.033,-18.7,43.5,0.94,374,-0.078,-29.1,41.2,0.86
wick,0.0,0.0,0.5,False,atr2.5,trail12,True,572,-0.072,-41.0,37.2,0.86,374,-0.022,-8.2,36.9,0.96
wick,0.0,0.0,0.5,False,atr2.5,trail12,False,572,-0.088,-50.2,38.8,0.84,374,-0.026,-9.8,38.0,0.95
wick,0.0,0.0,0.5,False,atr2.5,fixed1.0,True,572,-0.039,-22.5,50.7,0.92,374,-0.069,-25.7,48.1,0.87
wick,0.0,0.0,0.5,False,atr2.5,fixed1.0,False,572,-0.039,-22.5,50.7,0.92,374,-0.069,-25.7,48.1,0.87
wick,0.0,0.0,0.5,False,atr2.5,fixed1.5,True,572,-0.038,-21.7,34.1,0.93,374,-0.059,-22.2,32.9,0.89
wick,0.0,0.0,0.5,False,atr2.5,fixed1.5,False,572,-0.038,-21.9,40.9,0.94,374,-0.063,-23.6,39.0,0.9
wick,0.0,0.0,0.5,False,atr2.5,fixed2.0,True,572,-0.067,-38.3,24.5,0.87,374,-0.055,-20.5,24.6,0.9
wick,0.0,0.0,0.5,False,atr2.5,fixed2.0,False,572,-0.072,-41.1,33.6,0.9,374,-0.052,-19.3,32.9,0.93
wick,0.0,0.0,0.5,False,atr3.0,trail3,True,556,-0.016,-9.2,48.0,0.97,358,-0.068,-24.4,47.5,0.87
wick,0.0,0.0,0.5,False,atr3.0,trail3,False,556,-0.022,-12.4,48.4,0.96,358,-0.069,-24.7,48.0,0.87
wick,0.0,0.0,0.5,False,atr3.0,trail5,True,556,-0.03,-16.9,46.4,0.94,358,-0.031,-11.0,45.8,0.94
wick,0.0,0.0,0.5,False,atr3.0,trail5,False,556,-0.04,-22.2,46.8,0.92,358,-0.029,-10.5,46.1,0.94
wick,0.0,0.0,0.5,False,atr3.0,trail8,True,556,-0.035,-19.2,44.1,0.93,358,-0.036,-12.9,45.0,0.93
wick,0.0,0.0,0.5,False,atr3.0,trail8,False,556,-0.041,-22.6,45.0,0.92,358,-0.035,-12.5,45.5,0.93
wick,0.0,0.0,0.5,False,atr3.0,trail12,True,556,-0.062,-34.3,40.6,0.88,358,0.005,1.7,41.6,1.01
wick,0.0,0.0,0.5,False,atr3.0,trail12,False,556,-0.073,-40.8,41.9,0.86,358,0.003,1.1,42.5,1.01
wick,0.0,0.0,0.5,False,atr3.0,fixed1.0,True,556,-0.016,-9.0,51.4,0.97,358,-0.031,-11.1,49.7,0.94
wick,0.0,0.0,0.5,False,atr3.0,fixed1.0,False,556,-0.016,-9.0,51.4,0.97,358,-0.031,-11.1,49.7,0.94
wick,0.0,0.0,0.5,False,atr3.0,fixed1.5,True,556,-0.049,-27.3,32.6,0.9,358,-0.039,-14.1,33.0,0.92
wick,0.0,0.0,0.5,False,atr3.0,fixed1.5,False,556,-0.055,-30.5,40.1,0.91,358,-0.042,-15.2,39.7,0.93
wick,0.0,0.0,0.5,False,atr3.0,fixed2.0,True,556,-0.057,-31.6,24.8,0.89,358,-0.02,-7.2,25.7,0.96
wick,0.0,0.0,0.5,False,atr3.0,fixed2.0,False,556,-0.065,-36.4,34.2,0.9,358,-0.033,-11.8,33.5,0.95
wick,0.0,0.0,0.5,False,struct5,trail3,True,587,-0.08,-47.0,41.6,0.86,391,-0.101,-39.3,39.9,0.82
wick,0.0,0.0,0.5,False,struct5,trail3,False,587,-0.061,-35.8,42.8,0.89,391,-0.099,-38.8,41.2,0.83
wick,0.0,0.0,0.5,False,struct5,trail5,True,587,-0.082,-48.0,38.8,0.85,391,-0.086,-33.7,36.8,0.85
wick,0.0,0.0,0.5,False,struct5,trail5,False,587,-0.066,-39.0,40.9,0.88,391,-0.078,-30.7,37.9,0.86
wick,0.0,0.0,0.5,False,struct5,trail8,True,587,-0.078,-45.8,34.9,0.86,391,-0.113,-44.2,33.5,0.8
wick,0.0,0.0,0.5,False,struct5,trail8,False,587,-0.068,-39.8,38.0,0.89,391,-0.116,-45.3,34.8,0.81
wick,0.0,0.0,0.5,False,struct5,trail12,True,587,-0.118,-69.0,31.7,0.79,391,-0.099,-38.8,28.4,0.82
wick,0.0,0.0,0.5,False,struct5,trail12,False,587,-0.13,-76.6,33.7,0.78,391,-0.069,-27.1,30.7,0.89
wick,0.0,0.0,0.5,False,struct5,fixed1.0,True,587,-0.09,-52.9,49.2,0.84,391,-0.108,-42.4,47.1,0.8
wick,0.0,0.0,0.5,False,struct5,fixed1.0,False,587,-0.09,-52.9,49.2,0.84,391,-0.108,-42.4,47.1,0.8
wick,0.0,0.0,0.5,False,struct5,fixed1.5,True,587,-0.096,-56.2,33.0,0.83,391,-0.125,-48.7,30.7,0.78
wick,0.0,0.0,0.5,False,struct5,fixed1.5,False,587,-0.065,-37.9,41.1,0.9,391,-0.109,-42.6,37.9,0.83
wick,0.0,0.0,0.5,False,struct5,fixed2.0,True,587,-0.088,-51.7,25.9,0.84,391,-0.099,-38.8,24.6,0.82
wick,0.0,0.0,0.5,False,struct5,fixed2.0,False,587,-0.061,-35.6,34.9,0.91,391,-0.074,-29.0,33.0,0.89
wick,0.0,0.0,0.5,True,atr1.5,trail3,True,522,-0.033,-17.4,40.8,0.94,319,-0.063,-20.3,42.0,0.88
wick,0.0,0.0,0.5,True,atr1.5,trail3,False,522,-0.041,-21.3,41.8,0.93,319,-0.087,-27.7,42.0,0.84
wick,0.0,0.0,0.5,True,atr1.5,trail5,True,522,-0.029,-15.1,36.8,0.95,319,-0.077,-24.7,36.4,0.86
wick,0.0,0.0,0.5,True,atr1.5,trail5,False,522,-0.044,-23.1,38.5,0.92,319,-0.104,-33.2,37.3,0.82
wick,0.0,0.0,0.5,True,atr1.5,trail8,True,522,-0.036,-18.6,29.7,0.94,319,-0.061,-19.6,33.2,0.89
wick,0.0,0.0,0.5,True,atr1.5,trail8,False,522,-0.046,-24.1,32.8,0.92,319,-0.086,-27.4,35.1,0.85
wick,0.0,0.0,0.5,True,atr1.5,trail12,True,522,-0.06,-31.3,26.4,0.89,319,-0.068,-21.7,27.9,0.87
wick,0.0,0.0,0.5,True,atr1.5,trail12,False,522,-0.084,-43.7,29.1,0.87,319,-0.098,-31.2,30.4,0.84
wick,0.0,0.0,0.5,True,atr1.5,fixed1.0,True,522,-0.086,-44.8,49.4,0.84,319,-0.061,-19.3,49.5,0.89
wick,0.0,0.0,0.5,True,atr1.5,fixed1.0,False,522,-0.086,-44.8,49.4,0.84,319,-0.061,-19.3,49.5,0.89
wick,0.0,0.0,0.5,True,atr1.5,fixed1.5,True,522,-0.04,-20.8,36.0,0.93,319,-0.053,-16.9,33.5,0.9
wick,0.0,0.0,0.5,True,atr1.5,fixed1.5,False,522,-0.019,-9.8,42.3,0.97,319,-0.088,-28.1,38.6,0.86
wick,0.0,0.0,0.5,True,atr1.5,fixed2.0,True,522,-0.036,-18.8,27.2,0.94,319,-0.036,-11.5,26.0,0.93
wick,0.0,0.0,0.5,True,atr1.5,fixed2.0,False,522,0.042,21.8,37.4,1.06,319,-0.037,-11.8,33.9,0.95
wick,0.0,0.0,0.5,True,atr2.0,trail3,True,503,-0.015,-7.3,46.1,0.97,321,-0.082,-26.4,44.9,0.85
wick,0.0,0.0,0.5,True,atr2.0,trail3,False,503,-0.02,-9.9,46.7,0.96,321,-0.087,-27.9,45.2,0.84
wick,0.0,0.0,0.5,True,atr2.0,trail5,True,503,-0.031,-15.7,42.3,0.94,321,-0.081,-25.9,41.1,0.85
wick,0.0,0.0,0.5,True,atr2.0,trail5,False,503,-0.044,-22.0,43.3,0.92,321,-0.089,-28.6,41.7,0.84
wick,0.0,0.0,0.5,True,atr2.0,trail8,True,503,-0.025,-12.8,36.4,0.95,321,-0.073,-23.3,38.6,0.87
wick,0.0,0.0,0.5,True,atr2.0,trail8,False,503,-0.031,-15.4,38.8,0.94,321,-0.083,-26.7,39.6,0.85
wick,0.0,0.0,0.5,True,atr2.0,trail12,True,503,-0.06,-30.2,32.4,0.89,321,-0.059,-18.9,33.3,0.89
wick,0.0,0.0,0.5,True,atr2.0,trail12,False,503,-0.074,-37.4,34.6,0.87,321,-0.072,-23.1,34.6,0.87
wick,0.0,0.0,0.5,True,atr2.0,fixed1.0,True,503,-0.025,-12.7,51.9,0.95,321,-0.069,-22.0,48.6,0.87
wick,0.0,0.0,0.5,True,atr2.0,fixed1.0,False,503,-0.025,-12.7,51.9,0.95,321,-0.069,-22.0,48.6,0.87
wick,0.0,0.0,0.5,True,atr2.0,fixed1.5,True,503,-0.014,-7.1,35.4,0.97,321,-0.06,-19.2,33.0,0.89
wick,0.0,0.0,0.5,True,atr2.0,fixed1.5,False,503,0.026,13.2,43.7,1.04,321,-0.029,-9.2,40.5,0.95
wick,0.0,0.0,0.5,True,atr2.0,fixed2.0,True,503,-0.024,-11.8,26.2,0.96,321,-0.077,-24.6,24.0,0.86
wick,0.0,0.0,0.5,True,atr2.0,fixed2.0,False,503,0.011,5.7,36.2,1.02,321,-0.014,-4.4,34.6,0.98
wick,0.0,0.0,0.5,True,atr2.5,trail3,True,486,-0.026,-12.7,47.5,0.95,308,-0.087,-26.9,45.8,0.84
wick,0.0,0.0,0.5,True,atr2.5,trail3,False,486,-0.03,-14.5,48.1,0.94,308,-0.087,-26.8,46.8,0.84
wick,0.0,0.0,0.5,True,atr2.5,trail5,True,486,-0.045,-22.0,45.5,0.91,308,-0.071,-21.9,43.2,0.87
wick,0.0,0.0,0.5,True,atr2.5,trail5,False,486,-0.056,-27.0,46.1,0.89,308,-0.065,-20.1,44.2,0.88
wick,0.0,0.0,0.5,True,atr2.5,trail8,True,486,-0.046,-22.3,41.6,0.91,308,-0.076,-23.5,41.2,0.86
wick,0.0,0.0,0.5,True,atr2.5,trail8,False,486,-0.048,-23.4,43.4,0.91,308,-0.072,-22.1,42.2,0.87
wick,0.0,0.0,0.5,True,atr2.5,trail12,True,486,-0.083,-40.5,37.2,0.84,308,-0.052,-16.1,37.0,0.9
wick,0.0,0.0,0.5,True,atr2.5,trail12,False,486,-0.093,-45.2,38.9,0.83,308,-0.047,-14.5,38.6,0.92
wick,0.0,0.0,0.5,True,atr2.5,fixed1.0,True,486,-0.02,-9.9,51.6,0.96,308,-0.057,-17.6,48.7,0.89
wick,0.0,0.0,0.5,True,atr2.5,fixed1.0,False,486,-0.02,-9.9,51.6,0.96,308,-0.057,-17.6,48.7,0.89
wick,0.0,0.0,0.5,True,atr2.5,fixed1.5,True,486,-0.015,-7.4,35.0,0.97,308,-0.053,-16.2,32.8,0.9
wick,0.0,0.0,0.5,True,atr2.5,fixed1.5,False,486,-0.014,-7.0,41.8,0.98,308,-0.039,-12.1,39.9,0.94
wick,0.0,0.0,0.5,True,atr2.5,fixed2.0,True,486,-0.051,-24.7,25.3,0.9,308,-0.054,-16.5,24.0,0.9
wick,0.0,0.0,0.5,True,atr2.5,fixed2.0,False,486,-0.061,-29.4,34.0,0.91,308,-0.037,-11.5,33.1,0.95
wick,0.0,0.0,0.5,True,atr3.0,trail3,True,476,-0.031,-14.9,48.5,0.94,297,-0.061,-18.2,47.1,0.88
wick,0.0,0.0,0.5,True,atr3.0,trail3,False,476,-0.036,-17.3,48.9,0.93,297,-0.063,-18.6,47.8,0.88
wick,0.0,0.0,0.5,True,atr3.0,trail5,True,476,-0.051,-24.4,47.1,0.9,297,-0.027,-7.9,46.1,0.95
wick,0.0,0.0,0.5,True,atr3.0,trail5,False,476,-0.058,-27.7,47.5,0.89,297,-0.024,-7.1,46.5,0.95
wick,0.0,0.0,0.5,True,atr3.0,trail8,True,476,-0.062,-29.6,43.3,0.88,297,-0.024,-7.1,44.8,0.95
wick,0.0,0.0,0.5,True,atr3.0,trail8,False,476,-0.063,-30.2,44.5,0.88,297,-0.023,-6.7,45.5,0.96
wick,0.0,0.0,0.5,True,atr3.0,trail12,True,476,-0.079,-37.4,40.3,0.84,297,-0.005,-1.4,41.4,0.99
wick,0.0,0.0,0.5,True,atr3.0,trail12,False,476,-0.088,-41.9,41.6,0.83,297,-0.007,-2.1,42.4,0.99
wick,0.0,0.0,0.5,True,atr3.0,fixed1.0,True,476,-0.009,-4.4,51.7,0.98,297,-0.021,-6.1,50.2,0.96
wick,0.0,0.0,0.5,True,atr3.0,fixed1.0,False,476,-0.009,-4.4,51.7,0.98,297,-0.021,-6.1,50.2,0.96
wick,0.0,0.0,0.5,True,atr3.0,fixed1.5,True,476,-0.045,-21.5,32.6,0.91,297,-0.031,-9.2,33.0,0.94
wick,0.0,0.0,0.5,True,atr3.0,fixed1.5,False,476,-0.054,-25.7,39.9,0.91,297,-0.047,-13.8,39.4,0.92
wick,0.0,0.0,0.5,True,atr3.0,fixed2.0,True,476,-0.061,-29.1,24.6,0.88,297,-0.026,-7.7,24.6,0.95
wick,0.0,0.0,0.5,True,atr3.0,fixed2.0,False,476,-0.085,-40.3,33.2,0.88,297,-0.035,-10.3,33.0,0.95
wick,0.0,0.0,0.5,True,struct5,trail3,True,493,-0.068,-33.7,46.0,0.87,309,-0.119,-36.9,43.4,0.78
wick,0.0,0.0,0.5,True,struct5,trail3,False,493,-0.075,-37.1,46.7,0.86,309,-0.125,-38.7,44.0,0.77
wick,0.0,0.0,0.5,True,struct5,trail5,True,493,-0.087,-42.8,44.2,0.83,309,-0.116,-35.8,39.5,0.79
wick,0.0,0.0,0.5,True,struct5,trail5,False,493,-0.093,-45.9,45.4,0.83,309,-0.115,-35.6,40.5,0.8
wick,0.0,0.0,0.5,True,struct5,trail8,True,493,-0.097,-47.8,39.6,0.82,309,-0.129,-39.8,36.9,0.77
wick,0.0,0.0,0.5,True,struct5,trail8,False,493,-0.106,-52.5,41.8,0.81,309,-0.135,-41.6,38.5,0.77
wick,0.0,0.0,0.5,True,struct5,trail12,True,493,-0.136,-66.8,35.7,0.74,309,-0.108,-33.2,33.3,0.81
wick,0.0,0.0,0.5,True,struct5,trail12,False,493,-0.162,-79.6,37.1,0.72,309,-0.117,-36.2,35.3,0.8
wick,0.0,0.0,0.5,True,struct5,fixed1.0,True,493,-0.04,-19.7,51.1,0.92,309,-0.098,-30.2,47.2,0.82
wick,0.0,0.0,0.5,True,struct5,fixed1.0,False,493,-0.04,-19.7,51.1,0.92,309,-0.098,-30.2,47.2,0.82
wick,0.0,0.0,0.5,True,struct5,fixed1.5,True,493,-0.046,-22.9,34.5,0.91,309,-0.1,-30.9,31.7,0.82
wick,0.0,0.0,0.5,True,struct5,fixed1.5,False,493,-0.049,-24.1,41.4,0.92,309,-0.074,-22.9,38.8,0.88
wick,0.0,0.0,0.5,True,struct5,fixed2.0,True,493,-0.049,-24.0,26.8,0.91,309,-0.096,-29.5,24.3,0.83
wick,0.0,0.0,0.5,True,struct5,fixed2.0,False,493,-0.044,-21.6,35.5,0.94,309,-0.054,-16.8,33.3,0.92
wick,0.0,0.2,0.0,False,atr1.5,trail3,True,716,-0.17,-121.6,36.5,0.72,495,-0.133,-65.9,39.2,0.76
wick,0.0,0.2,0.0,False,atr1.5,trail3,False,716,-0.174,-124.5,37.4,0.72,495,-0.148,-73.3,39.4,0.74
wick,0.0,0.2,0.0,False,atr1.5,trail5,True,716,-0.184,-131.5,32.4,0.7,495,-0.108,-53.5,34.7,0.81
wick,0.0,0.2,0.0,False,atr1.5,trail5,False,716,-0.194,-139.2,33.9,0.69,495,-0.124,-61.5,35.8,0.79
wick,0.0,0.2,0.0,False,atr1.5,trail8,True,716,-0.192,-137.2,27.4,0.69,495,-0.094,-46.4,30.3,0.83
wick,0.0,0.2,0.0,False,atr1.5,trail8,False,716,-0.208,-148.6,29.3,0.68,495,-0.107,-53.1,31.9,0.82
wick,0.0,0.2,0.0,False,atr1.5,trail12,True,716,-0.204,-145.8,23.6,0.67,495,-0.085,-41.9,24.0,0.85
wick,0.0,0.2,0.0,False,atr1.5,trail12,False,716,-0.226,-161.9,26.0,0.66,495,-0.071,-35.3,26.5,0.89
wick,0.0,0.2,0.0,False,atr1.5,fixed1.0,True,716,-0.197,-141.1,44.0,0.67,495,-0.114,-56.4,46.9,0.8
wick,0.0,0.2,0.0,False,atr1.5,fixed1.0,False,716,-0.197,-141.1,44.0,0.67,495,-0.114,-56.4,46.9,0.8
wick,0.0,0.2,0.0,False,atr1.5,fixed1.5,True,716,-0.164,-117.2,31.6,0.73,495,-0.131,-65.1,30.1,0.77
wick,0.0,0.2,0.0,False,atr1.5,fixed1.5,False,716,-0.151,-108.0,37.2,0.78,495,-0.143,-70.6,36.4,0.79
wick,0.0,0.2,0.0,False,atr1.5,fixed2.0,True,716,-0.173,-124.2,23.2,0.72,495,-0.089,-44.1,24.6,0.84
wick,0.0,0.2,0.0,False,atr1.5,fixed2.0,False,716,-0.14,-99.9,31.4,0.81,495,-0.118,-58.3,31.1,0.84
wick,0.0,0.2,0.0,False,atr2.0,trail3,True,692,-0.136,-94.1,40.0,0.77,470,-0.076,-35.7,45.3,0.86
wick,0.0,0.2,0.0,False,atr2.0,trail3,False,692,-0.143,-99.3,40.5,0.76,470,-0.079,-37.1,45.5,0.86
wick,0.0,0.2,0.0,False,atr2.0,trail5,True,692,-0.143,-98.7,37.0,0.76,470,-0.067,-31.5,43.0,0.88
wick,0.0,0.2,0.0,False,atr2.0,trail5,False,692,-0.157,-108.8,37.7,0.74,470,-0.072,-33.8,43.4,0.87
wick,0.0,0.2,0.0,False,atr2.0,trail8,True,692,-0.128,-88.7,32.9,0.78,470,-0.063,-29.4,38.5,0.88
wick,0.0,0.2,0.0,False,atr2.0,trail8,False,692,-0.151,-104.7,34.0,0.76,470,-0.068,-31.9,39.1,0.88
wick,0.0,0.2,0.0,False,atr2.0,trail12,True,692,-0.145,-100.5,29.2,0.76,470,-0.062,-29.4,31.3,0.89
wick,0.0,0.2,0.0,False,atr2.0,trail12,False,692,-0.178,-122.9,30.8,0.72,470,-0.047,-21.9,32.8,0.92
wick,0.0,0.2,0.0,False,atr2.0,fixed1.0,True,692,-0.166,-115.1,44.7,0.72,470,-0.077,-36.4,48.1,0.86
wick,0.0,0.2,0.0,False,atr2.0,fixed1.0,False,692,-0.166,-115.1,44.7,0.72,470,-0.077,-36.4,48.1,0.86
wick,0.0,0.2,0.0,False,atr2.0,fixed1.5,True,692,-0.147,-101.6,31.1,0.75,470,-0.075,-35.1,32.3,0.86
wick,0.0,0.2,0.0,False,atr2.0,fixed1.5,False,692,-0.137,-94.5,37.0,0.8,470,-0.073,-34.2,38.7,0.89
wick,0.0,0.2,0.0,False,atr2.0,fixed2.0,True,692,-0.162,-112.0,22.7,0.73,470,-0.084,-39.7,23.8,0.85
wick,0.0,0.2,0.0,False,atr2.0,fixed2.0,False,692,-0.168,-116.0,29.9,0.77,470,-0.076,-35.6,32.3,0.89
wick,0.0,0.2,0.0,False,atr2.5,trail3,True,667,-0.108,-71.8,42.9,0.81,454,-0.071,-32.4,46.5,0.86
wick,0.0,0.2,0.0,False,atr2.5,trail3,False,667,-0.111,-74.0,43.3,0.81,454,-0.071,-32.2,46.9,0.87
wick,0.0,0.2,0.0,False,atr2.5,trail5,True,667,-0.127,-84.5,40.3,0.77,454,-0.061,-27.7,44.5,0.88
wick,0.0,0.2,0.0,False,atr2.5,trail5,False,667,-0.136,-91.0,40.8,0.76,454,-0.059,-26.6,44.9,0.89
wick,0.0,0.2,0.0,False,atr2.5,trail8,True,667,-0.117,-77.7,37.5,0.79,454,-0.058,-26.4,41.9,0.89
wick,0.0,0.2,0.0,False,atr2.5,trail8,False,667,-0.124,-83.0,38.7,0.79,454,-0.063,-28.4,42.3,0.88
wick,0.0,0.2,0.0,False,atr2.5,trail12,True,667,-0.135,-90.0,33.3,0.76,454,-0.043,-19.7,36.8,0.92
wick,0.0,0.2,0.0,False,atr2.5,trail12,False,667,-0.151,-100.4,35.2,0.75,454,-0.03,-13.5,37.9,0.95
wick,0.0,0.2,0.0,False,atr2.5,fixed1.0,True,667,-0.118,-78.4,46.5,0.79,454,-0.053,-23.9,48.9,0.9
wick,0.0,0.2,0.0,False,atr2.5,fixed1.0,False,667,-0.118,-78.4,46.5,0.79,454,-0.053,-23.9,48.9,0.9
wick,0.0,0.2,0.0,False,atr2.5,fixed1.5,True,667,-0.144,-96.3,29.4,0.75,454,-0.068,-31.0,31.7,0.87
wick,0.0,0.2,0.0,False,atr2.5,fixed1.5,False,667,-0.115,-76.8,37.5,0.82,454,-0.086,-38.9,37.9,0.87
wick,0.0,0.2,0.0,False,atr2.5,fixed2.0,True,667,-0.143,-95.3,22.3,0.75,454,-0.073,-33.1,23.6,0.86
wick,0.0,0.2,0.0,False,atr2.5,fixed2.0,False,667,-0.108,-71.9,31.8,0.85,454,-0.116,-52.7,30.6,0.84
wick,0.0,0.2,0.0,False,atr3.0,trail3,True,646,-0.068,-44.0,45.4,0.87,436,-0.081,-35.2,46.6,0.84
wick,0.0,0.2,0.0,False,atr3.0,trail3,False,646,-0.072,-46.8,45.7,0.87,436,-0.082,-35.8,47.0,0.84
wick,0.0,0.2,0.0,False,atr3.0,trail5,True,646,-0.084,-54.0,43.7,0.84,436,-0.075,-32.7,45.6,0.86
wick,0.0,0.2,0.0,False,atr3.0,trail5,False,646,-0.094,-60.7,43.8,0.83,436,-0.076,-33.1,46.1,0.86
wick,0.0,0.2,0.0,False,atr3.0,trail8,True,646,-0.087,-56.1,41.6,0.84,436,-0.082,-35.7,43.1,0.84
wick,0.0,0.2,0.0,False,atr3.0,trail8,False,646,-0.092,-59.4,42.7,0.83,436,-0.088,-38.2,43.6,0.84
wick,0.0,0.2,0.0,False,atr3.0,trail12,True,646,-0.105,-67.9,37.9,0.8,436,-0.075,-32.7,39.2,0.86
wick,0.0,0.2,0.0,False,atr3.0,trail12,False,646,-0.117,-75.8,39.3,0.79,436,-0.06,-26.0,40.6,0.89
wick,0.0,0.2,0.0,False,atr3.0,fixed1.0,True,646,-0.062,-40.1,48.8,0.88,436,-0.042,-18.3,49.1,0.92
wick,0.0,0.2,0.0,False,atr3.0,fixed1.0,False,646,-0.062,-40.1,48.8,0.88,436,-0.042,-18.3,49.1,0.92
wick,0.0,0.2,0.0,False,atr3.0,fixed1.5,True,646,-0.085,-54.7,31.4,0.84,436,-0.09,-39.0,29.6,0.83
wick,0.0,0.2,0.0,False,atr3.0,fixed1.5,False,646,-0.11,-71.2,37.3,0.83,436,-0.085,-37.2,37.6,0.87
wick,0.0,0.2,0.0,False,atr3.0,fixed2.0,True,646,-0.127,-81.9,21.8,0.76,436,-0.075,-32.6,23.2,0.86
wick,0.0,0.2,0.0,False,atr3.0,fixed2.0,False,646,-0.138,-88.9,30.7,0.81,436,-0.067,-29.3,32.3,0.9
wick,0.0,0.2,0.0,False,struct5,trail3,True,705,-0.202,-142.5,35.6,0.68,487,-0.21,-102.1,34.1,0.66
wick,0.0,0.2,0.0,False,struct5,trail3,False,705,-0.218,-153.7,36.2,0.66,487,-0.223,-108.4,35.5,0.65
wick,0.0,0.2,0.0,False,struct5,trail5,True,705,-0.205,-144.8,33.0,0.67,487,-0.223,-108.7,29.8,0.64
wick,0.0,0.2,0.0,False,struct5,trail5,False,705,-0.224,-157.6,34.3,0.66,487,-0.244,-118.9,31.4,0.63
wick,0.0,0.2,0.0,False,struct5,trail8,True,705,-0.208,-146.6,29.2,0.67,487,-0.214,-104.1,27.5,0.65
wick,0.0,0.2,0.0,False,struct5,trail8,False,705,-0.235,-165.6,30.8,0.65,487,-0.237,-115.4,29.0,0.64
wick,0.0,0.2,0.0,False,struct5,trail12,True,705,-0.239,-168.5,26.1,0.62,487,-0.226,-110.1,23.0,0.64
wick,0.0,0.2,0.0,False,struct5,trail12,False,705,-0.272,-192.0,27.7,0.6,487,-0.221,-107.8,25.1,0.67
wick,0.0,0.2,0.0,False,struct5,fixed1.0,True,705,-0.22,-155.4,43.3,0.64,487,-0.198,-96.5,43.3,0.67
wick,0.0,0.2,0.0,False,struct5,fixed1.0,False,705,-0.22,-155.4,43.3,0.64,487,-0.198,-96.5,43.3,0.67
wick,0.0,0.2,0.0,False,struct5,fixed1.5,True,705,-0.212,-149.5,29.8,0.66,487,-0.179,-87.1,30.4,0.71
wick,0.0,0.2,0.0,False,struct5,fixed1.5,False,705,-0.219,-154.3,35.2,0.69,487,-0.179,-87.4,35.5,0.74
wick,0.0,0.2,0.0,False,struct5,fixed2.0,True,705,-0.189,-133.4,23.8,0.7,487,-0.195,-95.0,22.2,0.68
wick,0.0,0.2,0.0,False,struct5,fixed2.0,False,705,-0.2,-140.7,30.2,0.74,487,-0.143,-69.4,31.0,0.81
wick,0.0,0.2,0.0,True,atr1.5,trail3,True,615,-0.073,-44.6,38.5,0.87,399,-0.15,-59.7,40.1,0.73
wick,0.0,0.2,0.0,True,atr1.5,trail3,False,615,-0.076,-46.8,40.0,0.87,399,-0.163,-65.2,40.4,0.72
wick,0.0,0.2,0.0,True,atr1.5,trail5,True,615,-0.093,-57.5,35.0,0.84,399,-0.125,-50.0,36.3,0.77
wick,0.0,0.2,0.0,True,atr1.5,trail5,False,615,-0.107,-65.6,36.7,0.82,399,-0.129,-51.5,37.6,0.78
wick,0.0,0.2,0.0,True,atr1.5,trail8,True,615,-0.089,-54.5,28.0,0.85,399,-0.109,-43.5,32.1,0.8
wick,0.0,0.2,0.0,True,atr1.5,trail8,False,615,-0.104,-63.9,30.2,0.83,399,-0.109,-43.6,34.1,0.82
wick,0.0,0.2,0.0,True,atr1.5,trail12,True,615,-0.082,-50.4,24.2,0.86,399,-0.092,-36.7,26.3,0.84
wick,0.0,0.2,0.0,True,atr1.5,trail12,False,615,-0.09,-55.3,27.0,0.86,399,-0.056,-22.3,29.3,0.91
wick,0.0,0.2,0.0,True,atr1.5,fixed1.0,True,615,-0.128,-79.0,47.3,0.77,399,-0.093,-37.2,47.9,0.83
wick,0.0,0.2,0.0,True,atr1.5,fixed1.0,False,615,-0.128,-79.0,47.3,0.77,399,-0.093,-37.2,47.9,0.83
wick,0.0,0.2,0.0,True,atr1.5,fixed1.5,True,615,-0.087,-53.5,34.3,0.85,399,-0.091,-36.5,32.1,0.84
wick,0.0,0.2,0.0,True,atr1.5,fixed1.5,False,615,-0.069,-42.7,40.3,0.89,399,-0.112,-44.5,37.6,0.83
wick,0.0,0.2,0.0,True,atr1.5,fixed2.0,True,615,-0.107,-66.1,24.7,0.82,399,-0.035,-13.9,26.8,0.94
wick,0.0,0.2,0.0,True,atr1.5,fixed2.0,False,615,-0.047,-28.9,34.5,0.93,399,-0.065,-25.9,32.8,0.91
wick,0.0,0.2,0.0,True,atr2.0,trail3,True,594,-0.047,-27.9,43.1,0.92,390,-0.106,-41.4,44.6,0.8
wick,0.0,0.2,0.0,True,atr2.0,trail3,False,594,-0.053,-31.5,43.6,0.91,390,-0.109,-42.4,45.1,0.8
wick,0.0,0.2,0.0,True,atr2.0,trail5,True,594,-0.057,-34.1,40.1,0.9,390,-0.093,-36.2,42.1,0.83
wick,0.0,0.2,0.0,True,atr2.0,trail5,False,594,-0.072,-42.5,40.9,0.87,390,-0.099,-38.5,42.6,0.82
wick,0.0,0.2,0.0,True,atr2.0,trail8,True,594,-0.042,-24.8,34.7,0.93,390,-0.075,-29.3,39.2,0.86
wick,0.0,0.2,0.0,True,atr2.0,trail8,False,594,-0.057,-33.7,36.2,0.9,390,-0.083,-32.3,39.7,0.85
wick,0.0,0.2,0.0,True,atr2.0,trail12,True,594,-0.047,-27.8,30.3,0.92,390,-0.08,-31.1,33.6,0.85
wick,0.0,0.2,0.0,True,atr2.0,trail12,False,594,-0.061,-36.4,32.5,0.9,390,-0.055,-21.5,35.1,0.9
wick,0.0,0.2,0.0,True,atr2.0,fixed1.0,True,594,-0.093,-55.3,48.3,0.83,390,-0.081,-31.6,47.9,0.85
wick,0.0,0.2,0.0,True,atr2.0,fixed1.0,False,594,-0.093,-55.3,48.3,0.83,390,-0.081,-31.6,47.9,0.85
wick,0.0,0.2,0.0,True,atr2.0,fixed1.5,True,594,-0.074,-43.9,33.5,0.87,390,-0.052,-20.4,33.8,0.9
wick,0.0,0.2,0.0,True,atr2.0,fixed1.5,False,594,-0.059,-34.9,40.1,0.91,390,-0.064,-25.1,39.0,0.9
wick,0.0,0.2,0.0,True,atr2.0,fixed2.0,True,594,-0.078,-46.4,24.9,0.86,390,-0.085,-33.0,23.8,0.85
wick,0.0,0.2,0.0,True,atr2.0,fixed2.0,False,594,-0.077,-46.0,32.8,0.89,390,-0.076,-29.5,32.3,0.89
wick,0.0,0.2,0.0,True,atr2.5,trail3,True,575,-0.076,-43.8,44.3,0.86,376,-0.101,-38.1,45.7,0.81
wick,0.0,0.2,0.0,True,atr2.5,trail3,False,575,-0.079,-45.3,44.9,0.86,376,-0.1,-37.6,46.5,0.81
wick,0.0,0.2,0.0,True,atr2.5,trail5,True,575,-0.09,-51.8,41.9,0.83,376,-0.089,-33.6,44.1,0.83
wick,0.0,0.2,0.0,True,atr2.5,trail5,False,575,-0.099,-57.1,42.4,0.82,376,-0.085,-32.0,44.7,0.84
wick,0.0,0.2,0.0,True,atr2.5,trail8,True,575,-0.077,-44.5,38.1,0.86,376,-0.075,-28.2,41.8,0.86
wick,0.0,0.2,0.0,True,atr2.5,trail8,False,575,-0.081,-46.6,39.7,0.86,376,-0.078,-29.3,42.3,0.86
wick,0.0,0.2,0.0,True,atr2.5,trail12,True,575,-0.085,-48.7,33.6,0.85,376,-0.072,-27.1,37.2,0.86
wick,0.0,0.2,0.0,True,atr2.5,trail12,False,575,-0.088,-50.7,35.8,0.85,376,-0.049,-18.3,38.6,0.91
wick,0.0,0.2,0.0,True,atr2.5,fixed1.0,True,575,-0.079,-45.7,48.3,0.85,376,-0.061,-22.9,48.4,0.89
wick,0.0,0.2,0.0,True,atr2.5,fixed1.0,False,575,-0.079,-45.7,48.3,0.85,376,-0.061,-22.9,48.4,0.89
wick,0.0,0.2,0.0,True,atr2.5,fixed1.5,True,575,-0.105,-60.6,30.6,0.81,376,-0.068,-25.4,31.9,0.87
wick,0.0,0.2,0.0,True,atr2.5,fixed1.5,False,575,-0.073,-42.0,39.1,0.89,376,-0.067,-25.4,38.6,0.89
wick,0.0,0.2,0.0,True,atr2.5,fixed2.0,True,575,-0.102,-58.5,23.5,0.82,376,-0.081,-30.6,23.4,0.85
wick,0.0,0.2,0.0,True,atr2.5,fixed2.0,False,575,-0.075,-43.1,33.0,0.89,376,-0.086,-32.5,31.6,0.88
wick,0.0,0.2,0.0,True,atr3.0,trail3,True,560,-0.058,-32.6,45.7,0.89,364,-0.1,-36.5,45.9,0.81
wick,0.0,0.2,0.0,True,atr3.0,trail3,False,560,-0.059,-33.0,46.1,0.89,364,-0.1,-36.3,46.7,0.81
wick,0.0,0.2,0.0,True,atr3.0,trail5,True,560,-0.073,-40.7,44.1,0.86,364,-0.087,-31.8,45.1,0.83
wick,0.0,0.2,0.0,True,atr3.0,trail5,False,560,-0.079,-44.1,44.3,0.85,364,-0.085,-30.8,45.6,0.84
wick,0.0,0.2,0.0,True,atr3.0,trail8,True,560,-0.069,-38.5,41.1,0.87,364,-0.076,-27.5,43.4,0.86
wick,0.0,0.2,0.0,True,atr3.0,trail8,False,560,-0.067,-37.4,42.5,0.88,364,-0.078,-28.5,44.0,0.85
wick,0.0,0.2,0.0,True,atr3.0,trail12,True,560,-0.071,-39.7,37.7,0.87,364,-0.09,-32.6,39.3,0.83
wick,0.0,0.2,0.0,True,atr3.0,trail12,False,560,-0.072,-40.4,39.5,0.87,364,-0.064,-23.4,40.9,0.88
wick,0.0,0.2,0.0,True,atr3.0,fixed1.0,True,560,-0.059,-32.8,48.9,0.89,364,-0.047,-17.3,48.6,0.91
wick,0.0,0.2,0.0,True,atr3.0,fixed1.0,False,560,-0.059,-32.8,48.9,0.89,364,-0.047,-17.3,48.6,0.91
wick,0.0,0.2,0.0,True,atr3.0,fixed1.5,True,560,-0.061,-34.4,32.9,0.88,364,-0.092,-33.5,29.7,0.83
wick,0.0,0.2,0.0,True,atr3.0,fixed1.5,False,560,-0.065,-36.4,39.1,0.9,364,-0.124,-45.0,36.3,0.81
wick,0.0,0.2,0.0,True,atr3.0,fixed2.0,True,560,-0.096,-53.5,23.6,0.82,364,-0.09,-32.8,22.5,0.83
wick,0.0,0.2,0.0,True,atr3.0,fixed2.0,False,560,-0.08,-44.6,32.9,0.88,364,-0.097,-35.3,31.3,0.86
wick,0.0,0.2,0.0,True,struct5,trail3,True,581,-0.088,-51.1,43.4,0.84,385,-0.12,-46.3,43.4,0.78
wick,0.0,0.2,0.0,True,struct5,trail3,False,581,-0.095,-55.3,43.9,0.83,385,-0.125,-48.0,44.2,0.78
wick,0.0,0.2,0.0,True,struct5,trail5,True,581,-0.112,-65.0,41.3,0.8,385,-0.086,-33.2,40.0,0.84
wick,0.0,0.2,0.0,True,struct5,trail5,False,581,-0.124,-71.9,42.0,0.78,385,-0.088,-33.7,40.8,0.85
wick,0.0,0.2,0.0,True,struct5,trail8,True,581,-0.107,-62.4,36.0,0.81,385,-0.077,-29.5,37.4,0.86
wick,0.0,0.2,0.0,True,struct5,trail8,False,581,-0.127,-73.7,37.2,0.78,385,-0.08,-30.7,38.2,0.86
wick,0.0,0.2,0.0,True,struct5,trail12,True,581,-0.1,-58.0,32.2,0.82,385,-0.061,-23.6,33.8,0.89
wick,0.0,0.2,0.0,True,struct5,trail12,False,581,-0.12,-69.9,33.7,0.8,385,-0.023,-8.9,35.6,0.96
wick,0.0,0.2,0.0,True,struct5,fixed1.0,True,581,-0.095,-55.4,48.0,0.83,385,-0.103,-39.5,47.0,0.81
wick,0.0,0.2,0.0,True,struct5,fixed1.0,False,581,-0.095,-55.4,48.0,0.83,385,-0.103,-39.5,47.0,0.81
wick,0.0,0.2,0.0,True,struct5,fixed1.5,True,581,-0.11,-64.1,31.8,0.8,385,-0.069,-26.6,33.8,0.88
wick,0.0,0.2,0.0,True,struct5,fixed1.5,False,581,-0.13,-75.3,37.9,0.8,385,-0.072,-27.5,39.0,0.89
wick,0.0,0.2,0.0,True,struct5,fixed2.0,True,581,-0.097,-56.5,25.1,0.83,385,-0.083,-32.0,24.7,0.85
wick,0.0,0.2,0.0,True,struct5,fixed2.0,False,581,-0.087,-50.5,33.4,0.88,385,-0.061,-23.3,33.0,0.91
wick,0.0,0.2,0.25,False,atr1.5,trail3,True,642,-0.124,-79.3,37.7,0.79,442,-0.096,-42.5,39.4,0.83
wick,0.0,0.2,0.25,False,atr1.5,trail3,False,642,-0.131,-84.1,38.5,0.78,442,-0.112,-49.5,40.5,0.81
wick,0.0,0.2,0.25,False,atr1.5,trail5,True,642,-0.133,-85.1,33.5,0.78,442,-0.063,-27.8,35.5,0.89
wick,0.0,0.2,0.25,False,atr1.5,trail5,False,642,-0.149,-95.7,34.9,0.76,442,-0.08,-35.3,36.9,0.86
wick,0.0,0.2,0.25,False,atr1.5,trail8,True,642,-0.145,-93.4,27.6,0.76,442,-0.055,-24.3,31.9,0.9
wick,0.0,0.2,0.25,False,atr1.5,trail8,False,642,-0.164,-105.5,29.6,0.74,442,-0.076,-33.6,33.3,0.87
wick,0.0,0.2,0.25,False,atr1.5,trail12,True,642,-0.165,-105.9,23.7,0.72,442,-0.051,-22.8,25.8,0.91
wick,0.0,0.2,0.25,False,atr1.5,trail12,False,642,-0.199,-128.0,25.7,0.7,442,-0.032,-14.0,27.8,0.95
wick,0.0,0.2,0.25,False,atr1.5,fixed1.0,True,642,-0.155,-99.4,46.1,0.73,442,-0.105,-46.5,47.3,0.81
wick,0.0,0.2,0.25,False,atr1.5,fixed1.0,False,642,-0.155,-99.4,46.1,0.73,442,-0.105,-46.5,47.3,0.81
wick,0.0,0.2,0.25,False,atr1.5,fixed1.5,True,642,-0.121,-77.4,33.0,0.8,442,-0.086,-38.2,32.8,0.85
wick,0.0,0.2,0.25,False,atr1.5,fixed1.5,False,642,-0.111,-71.5,38.6,0.83,442,-0.113,-49.8,37.6,0.83
wick,0.0,0.2,0.25,False,atr1.5,fixed2.0,True,642,-0.13,-83.5,24.3,0.78,442,-0.071,-31.2,25.3,0.88
wick,0.0,0.2,0.25,False,atr1.5,fixed2.0,False,642,-0.113,-72.5,32.2,0.85,442,-0.1,-44.4,31.7,0.86
wick,0.0,0.2,0.25,False,atr2.0,trail3,True,625,-0.103,-64.6,40.6,0.82,421,-0.068,-28.8,45.6,0.87
wick,0.0,0.2,0.25,False,atr2.0,trail3,False,625,-0.109,-68.4,41.1,0.81,421,-0.071,-29.9,46.1,0.87
wick,0.0,0.2,0.25,False,atr2.0,trail5,True,625,-0.113,-70.9,37.6,0.8,421,-0.053,-22.3,43.9,0.9
wick,0.0,0.2,0.25,False,atr2.0,trail5,False,625,-0.128,-79.8,38.4,0.79,421,-0.061,-25.7,44.2,0.89
wick,0.0,0.2,0.25,False,atr2.0,trail8,True,625,-0.109,-68.2,33.3,0.81,421,-0.057,-24.0,40.1,0.89
wick,0.0,0.2,0.25,False,atr2.0,trail8,False,625,-0.129,-80.4,34.7,0.79,421,-0.072,-30.5,40.1,0.87
wick,0.0,0.2,0.25,False,atr2.0,trail12,True,625,-0.137,-85.4,29.8,0.77,421,-0.055,-23.3,32.1,0.9
wick,0.0,0.2,0.25,False,atr2.0,trail12,False,625,-0.172,-107.5,30.9,0.73,421,-0.046,-19.4,32.8,0.92
wick,0.0,0.2,0.25,False,atr2.0,fixed1.0,True,625,-0.14,-87.5,45.9,0.76,421,-0.075,-31.4,48.2,0.86
wick,0.0,0.2,0.25,False,atr2.0,fixed1.0,False,625,-0.14,-87.5,45.9,0.76,421,-0.075,-31.4,48.2,0.86
wick,0.0,0.2,0.25,False,atr2.0,fixed1.5,True,625,-0.105,-65.5,33.0,0.82,421,-0.078,-32.7,32.1,0.86
wick,0.0,0.2,0.25,False,atr2.0,fixed1.5,False,625,-0.101,-62.9,38.4,0.85,421,-0.055,-23.3,39.4,0.91
wick,0.0,0.2,0.25,False,atr2.0,fixed2.0,True,625,-0.113,-70.4,24.5,0.81,421,-0.104,-43.8,22.8,0.81
wick,0.0,0.2,0.25,False,atr2.0,fixed2.0,False,625,-0.123,-76.7,31.4,0.83,421,-0.108,-45.5,31.4,0.85
wick,0.0,0.2,0.25,False,atr2.5,trail3,True,603,-0.086,-51.9,43.6,0.84,409,-0.09,-36.8,45.5,0.83
wick,0.0,0.2,0.25,False,atr2.5,trail3,False,603,-0.088,-53.3,44.1,0.84,409,-0.09,-36.7,46.2,0.83
wick,0.0,0.2,0.25,False,atr2.5,trail5,True,603,-0.107,-64.6,41.5,0.81,409,-0.074,-30.1,44.0,0.86
wick,0.0,0.2,0.25,False,atr2.5,trail5,False,603,-0.117,-70.8,42.0,0.79,409,-0.071,-29.2,44.5,0.87
wick,0.0,0.2,0.25,False,atr2.5,trail8,True,603,-0.106,-63.9,38.5,0.81,409,-0.082,-33.7,41.6,0.85
wick,0.0,0.2,0.25,False,atr2.5,trail8,False,603,-0.114,-68.6,39.8,0.8,409,-0.086,-35.2,41.8,0.84
wick,0.0,0.2,0.25,False,atr2.5,trail12,True,603,-0.128,-77.4,34.0,0.77,409,-0.064,-26.3,36.4,0.88
wick,0.0,0.2,0.25,False,atr2.5,trail12,False,603,-0.149,-89.8,35.5,0.75,409,-0.045,-18.2,37.4,0.92
wick,0.0,0.2,0.25,False,atr2.5,fixed1.0,True,603,-0.095,-57.4,47.6,0.83,409,-0.073,-29.7,47.9,0.86
wick,0.0,0.2,0.25,False,atr2.5,fixed1.0,False,603,-0.095,-57.4,47.6,0.83,409,-0.073,-29.7,47.9,0.86
wick,0.0,0.2,0.25,False,atr2.5,fixed1.5,True,603,-0.094,-56.8,32.0,0.83,409,-0.081,-33.3,31.5,0.85
wick,0.0,0.2,0.25,False,atr2.5,fixed1.5,False,603,-0.087,-52.2,38.6,0.87,409,-0.09,-36.8,37.9,0.86
wick,0.0,0.2,0.25,False,atr2.5,fixed2.0,True,603,-0.114,-68.5,23.4,0.8,409,-0.09,-37.0,23.2,0.83
wick,0.0,0.2,0.25,False,atr2.5,fixed2.0,False,603,-0.096,-57.9,32.3,0.86,409,-0.118,-48.4,30.8,0.83
wick,0.0,0.2,0.25,False,atr3.0,trail3,True,583,-0.074,-42.9,45.1,0.86,393,-0.081,-32.0,47.1,0.84
wick,0.0,0.2,0.25,False,atr3.0,trail3,False,583,-0.077,-44.6,45.5,0.86,393,-0.084,-33.1,47.6,0.84
wick,0.0,0.2,0.25,False,atr3.0,trail5,True,583,-0.087,-50.9,43.7,0.84,393,-0.065,-25.6,46.1,0.87
wick,0.0,0.2,0.25,False,atr3.0,trail5,False,583,-0.094,-55.0,44.1,0.83,393,-0.068,-26.6,46.3,0.87
wick,0.0,0.2,0.25,False,atr3.0,trail8,True,583,-0.093,-54.2,41.2,0.83,393,-0.075,-29.3,43.8,0.86
wick,0.0,0.2,0.25,False,atr3.0,trail8,False,583,-0.098,-57.2,42.0,0.82,393,-0.082,-32.2,44.0,0.85
wick,0.0,0.2,0.25,False,atr3.0,trail12,True,583,-0.111,-65.0,37.7,0.79,393,-0.066,-25.8,39.7,0.87
wick,0.0,0.2,0.25,False,atr3.0,trail12,False,583,-0.124,-72.4,38.9,0.78,393,-0.053,-20.9,40.7,0.9
wick,0.0,0.2,0.25,False,atr3.0,fixed1.0,True,583,-0.067,-39.1,48.5,0.87,393,-0.033,-13.0,49.6,0.94
wick,0.0,0.2,0.25,False,atr3.0,fixed1.0,False,583,-0.067,-39.1,48.5,0.87,393,-0.033,-13.0,49.6,0.94
wick,0.0,0.2,0.25,False,atr3.0,fixed1.5,True,583,-0.08,-46.6,32.1,0.85,393,-0.074,-29.0,30.5,0.86
wick,0.0,0.2,0.25,False,atr3.0,fixed1.5,False,583,-0.097,-56.3,37.9,0.85,393,-0.069,-27.0,38.4,0.89
wick,0.0,0.2,0.25,False,atr3.0,fixed2.0,True,583,-0.096,-56.1,23.8,0.82,393,-0.064,-25.1,23.7,0.88
wick,0.0,0.2,0.25,False,atr3.0,fixed2.0,False,583,-0.105,-61.5,32.1,0.85,393,-0.077,-30.2,32.1,0.89
wick,0.0,0.2,0.25,False,struct5,trail3,True,616,-0.138,-85.1,39.3,0.76,425,-0.113,-47.9,38.6,0.8
wick,0.0,0.2,0.25,False,struct5,trail3,False,616,-0.146,-90.1,39.8,0.76,425,-0.126,-53.3,39.8,0.79
wick,0.0,0.2,0.25,False,struct5,trail5,True,616,-0.146,-89.8,36.5,0.75,425,-0.105,-44.7,35.1,0.82
wick,0.0,0.2,0.25,False,struct5,trail5,False,616,-0.156,-96.3,37.8,0.74,425,-0.122,-52.0,36.2,0.8
wick,0.0,0.2,0.25,False,struct5,trail8,True,616,-0.14,-86.5,31.8,0.76,425,-0.123,-52.3,33.2,0.79
wick,0.0,0.2,0.25,False,struct5,trail8,False,616,-0.157,-96.7,33.9,0.75,425,-0.154,-65.5,33.6,0.75
wick,0.0,0.2,0.25,False,struct5,trail12,True,616,-0.187,-115.0,28.9,0.68,425,-0.119,-50.6,27.8,0.79
wick,0.0,0.2,0.25,False,struct5,trail12,False,616,-0.216,-133.1,30.5,0.66,425,-0.117,-49.6,28.9,0.81
wick,0.0,0.2,0.25,False,struct5,fixed1.0,True,616,-0.152,-93.4,45.9,0.74,425,-0.129,-54.9,46.1,0.77
wick,0.0,0.2,0.25,False,struct5,fixed1.0,False,616,-0.152,-93.4,45.9,0.74,425,-0.129,-54.9,46.1,0.77
wick,0.0,0.2,0.25,False,struct5,fixed1.5,True,616,-0.157,-96.6,30.8,0.73,425,-0.107,-45.5,32.5,0.81
wick,0.0,0.2,0.25,False,struct5,fixed1.5,False,616,-0.153,-94.2,37.2,0.77,425,-0.108,-45.8,37.9,0.83
wick,0.0,0.2,0.25,False,struct5,fixed2.0,True,616,-0.153,-94.5,23.9,0.74,425,-0.1,-42.5,24.9,0.83
wick,0.0,0.2,0.25,False,struct5,fixed2.0,False,616,-0.151,-93.2,31.5,0.79,425,-0.073,-30.9,32.9,0.9
wick,0.0,0.2,0.25,True,atr1.5,trail3,True,544,-0.054,-29.2,39.2,0.9,359,-0.136,-48.8,39.8,0.75
wick,0.0,0.2,0.25,True,atr1.5,trail3,False,544,-0.06,-32.5,40.3,0.9,359,-0.149,-53.3,40.7,0.74
wick,0.0,0.2,0.25,True,atr1.5,trail5,True,544,-0.069,-37.7,35.1,0.88,359,-0.101,-36.4,35.1,0.82
wick,0.0,0.2,0.25,True,atr1.5,trail5,False,544,-0.084,-45.7,36.8,0.86,359,-0.102,-36.8,36.8,0.83
wick,0.0,0.2,0.25,True,atr1.5,trail8,True,544,-0.084,-45.7,28.1,0.85,359,-0.081,-29.0,32.0,0.86
wick,0.0,0.2,0.25,True,atr1.5,trail8,False,544,-0.094,-51.0,30.7,0.85,359,-0.084,-30.1,34.0,0.86
wick,0.0,0.2,0.25,True,atr1.5,trail12,True,544,-0.085,-46.0,24.6,0.85,359,-0.076,-27.3,27.0,0.86
wick,0.0,0.2,0.25,True,atr1.5,trail12,False,544,-0.092,-50.2,27.4,0.86,359,-0.033,-11.8,29.8,0.95
wick,0.0,0.2,0.25,True,atr1.5,fixed1.0,True,544,-0.097,-52.8,48.9,0.82,359,-0.098,-35.2,47.6,0.82
wick,0.0,0.2,0.25,True,atr1.5,fixed1.0,False,544,-0.097,-52.8,48.9,0.82,359,-0.098,-35.2,47.6,0.82
wick,0.0,0.2,0.25,True,atr1.5,fixed1.5,True,544,-0.054,-29.3,35.5,0.9,359,-0.082,-29.4,32.9,0.85
wick,0.0,0.2,0.25,True,atr1.5,fixed1.5,False,544,-0.051,-27.8,41.0,0.92,359,-0.097,-35.0,38.2,0.85
wick,0.0,0.2,0.25,True,atr1.5,fixed2.0,True,544,-0.071,-38.9,25.7,0.87,359,-0.044,-15.9,26.5,0.92
wick,0.0,0.2,0.25,True,atr1.5,fixed2.0,False,544,-0.027,-14.9,35.1,0.96,359,-0.039,-14.1,33.7,0.94
wick,0.0,0.2,0.25,True,atr2.0,trail3,True,529,-0.04,-21.3,42.5,0.93,347,-0.099,-34.2,44.7,0.82
wick,0.0,0.2,0.25,True,atr2.0,trail3,False,529,-0.047,-24.6,43.1,0.92,347,-0.101,-35.2,45.5,0.81
wick,0.0,0.2,0.25,True,atr2.0,trail5,True,529,-0.049,-26.1,39.3,0.91,347,-0.076,-26.5,41.8,0.86
wick,0.0,0.2,0.25,True,atr2.0,trail5,False,529,-0.063,-33.5,40.5,0.89,347,-0.085,-29.6,42.4,0.85
wick,0.0,0.2,0.25,True,atr2.0,trail8,True,529,-0.045,-23.8,33.8,0.92,347,-0.066,-22.7,38.9,0.88
wick,0.0,0.2,0.25,True,atr2.0,trail8,False,529,-0.054,-28.5,35.9,0.91,347,-0.082,-28.4,39.2,0.85
wick,0.0,0.2,0.25,True,atr2.0,trail12,True,529,-0.055,-29.2,30.6,0.9,347,-0.07,-24.1,33.1,0.87
wick,0.0,0.2,0.25,True,atr2.0,trail12,False,529,-0.067,-35.2,32.5,0.89,347,-0.049,-17.2,34.3,0.91
wick,0.0,0.2,0.25,True,atr2.0,fixed1.0,True,529,-0.082,-43.3,48.8,0.85,347,-0.078,-27.0,48.1,0.86
wick,0.0,0.2,0.25,True,atr2.0,fixed1.0,False,529,-0.082,-43.3,48.8,0.85,347,-0.078,-27.0,48.1,0.86
wick,0.0,0.2,0.25,True,atr2.0,fixed1.5,True,529,-0.06,-31.8,34.0,0.89,347,-0.048,-16.7,34.0,0.91
wick,0.0,0.2,0.25,True,atr2.0,fixed1.5,False,529,-0.04,-21.3,40.8,0.94,347,-0.031,-10.8,40.3,0.95
wick,0.0,0.2,0.25,True,atr2.0,fixed2.0,True,529,-0.072,-38.3,25.0,0.87,347,-0.105,-36.4,22.8,0.81
wick,0.0,0.2,0.25,True,atr2.0,fixed2.0,False,529,-0.06,-31.9,33.5,0.91,347,-0.099,-34.2,31.7,0.86
wick,0.0,0.2,0.25,True,atr2.5,trail3,True,514,-0.06,-30.9,44.6,0.89,335,-0.114,-38.4,45.1,0.79
wick,0.0,0.2,0.25,True,atr2.5,trail3,False,514,-0.062,-32.0,45.1,0.88,335,-0.114,-38.2,46.0,0.79
wick,0.0,0.2,0.25,True,atr2.5,trail5,True,514,-0.074,-38.0,42.6,0.86,335,-0.093,-31.2,43.3,0.83
wick,0.0,0.2,0.25,True,atr2.5,trail5,False,514,-0.084,-43.1,43.2,0.85,335,-0.088,-29.5,44.2,0.84
wick,0.0,0.2,0.25,True,atr2.5,trail8,True,514,-0.071,-36.5,38.5,0.87,335,-0.096,-32.1,40.9,0.82
wick,0.0,0.2,0.25,True,atr2.5,trail8,False,514,-0.072,-37.0,40.5,0.87,335,-0.097,-32.7,41.5,0.82
wick,0.0,0.2,0.25,True,atr2.5,trail12,True,514,-0.078,-39.9,35.0,0.86,335,-0.1,-33.5,36.1,0.81
wick,0.0,0.2,0.25,True,atr2.5,trail12,False,514,-0.08,-41.0,37.0,0.86,335,-0.07,-23.4,37.6,0.88
wick,0.0,0.2,0.25,True,atr2.5,fixed1.0,True,514,-0.063,-32.2,49.2,0.88,335,-0.069,-23.2,48.1,0.87
wick,0.0,0.2,0.25,True,atr2.5,fixed1.0,False,514,-0.063,-32.2,49.2,0.88,335,-0.069,-23.2,48.1,0.87
wick,0.0,0.2,0.25,True,atr2.5,fixed1.5,True,514,-0.076,-39.2,32.1,0.86,335,-0.072,-24.3,31.9,0.87
wick,0.0,0.2,0.25,True,atr2.5,fixed1.5,False,514,-0.052,-26.6,40.1,0.92,335,-0.083,-27.7,38.2,0.87
wick,0.0,0.2,0.25,True,atr2.5,fixed2.0,True,514,-0.1,-51.2,23.3,0.82,335,-0.113,-37.8,22.1,0.79
wick,0.0,0.2,0.25,True,atr2.5,fixed2.0,False,514,-0.074,-38.2,33.3,0.89,335,-0.131,-43.9,30.4,0.82
wick,0.0,0.2,0.25,True,atr3.0,trail3,True,502,-0.057,-28.6,46.2,0.89,326,-0.093,-30.4,46.9,0.82
wick,0.0,0.2,0.25,True,atr3.0,trail3,False,502,-0.057,-28.6,46.6,0.89,326,-0.094,-30.6,47.5,0.82
wick,0.0,0.2,0.25,True,atr3.0,trail5,True,502,-0.071,-35.7,44.8,0.86,326,-0.076,-24.8,46.0,0.85
wick,0.0,0.2,0.25,True,atr3.0,trail5,False,502,-0.074,-37.0,45.2,0.86,326,-0.073,-23.9,46.3,0.86
wick,0.0,0.2,0.25,True,atr3.0,trail8,True,502,-0.072,-36.2,41.2,0.86,326,-0.073,-23.9,43.9,0.86
wick,0.0,0.2,0.25,True,atr3.0,trail8,False,502,-0.071,-35.5,42.4,0.87,326,-0.076,-24.7,44.2,0.86
wick,0.0,0.2,0.25,True,atr3.0,trail12,True,502,-0.075,-37.9,38.6,0.86,326,-0.096,-31.4,39.6,0.81
wick,0.0,0.2,0.25,True,atr3.0,trail12,False,502,-0.078,-39.1,40.0,0.86,326,-0.073,-23.8,40.8,0.86
wick,0.0,0.2,0.25,True,atr3.0,fixed1.0,True,502,-0.05,-25.3,49.4,0.9,326,-0.035,-11.6,49.4,0.93
wick,0.0,0.2,0.25,True,atr3.0,fixed1.0,False,502,-0.05,-25.3,49.4,0.9,326,-0.035,-11.6,49.4,0.93
wick,0.0,0.2,0.25,True,atr3.0,fixed1.5,True,502,-0.072,-36.0,32.1,0.86,326,-0.103,-33.4,28.8,0.8
wick,0.0,0.2,0.25,True,atr3.0,fixed1.5,False,502,-0.07,-35.2,39.0,0.89,326,-0.132,-43.0,36.2,0.8
wick,0.0,0.2,0.25,True,atr3.0,fixed2.0,True,502,-0.082,-41.0,24.3,0.85,326,-0.116,-37.7,21.2,0.78
wick,0.0,0.2,0.25,True,atr3.0,fixed2.0,False,502,-0.088,-44.1,32.9,0.87,326,-0.114,-37.2,31.0,0.84
wick,0.0,0.2,0.25,True,struct5,trail3,True,515,-0.053,-27.4,45.0,0.9,342,-0.145,-49.6,42.4,0.74
wick,0.0,0.2,0.25,True,struct5,trail3,False,515,-0.058,-29.9,45.4,0.89,342,-0.153,-52.2,43.3,0.73
wick,0.0,0.2,0.25,True,struct5,trail5,True,515,-0.075,-38.5,43.1,0.86,342,-0.101,-34.5,38.9,0.82
wick,0.0,0.2,0.25,True,struct5,trail5,False,515,-0.085,-43.6,43.7,0.85,342,-0.107,-36.4,39.5,0.82
wick,0.0,0.2,0.25,True,struct5,trail8,True,515,-0.07,-35.9,37.7,0.87,342,-0.105,-36.1,36.8,0.81
wick,0.0,0.2,0.25,True,struct5,trail8,False,515,-0.087,-45.0,39.0,0.84,342,-0.117,-40.2,37.4,0.8
wick,0.0,0.2,0.25,True,struct5,trail12,True,515,-0.065,-33.5,34.8,0.88,342,-0.098,-33.4,33.0,0.83
wick,0.0,0.2,0.25,True,struct5,trail12,False,515,-0.087,-44.7,35.7,0.85,342,-0.065,-22.3,34.5,0.89
wick,0.0,0.2,0.25,True,struct5,fixed1.0,True,515,-0.07,-35.8,49.3,0.87,342,-0.114,-38.9,46.5,0.8
wick,0.0,0.2,0.25,True,struct5,fixed1.0,False,515,-0.07,-35.8,49.3,0.87,342,-0.114,-38.9,46.5,0.8
wick,0.0,0.2,0.25,True,struct5,fixed1.5,True,515,-0.089,-46.0,32.6,0.84,342,-0.099,-34.0,32.2,0.82
wick,0.0,0.2,0.25,True,struct5,fixed1.5,False,515,-0.105,-54.2,38.8,0.84,342,-0.089,-30.3,38.3,0.86
wick,0.0,0.2,0.25,True,struct5,fixed2.0,True,515,-0.089,-46.0,25.4,0.84,342,-0.103,-35.4,24.0,0.82
wick,0.0,0.2,0.25,True,struct5,fixed2.0,False,515,-0.098,-50.5,33.4,0.86,342,-0.052,-17.9,33.3,0.92
wick,0.0,0.2,0.5,False,atr1.5,trail3,True,524,-0.06,-31.2,37.8,0.9,337,-0.037,-12.5,41.2,0.93
wick,0.0,0.2,0.5,False,atr1.5,trail3,False,524,-0.069,-36.2,39.1,0.88,337,-0.062,-21.0,41.8,0.89
wick,0.0,0.2,0.5,False,atr1.5,trail5,True,524,-0.048,-25.1,34.5,0.92,337,-0.028,-9.5,35.3,0.95
wick,0.0,0.2,0.5,False,atr1.5,trail5,False,524,-0.063,-32.9,36.3,0.9,337,-0.061,-20.6,36.2,0.89
wick,0.0,0.2,0.5,False,atr1.5,trail8,True,524,-0.078,-40.9,28.2,0.86,337,-0.022,-7.5,32.3,0.96
wick,0.0,0.2,0.5,False,atr1.5,trail8,False,524,-0.085,-44.6,31.3,0.86,337,-0.054,-18.3,33.8,0.91
wick,0.0,0.2,0.5,False,atr1.5,trail12,True,524,-0.103,-54.0,25.0,0.82,337,-0.02,-6.8,26.1,0.96
wick,0.0,0.2,0.5,False,atr1.5,trail12,False,524,-0.13,-67.9,27.7,0.8,337,-0.062,-21.0,28.2,0.9
wick,0.0,0.2,0.5,False,atr1.5,fixed1.0,True,524,-0.117,-61.3,47.9,0.79,337,-0.047,-15.7,50.1,0.91
wick,0.0,0.2,0.5,False,atr1.5,fixed1.0,False,524,-0.117,-61.3,47.9,0.79,337,-0.047,-15.7,50.1,0.91
wick,0.0,0.2,0.5,False,atr1.5,fixed1.5,True,524,-0.063,-33.3,35.5,0.89,337,-0.046,-15.5,33.5,0.91
wick,0.0,0.2,0.5,False,atr1.5,fixed1.5,False,524,-0.038,-19.7,41.6,0.94,337,-0.079,-26.5,38.9,0.88
wick,0.0,0.2,0.5,False,atr1.5,fixed2.0,True,524,-0.05,-26.3,27.3,0.91,337,-0.039,-13.1,25.5,0.93
wick,0.0,0.2,0.5,False,atr1.5,fixed2.0,False,524,0.011,5.7,36.5,1.02,337,-0.063,-21.2,32.9,0.91
wick,0.0,0.2,0.5,False,atr2.0,trail3,True,504,-0.043,-21.5,43.5,0.92,328,-0.022,-7.1,47.6,0.96
wick,0.0,0.2,0.5,False,atr2.0,trail3,False,504,-0.05,-25.2,44.2,0.91,328,-0.026,-8.5,47.9,0.95
wick,0.0,0.2,0.5,False,atr2.0,trail5,True,504,-0.047,-23.6,39.9,0.91,328,-0.023,-7.7,43.9,0.95
wick,0.0,0.2,0.5,False,atr2.0,trail5,False,504,-0.064,-32.1,41.1,0.89,328,-0.033,-10.8,44.2,0.94
wick,0.0,0.2,0.5,False,atr2.0,trail8,True,504,-0.061,-30.6,34.5,0.89,328,-0.028,-9.3,40.5,0.95
wick,0.0,0.2,0.5,False,atr2.0,trail8,False,504,-0.074,-37.1,36.9,0.87,328,-0.042,-13.7,41.2,0.92
wick,0.0,0.2,0.5,False,atr2.0,trail12,True,504,-0.097,-49.0,30.6,0.82,328,-0.031,-10.2,33.2,0.94
wick,0.0,0.2,0.5,False,atr2.0,trail12,False,504,-0.127,-63.8,32.7,0.79,328,-0.05,-16.5,34.1,0.91
wick,0.0,0.2,0.5,False,atr2.0,fixed1.0,True,504,-0.056,-28.0,50.2,0.89,328,-0.026,-8.5,50.6,0.95
wick,0.0,0.2,0.5,False,atr2.0,fixed1.0,False,504,-0.056,-28.0,50.2,0.89,328,-0.026,-8.5,50.6,0.95
wick,0.0,0.2,0.5,False,atr2.0,fixed1.5,True,504,-0.02,-9.9,35.9,0.96,328,-0.035,-11.6,33.2,0.93
wick,0.0,0.2,0.5,False,atr2.0,fixed1.5,False,504,0.0,0.1,42.7,1.0,328,-0.019,-6.3,40.9,0.97
wick,0.0,0.2,0.5,False,atr2.0,fixed2.0,True,504,-0.028,-14.0,26.6,0.95,328,-0.054,-17.7,24.1,0.9
wick,0.0,0.2,0.5,False,atr2.0,fixed2.0,False,504,-0.034,-17.1,34.5,0.95,328,-0.044,-14.5,33.5,0.94
wick,0.0,0.2,0.5,False,atr2.5,trail3,True,492,-0.031,-15.3,46.1,0.94,322,-0.069,-22.3,46.0,0.87
wick,0.0,0.2,0.5,False,atr2.5,trail3,False,492,-0.038,-18.5,46.7,0.93,322,-0.07,-22.5,46.6,0.87
wick,0.0,0.2,0.5,False,atr2.5,trail5,True,492,-0.045,-22.0,43.9,0.91,322,-0.067,-21.7,43.5,0.87
wick,0.0,0.2,0.5,False,atr2.5,trail5,False,492,-0.061,-29.8,44.5,0.89,322,-0.064,-20.6,43.8,0.88
wick,0.0,0.2,0.5,False,atr2.5,trail8,True,492,-0.057,-28.2,40.2,0.89,322,-0.075,-24.2,41.3,0.86
wick,0.0,0.2,0.5,False,atr2.5,trail8,False,492,-0.068,-33.6,41.9,0.87,322,-0.073,-23.6,41.9,0.87
wick,0.0,0.2,0.5,False,atr2.5,trail12,True,492,-0.093,-45.7,36.0,0.82,322,-0.042,-13.6,37.3,0.92
wick,0.0,0.2,0.5,False,atr2.5,trail12,False,492,-0.116,-57.3,37.4,0.79,322,-0.043,-14.0,38.2,0.92
wick,0.0,0.2,0.5,False,atr2.5,fixed1.0,True,492,-0.03,-14.9,51.0,0.94,322,-0.061,-19.7,48.4,0.88
wick,0.0,0.2,0.5,False,atr2.5,fixed1.0,False,492,-0.03,-14.9,51.0,0.94,322,-0.061,-19.7,48.4,0.88
wick,0.0,0.2,0.5,False,atr2.5,fixed1.5,True,492,-0.025,-12.5,34.6,0.95,322,-0.05,-16.3,33.2,0.91
wick,0.0,0.2,0.5,False,atr2.5,fixed1.5,False,492,-0.031,-15.0,41.1,0.95,322,-0.061,-19.7,39.1,0.9
wick,0.0,0.2,0.5,False,atr2.5,fixed2.0,True,492,-0.06,-29.6,24.6,0.89,322,-0.068,-21.8,24.2,0.87
wick,0.0,0.2,0.5,False,atr2.5,fixed2.0,False,492,-0.061,-30.2,33.7,0.91,322,-0.07,-22.6,32.6,0.9
wick,0.0,0.2,0.5,False,atr3.0,trail3,True,483,-0.028,-13.7,47.6,0.94,307,-0.026,-8.1,49.2,0.95
wick,0.0,0.2,0.5,False,atr3.0,trail3,False,483,-0.037,-17.8,47.8,0.93,307,-0.029,-8.8,49.8,0.94
wick,0.0,0.2,0.5,False,atr3.0,trail5,True,483,-0.045,-21.5,46.2,0.91,307,0.015,4.6,47.6,1.03
wick,0.0,0.2,0.5,False,atr3.0,trail5,False,483,-0.057,-27.5,46.4,0.89,307,0.015,4.6,47.9,1.03
wick,0.0,0.2,0.5,False,atr3.0,trail8,True,483,-0.066,-31.7,43.1,0.87,307,0.008,2.5,46.6,1.02
wick,0.0,0.2,0.5,False,atr3.0,trail8,False,483,-0.075,-36.3,43.9,0.86,307,0.008,2.6,47.2,1.02
wick,0.0,0.2,0.5,False,atr3.0,trail12,True,483,-0.087,-41.9,39.8,0.83,307,0.032,9.8,43.0,1.06
wick,0.0,0.2,0.5,False,atr3.0,trail12,False,483,-0.101,-49.0,41.0,0.81,307,0.029,9.0,44.0,1.06
wick,0.0,0.2,0.5,False,atr3.0,fixed1.0,True,483,-0.012,-5.6,51.6,0.98,307,0.013,3.9,51.8,1.03
wick,0.0,0.2,0.5,False,atr3.0,fixed1.0,False,483,-0.012,-5.6,51.6,0.98,307,0.013,3.9,51.8,1.03
wick,0.0,0.2,0.5,False,atr3.0,fixed1.5,True,483,-0.044,-21.4,32.7,0.91,307,-0.018,-5.5,32.9,0.96
wick,0.0,0.2,0.5,False,atr3.0,fixed1.5,False,483,-0.053,-25.5,40.0,0.91,307,-0.015,-4.5,40.7,0.98
wick,0.0,0.2,0.5,False,atr3.0,fixed2.0,True,483,-0.065,-31.5,24.2,0.87,307,0.001,0.2,25.7,1.0
wick,0.0,0.2,0.5,False,atr3.0,fixed2.0,False,483,-0.079,-38.2,33.5,0.88,307,-0.021,-6.4,33.9,0.97
wick,0.0,0.2,0.5,False,struct5,trail3,True,500,-0.097,-48.5,42.6,0.82,328,-0.048,-15.9,42.1,0.91
wick,0.0,0.2,0.5,False,struct5,trail3,False,500,-0.105,-52.4,43.2,0.81,328,-0.058,-19.1,43.3,0.89
wick,0.0,0.2,0.5,False,struct5,trail5,True,500,-0.109,-54.5,40.4,0.8,328,-0.027,-8.9,39.3,0.95
wick,0.0,0.2,0.5,False,struct5,trail5,False,500,-0.123,-61.7,41.4,0.78,328,-0.034,-11.1,40.2,0.94
wick,0.0,0.2,0.5,False,struct5,trail8,True,500,-0.131,-65.4,35.4,0.76,328,-0.055,-18.1,36.9,0.9
wick,0.0,0.2,0.5,False,struct5,trail8,False,500,-0.152,-76.0,37.4,0.74,328,-0.066,-21.7,38.1,0.88
wick,0.0,0.2,0.5,False,struct5,trail12,True,500,-0.161,-80.3,32.2,0.71,328,-0.035,-11.6,32.0,0.93
wick,0.0,0.2,0.5,False,struct5,trail12,False,500,-0.199,-99.5,33.2,0.67,328,-0.047,-15.3,33.8,0.92
wick,0.0,0.2,0.5,False,struct5,fixed1.0,True,500,-0.086,-42.9,48.8,0.84,328,-0.073,-23.9,48.5,0.86
wick,0.0,0.2,0.5,False,struct5,fixed1.0,False,500,-0.086,-42.9,48.8,0.84,328,-0.073,-23.9,48.5,0.86
wick,0.0,0.2,0.5,False,struct5,fixed1.5,True,500,-0.089,-44.7,33.2,0.84,328,-0.065,-21.2,33.2,0.88
wick,0.0,0.2,0.5,False,struct5,fixed1.5,False,500,-0.088,-43.8,39.8,0.86,328,-0.062,-20.2,39.3,0.9
wick,0.0,0.2,0.5,False,struct5,fixed2.0,True,500,-0.07,-35.2,26.8,0.87,328,-0.056,-18.5,25.6,0.9
wick,0.0,0.2,0.5,False,struct5,fixed2.0,False,500,-0.072,-36.0,34.4,0.9,328,-0.039,-12.7,33.8,0.94
wick,0.0,0.2,0.5,True,atr1.5,trail3,True,443,-0.008,-3.5,39.1,0.99,270,-0.087,-23.4,41.9,0.84
wick,0.0,0.2,0.5,True,atr1.5,trail3,False,443,-0.017,-7.5,40.6,0.97,270,-0.116,-31.4,41.9,0.79
wick,0.0,0.2,0.5,True,atr1.5,trail5,True,443,-0.002,-0.9,35.9,1.0,270,-0.084,-22.8,34.4,0.84
wick,0.0,0.2,0.5,True,atr1.5,trail5,False,443,-0.02,-8.8,37.7,0.97,270,-0.117,-31.6,35.6,0.8
wick,0.0,0.2,0.5,True,atr1.5,trail8,True,443,-0.027,-11.9,28.4,0.95,270,-0.055,-14.9,32.2,0.9
wick,0.0,0.2,0.5,True,atr1.5,trail8,False,443,-0.038,-16.7,32.1,0.94,270,-0.081,-21.8,34.4,0.86
wick,0.0,0.2,0.5,True,atr1.5,trail12,True,443,-0.039,-17.1,25.7,0.93,270,-0.064,-17.2,27.8,0.88
wick,0.0,0.2,0.5,True,atr1.5,trail12,False,443,-0.058,-25.8,28.7,0.91,270,-0.099,-26.7,30.4,0.84
wick,0.0,0.2,0.5,True,atr1.5,fixed1.0,True,443,-0.071,-31.6,50.1,0.87,270,-0.05,-13.5,50.0,0.9
wick,0.0,0.2,0.5,True,atr1.5,fixed1.0,False,443,-0.071,-31.6,50.1,0.87,270,-0.05,-13.5,50.0,0.9
wick,0.0,0.2,0.5,True,atr1.5,fixed1.5,True,443,-0.024,-10.6,36.6,0.96,270,-0.051,-13.7,33.3,0.9
wick,0.0,0.2,0.5,True,atr1.5,fixed1.5,False,443,0.001,0.5,43.1,1.0,270,-0.088,-23.7,38.5,0.86
wick,0.0,0.2,0.5,True,atr1.5,fixed2.0,True,443,-0.013,-5.6,28.0,0.98,270,-0.033,-8.8,25.9,0.94
wick,0.0,0.2,0.5,True,atr1.5,fixed2.0,False,443,0.066,29.1,38.1,1.1,270,-0.029,-7.9,34.1,0.96
wick,0.0,0.2,0.5,True,atr2.0,trail3,True,427,0.004,1.5,45.2,1.01,267,-0.089,-23.7,45.3,0.83
wick,0.0,0.2,0.5,True,atr2.0,trail3,False,427,-0.002,-1.0,46.1,1.0,267,-0.094,-25.0,45.7,0.83
wick,0.0,0.2,0.5,True,atr2.0,trail5,True,427,-0.008,-3.3,41.5,0.99,267,-0.097,-26.0,40.8,0.82
wick,0.0,0.2,0.5,True,atr2.0,trail5,False,427,-0.022,-9.5,42.9,0.96,267,-0.106,-28.4,41.6,0.81
wick,0.0,0.2,0.5,True,atr2.0,trail8,True,427,-0.013,-5.5,34.9,0.97,267,-0.079,-21.1,38.6,0.85
wick,0.0,0.2,0.5,True,atr2.0,trail8,False,427,-0.02,-8.5,37.9,0.96,267,-0.088,-23.6,39.7,0.84
wick,0.0,0.2,0.5,True,atr2.0,trail12,True,427,-0.039,-16.5,31.6,0.93,267,-0.084,-22.5,34.1,0.84
wick,0.0,0.2,0.5,True,atr2.0,trail12,False,427,-0.051,-21.9,34.2,0.91,267,-0.098,-26.1,35.2,0.83
wick,0.0,0.2,0.5,True,atr2.0,fixed1.0,True,427,-0.014,-6.1,52.2,0.97,267,-0.059,-15.7,49.1,0.89
wick,0.0,0.2,0.5,True,atr2.0,fixed1.0,False,427,-0.014,-6.1,52.2,0.97,267,-0.059,-15.7,49.1,0.89
wick,0.0,0.2,0.5,True,atr2.0,fixed1.5,True,427,0.01,4.5,36.5,1.02,267,-0.044,-11.8,33.7,0.92
wick,0.0,0.2,0.5,True,atr2.0,fixed1.5,False,427,0.055,23.3,44.7,1.09,267,-0.029,-7.8,40.4,0.95
wick,0.0,0.2,0.5,True,atr2.0,fixed2.0,True,427,-0.008,-3.2,26.7,0.99,267,-0.093,-24.9,22.8,0.83
wick,0.0,0.2,0.5,True,atr2.0,fixed2.0,False,427,0.026,11.1,36.5,1.04,267,-0.085,-22.7,32.2,0.88
wick,0.0,0.2,0.5,True,atr2.5,trail3,True,419,-0.002,-1.0,48.0,1.0,259,-0.109,-28.1,44.8,0.8
wick,0.0,0.2,0.5,True,atr2.5,trail3,False,419,-0.007,-2.9,48.7,0.99,259,-0.11,-28.4,45.6,0.8
wick,0.0,0.2,0.5,True,atr2.5,trail5,True,419,-0.019,-7.8,45.6,0.96,259,-0.11,-28.4,42.1,0.8
wick,0.0,0.2,0.5,True,atr2.5,trail5,False,419,-0.031,-13.2,46.3,0.94,259,-0.102,-26.4,42.9,0.81
wick,0.0,0.2,0.5,True,atr2.5,trail8,True,419,-0.023,-9.7,41.1,0.95,259,-0.104,-27.0,40.5,0.81
wick,0.0,0.2,0.5,True,atr2.5,trail8,False,419,-0.028,-11.7,43.2,0.95,259,-0.096,-24.8,41.7,0.83
wick,0.0,0.2,0.5,True,atr2.5,trail12,True,419,-0.051,-21.5,37.5,0.9,259,-0.103,-26.6,36.7,0.81
wick,0.0,0.2,0.5,True,atr2.5,trail12,False,419,-0.061,-25.4,39.1,0.89,259,-0.096,-24.9,38.2,0.83
wick,0.0,0.2,0.5,True,atr2.5,fixed1.0,True,419,0.003,1.3,52.7,1.01,259,-0.073,-18.8,47.9,0.86
wick,0.0,0.2,0.5,True,atr2.5,fixed1.0,False,419,0.003,1.3,52.7,1.01,259,-0.073,-18.8,47.9,0.86
wick,0.0,0.2,0.5,True,atr2.5,fixed1.5,True,419,-0.003,-1.3,35.1,0.99,259,-0.065,-16.9,32.4,0.88
wick,0.0,0.2,0.5,True,atr2.5,fixed1.5,False,419,0.004,1.7,42.5,1.01,259,-0.082,-21.3,38.2,0.87
wick,0.0,0.2,0.5,True,atr2.5,fixed2.0,True,419,-0.021,-8.6,26.3,0.96,259,-0.089,-22.9,23.2,0.84
wick,0.0,0.2,0.5,True,atr2.5,fixed2.0,False,419,-0.018,-7.3,35.3,0.97,259,-0.116,-29.9,30.9,0.84
wick,0.0,0.2,0.5,True,atr3.0,trail3,True,413,-0.009,-3.7,49.2,0.98,250,-0.063,-15.7,47.6,0.88
wick,0.0,0.2,0.5,True,atr3.0,trail3,False,413,-0.016,-6.4,49.4,0.97,250,-0.064,-15.9,48.4,0.87
wick,0.0,0.2,0.5,True,atr3.0,trail5,True,413,-0.026,-10.8,47.5,0.95,250,-0.033,-8.3,46.4,0.93
wick,0.0,0.2,0.5,True,atr3.0,trail5,False,413,-0.035,-14.4,47.7,0.93,250,-0.029,-7.1,46.8,0.94
wick,0.0,0.2,0.5,True,atr3.0,trail8,True,413,-0.042,-17.3,43.6,0.92,250,-0.03,-7.4,44.8,0.94
wick,0.0,0.2,0.5,True,atr3.0,trail8,False,413,-0.045,-18.6,44.8,0.91,250,-0.025,-6.2,45.6,0.95
wick,0.0,0.2,0.5,True,atr3.0,trail12,True,413,-0.052,-21.4,40.9,0.9,250,-0.037,-9.2,41.6,0.93
wick,0.0,0.2,0.5,True,atr3.0,trail12,False,413,-0.061,-25.2,42.1,0.88,250,-0.035,-8.8,42.8,0.93
wick,0.0,0.2,0.5,True,atr3.0,fixed1.0,True,413,0.009,3.6,52.5,1.02,250,-0.014,-3.6,50.4,0.97
wick,0.0,0.2,0.5,True,atr3.0,fixed1.0,False,413,0.009,3.6,52.5,1.02,250,-0.014,-3.6,50.4,0.97
wick,0.0,0.2,0.5,True,atr3.0,fixed1.5,True,413,-0.022,-9.1,33.7,0.96,250,-0.048,-12.0,31.6,0.91
wick,0.0,0.2,0.5,True,atr3.0,fixed1.5,False,413,-0.029,-12.0,40.9,0.95,250,-0.08,-20.1,38.0,0.87
wick,0.0,0.2,0.5,True,atr3.0,fixed2.0,True,413,-0.037,-15.1,25.4,0.93,250,-0.064,-16.0,22.8,0.88
wick,0.0,0.2,0.5,True,atr3.0,fixed2.0,False,413,-0.065,-26.7,33.9,0.91,250,-0.102,-25.6,30.8,0.85
wick,0.0,0.2,0.5,True,struct5,trail3,True,421,-0.037,-15.7,46.1,0.93,260,-0.143,-37.2,42.7,0.74
wick,0.0,0.2,0.5,True,struct5,trail3,False,421,-0.047,-20.0,46.6,0.91,260,-0.152,-39.6,43.5,0.73
wick,0.0,0.2,0.5,True,struct5,trail5,True,421,-0.067,-28.1,44.4,0.87,260,-0.127,-33.1,39.2,0.77
wick,0.0,0.2,0.5,True,struct5,trail5,False,421,-0.082,-34.5,45.1,0.85,260,-0.127,-33.1,40.4,0.78
wick,0.0,0.2,0.5,True,struct5,trail8,True,421,-0.078,-33.0,39.0,0.85,260,-0.137,-35.7,37.7,0.75
wick,0.0,0.2,0.5,True,struct5,trail8,False,421,-0.097,-40.9,41.1,0.82,260,-0.137,-35.5,39.6,0.76
wick,0.0,0.2,0.5,True,struct5,trail12,True,421,-0.105,-44.2,35.9,0.8,260,-0.139,-36.2,35.0,0.75
wick,0.0,0.2,0.5,True,struct5,trail12,False,421,-0.139,-58.5,36.8,0.75,260,-0.14,-36.4,36.9,0.76
wick,0.0,0.2,0.5,True,struct5,fixed1.0,True,421,-0.028,-11.7,51.3,0.95,260,-0.101,-26.2,46.9,0.82
wick,0.0,0.2,0.5,True,struct5,fixed1.0,False,421,-0.028,-11.7,51.3,0.95,260,-0.101,-26.2,46.9,0.82
wick,0.0,0.2,0.5,True,struct5,fixed1.5,True,421,-0.05,-20.9,34.0,0.9,260,-0.108,-28.0,31.2,0.81
wick,0.0,0.2,0.5,True,struct5,fixed1.5,False,421,-0.065,-27.5,40.6,0.9,260,-0.094,-24.6,37.7,0.85
wick,0.0,0.2,0.5,True,struct5,fixed2.0,True,421,-0.034,-14.5,27.6,0.93,260,-0.103,-26.8,23.8,0.82
wick,0.0,0.2,0.5,True,struct5,fixed2.0,False,421,-0.043,-17.9,35.6,0.94,260,-0.088,-23.0,31.9,0.87
wick,0.38,0.0,0.0,False,atr1.5,trail3,True,628,-0.068,-42.6,38.5,0.88,422,-0.095,-40.0,38.4,0.83
wick,0.38,0.0,0.0,False,atr1.5,trail3,False,628,-0.049,-30.6,40.0,0.92,422,-0.109,-45.8,38.9,0.81
wick,0.38,0.0,0.0,False,atr1.5,trail5,True,628,-0.057,-35.5,34.7,0.9,422,-0.072,-30.2,33.2,0.87
wick,0.38,0.0,0.0,False,atr1.5,trail5,False,628,-0.038,-23.9,36.5,0.94,422,-0.088,-37.0,35.1,0.85
wick,0.38,0.0,0.0,False,atr1.5,trail8,True,628,-0.046,-28.6,30.9,0.92,422,-0.08,-33.9,28.4,0.86
wick,0.38,0.0,0.0,False,atr1.5,trail8,False,628,-0.03,-18.7,33.0,0.95,422,-0.086,-36.2,32.0,0.86
wick,0.38,0.0,0.0,False,atr1.5,trail12,True,628,-0.048,-30.1,25.5,0.92,422,-0.053,-22.2,24.6,0.91
wick,0.38,0.0,0.0,False,atr1.5,trail12,False,628,-0.056,-35.0,27.5,0.91,422,-0.077,-32.6,27.7,0.88
wick,0.38,0.0,0.0,False,atr1.5,fixed1.0,True,628,-0.127,-80.0,47.5,0.78,422,-0.094,-39.8,47.9,0.83
wick,0.38,0.0,0.0,False,atr1.5,fixed1.0,False,628,-0.127,-80.0,47.5,0.78,422,-0.094,-39.8,47.9,0.83
wick,0.38,0.0,0.0,False,atr1.5,fixed1.5,True,628,-0.077,-48.1,35.0,0.87,422,-0.109,-46.1,30.8,0.8
wick,0.38,0.0,0.0,False,atr1.5,fixed1.5,False,628,-0.066,-41.2,40.4,0.9,422,-0.144,-60.7,36.3,0.79
wick,0.38,0.0,0.0,False,atr1.5,fixed2.0,True,628,-0.086,-54.0,25.8,0.85,422,-0.094,-39.7,23.9,0.83
wick,0.38,0.0,0.0,False,atr1.5,fixed2.0,False,628,-0.072,-45.3,33.8,0.9,422,-0.114,-48.1,31.3,0.84
wick,0.38,0.0,0.0,False,atr2.0,trail3,True,608,-0.035,-21.1,44.6,0.94,413,-0.095,-39.1,41.9,0.83
wick,0.38,0.0,0.0,False,atr2.0,trail3,False,608,-0.037,-22.6,45.1,0.93,413,-0.1,-41.4,41.9,0.82
wick,0.38,0.0,0.0,False,atr2.0,trail5,True,608,-0.037,-22.4,40.6,0.93,413,-0.056,-23.3,39.7,0.9
wick,0.38,0.0,0.0,False,atr2.0,trail5,False,608,-0.04,-24.5,41.3,0.93,413,-0.06,-24.8,40.7,0.9
wick,0.38,0.0,0.0,False,atr2.0,trail8,True,608,-0.035,-21.1,36.5,0.94,413,-0.076,-31.2,36.1,0.87
wick,0.38,0.0,0.0,False,atr2.0,trail8,False,608,-0.031,-19.1,38.0,0.94,413,-0.079,-32.7,37.5,0.86
wick,0.38,0.0,0.0,False,atr2.0,trail12,True,608,-0.051,-30.9,31.2,0.91,413,-0.019,-7.9,32.0,0.97
wick,0.38,0.0,0.0,False,atr2.0,trail12,False,608,-0.063,-38.2,32.7,0.89,413,-0.033,-13.6,33.4,0.94
wick,0.38,0.0,0.0,False,atr2.0,fixed1.0,True,608,-0.068,-41.5,49.7,0.87,413,-0.118,-48.6,46.0,0.79
wick,0.38,0.0,0.0,False,atr2.0,fixed1.0,False,608,-0.068,-41.5,49.7,0.87,413,-0.118,-48.6,46.0,0.79
wick,0.38,0.0,0.0,False,atr2.0,fixed1.5,True,608,-0.059,-36.0,33.7,0.89,413,-0.089,-36.6,32.7,0.84
wick,0.38,0.0,0.0,False,atr2.0,fixed1.5,False,608,-0.065,-39.4,40.1,0.9,413,-0.059,-24.2,39.2,0.91
wick,0.38,0.0,0.0,False,atr2.0,fixed2.0,True,608,-0.045,-27.6,26.0,0.92,413,-0.116,-48.1,23.2,0.8
wick,0.38,0.0,0.0,False,atr2.0,fixed2.0,False,608,-0.09,-54.8,32.7,0.87,413,-0.106,-43.6,31.0,0.85
wick,0.38,0.0,0.0,False,atr2.5,trail3,True,596,-0.036,-21.5,47.0,0.93,400,-0.095,-37.9,44.8,0.83
wick,0.38,0.0,0.0,False,atr2.5,trail3,False,596,-0.038,-22.5,47.1,0.93,400,-0.098,-39.0,44.8,0.82
wick,0.38,0.0,0.0,False,atr2.5,trail5,True,596,-0.047,-28.2,44.3,0.91,400,-0.097,-38.8,43.5,0.82
wick,0.38,0.0,0.0,False,atr2.5,trail5,False,596,-0.053,-31.7,44.5,0.9,400,-0.1,-39.8,43.8,0.82
wick,0.38,0.0,0.0,False,atr2.5,trail8,True,596,-0.037,-22.3,40.8,0.93,400,-0.113,-45.0,38.8,0.79
wick,0.38,0.0,0.0,False,atr2.5,trail8,False,596,-0.038,-22.8,41.8,0.93,400,-0.115,-46.0,40.0,0.79
wick,0.38,0.0,0.0,False,atr2.5,trail12,True,596,-0.055,-33.0,35.9,0.9,400,-0.073,-29.2,36.2,0.87
wick,0.38,0.0,0.0,False,atr2.5,trail12,False,596,-0.066,-39.6,37.1,0.88,400,-0.052,-20.6,38.0,0.91
wick,0.38,0.0,0.0,False,atr2.5,fixed1.0,True,596,-0.048,-28.5,50.2,0.91,400,-0.09,-36.0,47.0,0.84
wick,0.38,0.0,0.0,False,atr2.5,fixed1.0,False,596,-0.048,-28.5,50.2,0.91,400,-0.09,-36.0,47.0,0.84
wick,0.38,0.0,0.0,False,atr2.5,fixed1.5,True,596,-0.056,-33.2,33.1,0.9,400,-0.096,-38.5,31.0,0.83
wick,0.38,0.0,0.0,False,atr2.5,fixed1.5,False,596,-0.065,-38.6,39.8,0.9,400,-0.1,-40.0,37.0,0.85
wick,0.38,0.0,0.0,False,atr2.5,fixed2.0,True,596,-0.058,-34.7,25.0,0.89,400,-0.119,-47.7,22.2,0.78
wick,0.38,0.0,0.0,False,atr2.5,fixed2.0,False,596,-0.076,-45.3,33.1,0.89,400,-0.105,-42.1,31.0,0.85
wick,0.38,0.0,0.0,False,atr3.0,trail3,True,574,-0.016,-9.2,49.0,0.97,389,-0.067,-26.1,47.6,0.87
wick,0.38,0.0,0.0,False,atr3.0,trail3,False,574,-0.021,-11.9,49.1,0.96,389,-0.068,-26.3,47.6,0.87
wick,0.38,0.0,0.0,False,atr3.0,trail5,True,574,-0.034,-19.5,47.4,0.93,389,-0.043,-16.5,46.3,0.92
wick,0.38,0.0,0.0,False,atr3.0,trail5,False,574,-0.041,-23.3,47.4,0.92,389,-0.044,-17.1,46.3,0.92
wick,0.38,0.0,0.0,False,atr3.0,trail8,True,574,-0.02,-11.7,44.1,0.96,389,-0.05,-19.6,43.2,0.9
wick,0.38,0.0,0.0,False,atr3.0,trail8,False,574,-0.026,-14.7,44.6,0.95,389,-0.049,-19.0,44.0,0.91
wick,0.38,0.0,0.0,False,atr3.0,trail12,True,574,-0.032,-18.3,39.7,0.94,389,-0.026,-10.1,40.6,0.95
wick,0.38,0.0,0.0,False,atr3.0,trail12,False,574,-0.043,-24.9,40.6,0.92,389,-0.029,-11.1,41.4,0.95
wick,0.38,0.0,0.0,False,atr3.0,fixed1.0,True,574,-0.015,-8.8,51.4,0.97,389,-0.058,-22.6,48.1,0.89
wick,0.38,0.0,0.0,False,atr3.0,fixed1.0,False,574,-0.015,-8.8,51.4,0.97,389,-0.058,-22.6,48.1,0.89
wick,0.38,0.0,0.0,False,atr3.0,fixed1.5,True,574,-0.032,-18.6,33.6,0.94,389,-0.063,-24.5,31.6,0.88
wick,0.38,0.0,0.0,False,atr3.0,fixed1.5,False,574,-0.067,-38.5,39.4,0.89,389,-0.088,-34.2,37.3,0.86
wick,0.38,0.0,0.0,False,atr3.0,fixed2.0,True,574,-0.027,-15.6,26.1,0.95,389,-0.061,-23.7,24.4,0.89
wick,0.38,0.0,0.0,False,atr3.0,fixed2.0,False,574,-0.07,-40.0,33.3,0.9,389,-0.038,-14.7,33.4,0.94
wick,0.38,0.0,0.0,False,struct5,trail3,True,596,-0.046,-27.3,46.1,0.91,409,-0.087,-35.6,42.3,0.84
wick,0.38,0.0,0.0,False,struct5,trail3,False,596,-0.023,-13.9,46.8,0.96,409,-0.089,-36.5,42.5,0.84
wick,0.38,0.0,0.0,False,struct5,trail5,True,596,-0.053,-31.8,43.5,0.9,409,-0.063,-25.7,40.3,0.89
wick,0.38,0.0,0.0,False,struct5,trail5,False,596,-0.038,-22.5,44.3,0.93,409,-0.067,-27.4,41.3,0.88
wick,0.38,0.0,0.0,False,struct5,trail8,True,596,-0.05,-29.9,39.8,0.91,409,-0.094,-38.4,36.7,0.83
wick,0.38,0.0,0.0,False,struct5,trail8,False,596,-0.045,-26.7,41.1,0.92,409,-0.1,-40.7,38.4,0.83
wick,0.38,0.0,0.0,False,struct5,trail12,True,596,-0.072,-42.7,34.2,0.87,409,-0.077,-31.6,33.0,0.86
wick,0.38,0.0,0.0,False,struct5,trail12,False,596,-0.089,-52.9,35.4,0.84,409,-0.081,-33.1,34.7,0.86
wick,0.38,0.0,0.0,False,struct5,fixed1.0,True,596,-0.042,-25.1,51.0,0.92,409,-0.115,-46.9,46.2,0.79
wick,0.38,0.0,0.0,False,struct5,fixed1.0,False,596,-0.042,-25.1,51.0,0.92,409,-0.115,-46.9,46.2,0.79
wick,0.38,0.0,0.0,False,struct5,fixed1.5,True,596,-0.066,-39.6,33.1,0.87,409,-0.108,-44.3,31.8,0.81
wick,0.38,0.0,0.0,False,struct5,fixed1.5,False,596,-0.059,-35.1,40.8,0.91,409,-0.118,-48.2,36.9,0.82
wick,0.38,0.0,0.0,False,struct5,fixed2.0,True,596,-0.046,-27.3,26.8,0.91,409,-0.132,-54.1,23.2,0.77
wick,0.38,0.0,0.0,False,struct5,fixed2.0,False,596,-0.05,-29.9,35.1,0.93,409,-0.094,-38.5,31.8,0.87
wick,0.38,0.0,0.0,True,atr1.5,trail3,True,602,-0.051,-30.7,39.4,0.91,389,-0.107,-41.7,39.8,0.8
wick,0.38,0.0,0.0,True,atr1.5,trail3,False,602,-0.031,-18.4,40.9,0.95,389,-0.123,-48.0,40.4,0.78
wick,0.38,0.0,0.0,True,atr1.5,trail5,True,602,-0.049,-29.3,35.7,0.91,389,-0.1,-38.9,34.2,0.82
wick,0.38,0.0,0.0,True,atr1.5,trail5,False,602,-0.03,-17.8,37.4,0.95,389,-0.116,-45.0,36.0,0.8
wick,0.38,0.0,0.0,True,atr1.5,trail8,True,602,-0.04,-24.2,31.2,0.93,389,-0.105,-40.7,29.0,0.81
wick,0.38,0.0,0.0,True,atr1.5,trail8,False,602,-0.029,-17.5,33.1,0.95,389,-0.109,-42.4,32.6,0.82
wick,0.38,0.0,0.0,True,atr1.5,trail12,True,602,-0.033,-19.9,25.7,0.94,389,-0.09,-35.0,24.7,0.84
wick,0.38,0.0,0.0,True,atr1.5,trail12,False,602,-0.035,-21.0,27.9,0.95,389,-0.111,-43.0,28.3,0.82
wick,0.38,0.0,0.0,True,atr1.5,fixed1.0,True,602,-0.119,-71.6,47.8,0.79,389,-0.075,-29.4,48.8,0.86
wick,0.38,0.0,0.0,True,atr1.5,fixed1.0,False,602,-0.119,-71.6,47.8,0.79,389,-0.075,-29.4,48.8,0.86
wick,0.38,0.0,0.0,True,atr1.5,fixed1.5,True,602,-0.059,-35.7,35.9,0.9,389,-0.084,-32.7,31.9,0.85
wick,0.38,0.0,0.0,True,atr1.5,fixed1.5,False,602,-0.059,-35.3,40.7,0.91,389,-0.125,-48.8,37.0,0.81
wick,0.38,0.0,0.0,True,atr1.5,fixed2.0,True,602,-0.063,-37.7,26.7,0.89,389,-0.08,-31.3,24.2,0.85
wick,0.38,0.0,0.0,True,atr1.5,fixed2.0,False,602,-0.048,-28.7,34.4,0.93,389,-0.104,-40.6,31.6,0.86
wick,0.38,0.0,0.0,True,atr2.0,trail3,True,583,-0.023,-13.5,45.3,0.96,381,-0.118,-44.9,42.0,0.79
wick,0.38,0.0,0.0,True,atr2.0,trail3,False,583,-0.025,-14.7,45.8,0.95,381,-0.123,-46.9,42.3,0.78
wick,0.38,0.0,0.0,True,atr2.0,trail5,True,583,-0.032,-18.7,41.3,0.94,381,-0.084,-32.1,39.6,0.85
wick,0.38,0.0,0.0,True,atr2.0,trail5,False,583,-0.035,-20.2,42.0,0.94,381,-0.088,-33.4,40.7,0.85
wick,0.38,0.0,0.0,True,atr2.0,trail8,True,583,-0.035,-20.2,36.4,0.94,381,-0.1,-38.0,36.0,0.82
wick,0.38,0.0,0.0,True,atr2.0,trail8,False,583,-0.031,-18.1,37.9,0.95,381,-0.102,-39.0,37.5,0.82
wick,0.38,0.0,0.0,True,atr2.0,trail12,True,583,-0.042,-24.2,31.2,0.92,381,-0.051,-19.6,32.3,0.91
wick,0.38,0.0,0.0,True,atr2.0,trail12,False,583,-0.043,-25.2,33.1,0.93,381,-0.063,-24.2,33.9,0.89
wick,0.38,0.0,0.0,True,atr2.0,fixed1.0,True,583,-0.06,-34.7,50.1,0.89,381,-0.11,-42.1,46.5,0.8
wick,0.38,0.0,0.0,True,atr2.0,fixed1.0,False,583,-0.06,-34.7,50.1,0.89,381,-0.11,-42.1,46.5,0.8
wick,0.38,0.0,0.0,True,atr2.0,fixed1.5,True,583,-0.046,-26.7,34.3,0.92,381,-0.079,-29.9,33.1,0.86
wick,0.38,0.0,0.0,True,atr2.0,fixed1.5,False,583,-0.039,-22.7,41.0,0.94,381,-0.055,-21.0,39.4,0.91
wick,0.38,0.0,0.0,True,atr2.0,fixed2.0,True,583,-0.036,-20.8,26.2,0.93,381,-0.105,-40.0,23.6,0.81
wick,0.38,0.0,0.0,True,atr2.0,fixed2.0,False,583,-0.042,-24.6,34.1,0.94,381,-0.091,-34.5,31.5,0.87
wick,0.38,0.0,0.0,True,atr2.5,trail3,True,569,-0.022,-12.7,47.6,0.96,371,-0.131,-48.6,44.2,0.76
wick,0.38,0.0,0.0,True,atr2.5,trail3,False,569,-0.027,-15.3,47.6,0.95,371,-0.134,-49.7,44.2,0.76
wick,0.38,0.0,0.0,True,atr2.5,trail5,True,569,-0.035,-20.2,44.8,0.93,371,-0.138,-51.1,43.1,0.75
wick,0.38,0.0,0.0,True,atr2.5,trail5,False,569,-0.045,-25.5,44.8,0.92,371,-0.14,-51.8,43.4,0.75
wick,0.38,0.0,0.0,True,atr2.5,trail8,True,569,-0.029,-16.3,40.9,0.95,371,-0.151,-56.2,38.5,0.73
wick,0.38,0.0,0.0,True,atr2.5,trail8,False,569,-0.032,-18.4,41.8,0.94,371,-0.15,-55.6,39.9,0.73
wick,0.38,0.0,0.0,True,atr2.5,trail12,True,569,-0.042,-24.1,36.0,0.92,371,-0.12,-44.3,35.6,0.79
wick,0.38,0.0,0.0,True,atr2.5,trail12,False,569,-0.048,-27.5,37.4,0.91,371,-0.093,-34.4,37.5,0.84
wick,0.38,0.0,0.0,True,atr2.5,fixed1.0,True,569,-0.038,-21.5,50.6,0.93,371,-0.102,-38.0,46.4,0.81
wick,0.38,0.0,0.0,True,atr2.5,fixed1.0,False,569,-0.038,-21.5,50.6,0.93,371,-0.102,-38.0,46.4,0.81
wick,0.38,0.0,0.0,True,atr2.5,fixed1.5,True,569,-0.041,-23.6,33.6,0.92,371,-0.107,-39.6,30.7,0.81
wick,0.38,0.0,0.0,True,atr2.5,fixed1.5,False,569,-0.04,-22.5,40.6,0.94,371,-0.095,-35.1,37.2,0.85
wick,0.38,0.0,0.0,True,atr2.5,fixed2.0,True,569,-0.048,-27.5,25.1,0.91,371,-0.134,-49.8,21.8,0.76
wick,0.38,0.0,0.0,True,atr2.5,fixed2.0,False,569,-0.039,-22.2,34.1,0.94,371,-0.095,-35.3,31.3,0.87
wick,0.38,0.0,0.0,True,atr3.0,trail3,True,553,-0.011,-5.9,49.2,0.98,359,-0.094,-33.6,47.4,0.82
wick,0.38,0.0,0.0,True,atr3.0,trail3,False,553,-0.012,-6.4,49.5,0.98,359,-0.094,-33.8,47.4,0.82
wick,0.38,0.0,0.0,True,atr3.0,trail5,True,553,-0.029,-16.1,47.7,0.94,359,-0.072,-25.9,46.0,0.86
wick,0.38,0.0,0.0,True,atr3.0,trail5,False,553,-0.032,-17.6,47.9,0.94,359,-0.074,-26.5,46.0,0.86
wick,0.38,0.0,0.0,True,atr3.0,trail8,True,553,-0.016,-9.0,43.9,0.97,359,-0.077,-27.6,42.6,0.86
wick,0.38,0.0,0.0,True,atr3.0,trail8,False,553,-0.017,-9.6,44.7,0.97,359,-0.076,-27.1,43.5,0.86
wick,0.38,0.0,0.0,True,atr3.0,trail12,True,553,-0.027,-15.0,40.0,0.95,359,-0.058,-20.7,40.1,0.89
wick,0.38,0.0,0.0,True,atr3.0,trail12,False,553,-0.036,-20.0,40.9,0.93,359,-0.061,-21.7,40.9,0.89
wick,0.38,0.0,0.0,True,atr3.0,fixed1.0,True,553,-0.013,-7.0,51.4,0.97,359,-0.062,-22.1,47.9,0.88
wick,0.38,0.0,0.0,True,atr3.0,fixed1.0,False,553,-0.013,-7.0,51.4,0.97,359,-0.062,-22.1,47.9,0.88
wick,0.38,0.0,0.0,True,atr3.0,fixed1.5,True,553,-0.039,-21.4,32.9,0.92,359,-0.063,-22.6,31.8,0.88
wick,0.38,0.0,0.0,True,atr3.0,fixed1.5,False,553,-0.048,-26.3,40.0,0.92,359,-0.08,-28.8,37.6,0.87
wick,0.38,0.0,0.0,True,atr3.0,fixed2.0,True,553,-0.019,-10.6,26.2,0.96,359,-0.064,-23.0,24.2,0.88
wick,0.38,0.0,0.0,True,atr3.0,fixed2.0,False,553,-0.025,-14.0,34.5,0.96,359,-0.033,-11.9,33.4,0.95
wick,0.38,0.0,0.0,True,struct5,trail3,True,568,-0.024,-13.6,47.7,0.95,374,-0.128,-47.7,44.1,0.77
wick,0.38,0.0,0.0,True,struct5,trail3,False,568,-0.002,-1.0,48.2,1.0,374,-0.132,-49.2,44.1,0.76
wick,0.38,0.0,0.0,True,struct5,trail5,True,568,-0.035,-19.8,45.2,0.93,374,-0.117,-43.7,41.7,0.79
wick,0.38,0.0,0.0,True,struct5,trail5,False,568,-0.018,-10.2,46.0,0.97,374,-0.121,-45.4,42.5,0.78
wick,0.38,0.0,0.0,True,struct5,trail8,True,568,-0.035,-19.7,41.2,0.93,374,-0.144,-53.8,37.7,0.74
wick,0.38,0.0,0.0,True,struct5,trail8,False,568,-0.029,-16.4,42.3,0.95,374,-0.15,-56.2,39.3,0.74
wick,0.38,0.0,0.0,True,struct5,trail12,True,568,-0.054,-30.8,35.6,0.9,374,-0.139,-52.2,33.7,0.75
wick,0.38,0.0,0.0,True,struct5,trail12,False,568,-0.067,-38.2,36.8,0.88,374,-0.143,-53.6,35.6,0.75
wick,0.38,0.0,0.0,True,struct5,fixed1.0,True,568,-0.025,-14.4,51.8,0.95,374,-0.096,-36.0,47.1,0.82
wick,0.38,0.0,0.0,True,struct5,fixed1.0,False,568,-0.025,-14.4,51.8,0.95,374,-0.096,-36.0,47.1,0.82
wick,0.38,0.0,0.0,True,struct5,fixed1.5,True,568,-0.042,-23.9,34.2,0.92,374,-0.085,-31.8,32.6,0.85
wick,0.38,0.0,0.0,True,struct5,fixed1.5,False,568,-0.047,-26.6,41.2,0.92,374,-0.087,-32.5,38.0,0.86
wick,0.38,0.0,0.0,True,struct5,fixed2.0,True,568,-0.035,-19.6,27.1,0.93,374,-0.131,-49.2,22.7,0.76
wick,0.38,0.0,0.0,True,struct5,fixed2.0,False,568,-0.046,-25.9,35.2,0.93,374,-0.081,-30.3,32.1,0.88
wick,0.38,0.0,0.25,False,atr1.5,trail3,True,628,-0.068,-42.6,38.5,0.88,421,-0.093,-39.0,38.5,0.83
wick,0.38,0.0,0.25,False,atr1.5,trail3,False,628,-0.049,-30.6,40.0,0.92,421,-0.106,-44.8,39.0,0.81
wick,0.38,0.0,0.25,False,atr1.5,trail5,True,628,-0.057,-35.5,34.7,0.9,421,-0.069,-29.2,33.3,0.88
wick,0.38,0.0,0.25,False,atr1.5,trail5,False,628,-0.038,-23.9,36.5,0.94,421,-0.085,-36.0,35.2,0.85
wick,0.38,0.0,0.25,False,atr1.5,trail8,True,628,-0.046,-28.6,30.9,0.92,421,-0.078,-32.9,28.5,0.86
wick,0.38,0.0,0.25,False,atr1.5,trail8,False,628,-0.03,-18.7,33.0,0.95,421,-0.084,-35.2,32.1,0.86
wick,0.38,0.0,0.25,False,atr1.5,trail12,True,628,-0.048,-30.1,25.5,0.92,421,-0.05,-21.2,24.7,0.91
wick,0.38,0.0,0.25,False,atr1.5,trail12,False,628,-0.056,-35.0,27.5,0.91,421,-0.075,-31.6,27.8,0.88
wick,0.38,0.0,0.25,False,atr1.5,fixed1.0,True,628,-0.127,-80.0,47.5,0.78,421,-0.092,-38.8,48.0,0.83
wick,0.38,0.0,0.25,False,atr1.5,fixed1.0,False,628,-0.127,-80.0,47.5,0.78,421,-0.092,-38.8,48.0,0.83
wick,0.38,0.0,0.25,False,atr1.5,fixed1.5,True,628,-0.077,-48.1,35.0,0.87,421,-0.107,-45.1,30.9,0.81
wick,0.38,0.0,0.25,False,atr1.5,fixed1.5,False,628,-0.066,-41.2,40.4,0.9,421,-0.142,-59.7,36.3,0.79
wick,0.38,0.0,0.25,False,atr1.5,fixed2.0,True,628,-0.086,-54.0,25.8,0.85,421,-0.092,-38.7,24.0,0.84
wick,0.38,0.0,0.25,False,atr1.5,fixed2.0,False,628,-0.072,-45.3,33.8,0.9,421,-0.112,-47.0,31.4,0.85
wick,0.38,0.0,0.25,False,atr2.0,trail3,True,608,-0.035,-21.1,44.6,0.94,412,-0.092,-38.1,42.0,0.84
wick,0.38,0.0,0.25,False,atr2.0,trail3,False,608,-0.037,-22.6,45.1,0.93,412,-0.098,-40.4,42.0,0.83
wick,0.38,0.0,0.25,False,atr2.0,trail5,True,608,-0.037,-22.4,40.6,0.93,412,-0.054,-22.2,39.8,0.9
wick,0.38,0.0,0.25,False,atr2.0,trail5,False,608,-0.04,-24.5,41.3,0.93,412,-0.058,-23.8,40.8,0.9
wick,0.38,0.0,0.25,False,atr2.0,trail8,True,608,-0.035,-21.1,36.5,0.94,412,-0.073,-30.2,36.2,0.87
wick,0.38,0.0,0.25,False,atr2.0,trail8,False,608,-0.031,-19.1,38.0,0.94,412,-0.077,-31.7,37.6,0.87
wick,0.38,0.0,0.25,False,atr2.0,trail12,True,608,-0.051,-30.9,31.2,0.91,412,-0.017,-6.8,32.0,0.97
wick,0.38,0.0,0.25,False,atr2.0,trail12,False,608,-0.063,-38.2,32.7,0.89,412,-0.03,-12.5,33.5,0.95
wick,0.38,0.0,0.25,False,atr2.0,fixed1.0,True,608,-0.068,-41.5,49.7,0.87,412,-0.115,-47.6,46.1,0.79
wick,0.38,0.0,0.25,False,atr2.0,fixed1.0,False,608,-0.068,-41.5,49.7,0.87,412,-0.115,-47.6,46.1,0.79
wick,0.38,0.0,0.25,False,atr2.0,fixed1.5,True,608,-0.059,-36.0,33.7,0.89,412,-0.086,-35.6,32.8,0.85
wick,0.38,0.0,0.25,False,atr2.0,fixed1.5,False,608,-0.065,-39.4,40.1,0.9,412,-0.056,-23.2,39.3,0.91
wick,0.38,0.0,0.25,False,atr2.0,fixed2.0,True,608,-0.045,-27.6,26.0,0.92,412,-0.114,-47.1,23.3,0.8
wick,0.38,0.0,0.25,False,atr2.0,fixed2.0,False,608,-0.09,-54.8,32.7,0.87,412,-0.103,-42.6,31.1,0.86
wick,0.38,0.0,0.25,False,atr2.5,trail3,True,596,-0.036,-21.5,47.0,0.93,399,-0.093,-36.9,44.9,0.83
wick,0.38,0.0,0.25,False,atr2.5,trail3,False,596,-0.038,-22.5,47.1,0.93,399,-0.095,-38.0,44.9,0.83
wick,0.38,0.0,0.25,False,atr2.5,trail5,True,596,-0.047,-28.2,44.3,0.91,399,-0.095,-37.8,43.6,0.83
wick,0.38,0.0,0.25,False,atr2.5,trail5,False,596,-0.053,-31.7,44.5,0.9,399,-0.097,-38.8,43.9,0.82
wick,0.38,0.0,0.25,False,atr2.5,trail8,True,596,-0.037,-22.3,40.8,0.93,399,-0.11,-44.0,38.8,0.8
wick,0.38,0.0,0.25,False,atr2.5,trail8,False,596,-0.038,-22.8,41.8,0.93,399,-0.113,-45.0,40.1,0.8
wick,0.38,0.0,0.25,False,atr2.5,trail12,True,596,-0.055,-33.0,35.9,0.9,399,-0.071,-28.2,36.3,0.87
wick,0.38,0.0,0.25,False,atr2.5,trail12,False,596,-0.066,-39.6,37.1,0.88,399,-0.049,-19.6,38.1,0.91
wick,0.38,0.0,0.25,False,atr2.5,fixed1.0,True,596,-0.048,-28.5,50.2,0.91,399,-0.088,-35.0,47.1,0.84
wick,0.38,0.0,0.25,False,atr2.5,fixed1.0,False,596,-0.048,-28.5,50.2,0.91,399,-0.088,-35.0,47.1,0.84
wick,0.38,0.0,0.25,False,atr2.5,fixed1.5,True,596,-0.056,-33.2,33.1,0.9,399,-0.094,-37.5,31.1,0.83
wick,0.38,0.0,0.25,False,atr2.5,fixed1.5,False,596,-0.065,-38.6,39.8,0.9,399,-0.098,-39.0,37.1,0.85
wick,0.38,0.0,0.25,False,atr2.5,fixed2.0,True,596,-0.058,-34.7,25.0,0.89,399,-0.117,-46.7,22.3,0.79
wick,0.38,0.0,0.25,False,atr2.5,fixed2.0,False,596,-0.076,-45.3,33.1,0.89,399,-0.103,-41.1,31.1,0.85
wick,0.38,0.0,0.25,False,atr3.0,trail3,True,574,-0.016,-9.2,49.0,0.97,388,-0.069,-26.8,47.4,0.87
wick,0.38,0.0,0.25,False,atr3.0,trail3,False,574,-0.021,-11.9,49.1,0.96,388,-0.07,-27.0,47.4,0.87
wick,0.38,0.0,0.25,False,atr3.0,trail5,True,574,-0.034,-19.5,47.4,0.93,388,-0.044,-17.2,46.1,0.92
wick,0.38,0.0,0.25,False,atr3.0,trail5,False,574,-0.041,-23.3,47.4,0.92,388,-0.046,-17.7,46.1,0.91
wick,0.38,0.0,0.25,False,atr3.0,trail8,True,574,-0.02,-11.7,44.1,0.96,388,-0.052,-20.3,43.0,0.9
wick,0.38,0.0,0.25,False,atr3.0,trail8,False,574,-0.026,-14.7,44.6,0.95,388,-0.051,-19.8,43.8,0.9
wick,0.38,0.0,0.25,False,atr3.0,trail12,True,574,-0.032,-18.3,39.7,0.94,388,-0.028,-11.1,40.5,0.95
wick,0.38,0.0,0.25,False,atr3.0,trail12,False,574,-0.043,-24.9,40.6,0.92,388,-0.031,-12.1,41.2,0.94
wick,0.38,0.0,0.25,False,atr3.0,fixed1.0,True,574,-0.015,-8.8,51.4,0.97,388,-0.061,-23.5,47.9,0.89
wick,0.38,0.0,0.25,False,atr3.0,fixed1.0,False,574,-0.015,-8.8,51.4,0.97,388,-0.061,-23.5,47.9,0.89
wick,0.38,0.0,0.25,False,atr3.0,fixed1.5,True,574,-0.032,-18.6,33.6,0.94,388,-0.067,-26.0,31.4,0.87
wick,0.38,0.0,0.25,False,atr3.0,fixed1.5,False,574,-0.067,-38.5,39.4,0.89,388,-0.092,-35.7,37.1,0.86
wick,0.38,0.0,0.25,False,atr3.0,fixed2.0,True,574,-0.027,-15.6,26.1,0.95,388,-0.064,-24.8,24.2,0.88
wick,0.38,0.0,0.25,False,atr3.0,fixed2.0,False,574,-0.07,-40.0,33.3,0.9,388,-0.041,-15.8,33.2,0.94
wick,0.38,0.0,0.25,False,struct5,trail3,True,596,-0.046,-27.3,46.1,0.91,408,-0.089,-36.2,42.2,0.84
wick,0.38,0.0,0.25,False,struct5,trail3,False,596,-0.023,-13.9,46.8,0.96,408,-0.091,-37.0,42.4,0.84
wick,0.38,0.0,0.25,False,struct5,trail5,True,596,-0.053,-31.8,43.5,0.9,408,-0.064,-26.2,40.2,0.89
wick,0.38,0.0,0.25,False,struct5,trail5,False,596,-0.038,-22.5,44.3,0.93,408,-0.068,-27.8,41.2,0.88
wick,0.38,0.0,0.25,False,struct5,trail8,True,596,-0.05,-29.9,39.8,0.91,408,-0.095,-38.9,36.5,0.83
wick,0.38,0.0,0.25,False,struct5,trail8,False,596,-0.045,-26.7,41.1,0.92,408,-0.101,-41.3,38.2,0.83
wick,0.38,0.0,0.25,False,struct5,trail12,True,596,-0.072,-42.7,34.2,0.87,408,-0.079,-32.2,32.8,0.86
wick,0.38,0.0,0.25,False,struct5,trail12,False,596,-0.089,-52.9,35.4,0.84,408,-0.083,-33.8,34.6,0.86
wick,0.38,0.0,0.25,False,struct5,fixed1.0,True,596,-0.042,-25.1,51.0,0.92,408,-0.117,-47.8,46.1,0.79
wick,0.38,0.0,0.25,False,struct5,fixed1.0,False,596,-0.042,-25.1,51.0,0.92,408,-0.117,-47.8,46.1,0.79
wick,0.38,0.0,0.25,False,struct5,fixed1.5,True,596,-0.066,-39.6,33.1,0.87,408,-0.11,-45.0,31.6,0.8
wick,0.38,0.0,0.25,False,struct5,fixed1.5,False,596,-0.059,-35.1,40.8,0.91,408,-0.12,-49.0,36.8,0.82
wick,0.38,0.0,0.25,False,struct5,fixed2.0,True,596,-0.046,-27.3,26.8,0.91,408,-0.135,-54.9,23.0,0.76
wick,0.38,0.0,0.25,False,struct5,fixed2.0,False,596,-0.05,-29.9,35.1,0.93,408,-0.096,-39.2,31.6,0.86
wick,0.38,0.0,0.25,True,atr1.5,trail3,True,602,-0.051,-30.7,39.4,0.91,388,-0.105,-40.7,39.9,0.81
wick,0.38,0.0,0.25,True,atr1.5,trail3,False,602,-0.031,-18.4,40.9,0.95,388,-0.121,-47.0,40.5,0.78
wick,0.38,0.0,0.25,True,atr1.5,trail5,True,602,-0.049,-29.3,35.7,0.91,388,-0.098,-37.9,34.3,0.82
wick,0.38,0.0,0.25,True,atr1.5,trail5,False,602,-0.03,-17.8,37.4,0.95,388,-0.113,-44.0,36.1,0.8
wick,0.38,0.0,0.25,True,atr1.5,trail8,True,602,-0.04,-24.2,31.2,0.93,388,-0.102,-39.6,29.1,0.81
wick,0.38,0.0,0.25,True,atr1.5,trail8,False,602,-0.029,-17.5,33.1,0.95,388,-0.107,-41.4,32.7,0.82
wick,0.38,0.0,0.25,True,atr1.5,trail12,True,602,-0.033,-19.9,25.7,0.94,388,-0.088,-34.0,24.7,0.84
wick,0.38,0.0,0.25,True,atr1.5,trail12,False,602,-0.035,-21.0,27.9,0.95,388,-0.108,-42.0,28.4,0.82
wick,0.38,0.0,0.25,True,atr1.5,fixed1.0,True,602,-0.119,-71.6,47.8,0.79,388,-0.073,-28.3,49.0,0.86
wick,0.38,0.0,0.25,True,atr1.5,fixed1.0,False,602,-0.119,-71.6,47.8,0.79,388,-0.073,-28.3,49.0,0.86
wick,0.38,0.0,0.25,True,atr1.5,fixed1.5,True,602,-0.059,-35.7,35.9,0.9,388,-0.082,-31.6,32.0,0.85
wick,0.38,0.0,0.25,True,atr1.5,fixed1.5,False,602,-0.059,-35.3,40.7,0.91,388,-0.123,-47.7,37.1,0.81
wick,0.38,0.0,0.25,True,atr1.5,fixed2.0,True,602,-0.063,-37.7,26.7,0.89,388,-0.078,-30.3,24.2,0.86
wick,0.38,0.0,0.25,True,atr1.5,fixed2.0,False,602,-0.048,-28.7,34.4,0.93,388,-0.102,-39.6,31.7,0.86
wick,0.38,0.0,0.25,True,atr2.0,trail3,True,583,-0.023,-13.5,45.3,0.96,380,-0.116,-43.9,42.1,0.79
wick,0.38,0.0,0.25,True,atr2.0,trail3,False,583,-0.025,-14.7,45.8,0.95,380,-0.121,-45.9,42.4,0.79
wick,0.38,0.0,0.25,True,atr2.0,trail5,True,583,-0.032,-18.7,41.3,0.94,380,-0.082,-31.1,39.7,0.85
wick,0.38,0.0,0.25,True,atr2.0,trail5,False,583,-0.035,-20.2,42.0,0.94,380,-0.085,-32.4,40.8,0.85
wick,0.38,0.0,0.25,True,atr2.0,trail8,True,583,-0.035,-20.2,36.4,0.94,380,-0.097,-37.0,36.1,0.83
wick,0.38,0.0,0.25,True,atr2.0,trail8,False,583,-0.031,-18.1,37.9,0.95,380,-0.1,-38.0,37.6,0.83
wick,0.38,0.0,0.25,True,atr2.0,trail12,True,583,-0.042,-24.2,31.2,0.92,380,-0.049,-18.5,32.4,0.91
wick,0.38,0.0,0.25,True,atr2.0,trail12,False,583,-0.043,-25.2,33.1,0.93,380,-0.061,-23.2,33.9,0.9
wick,0.38,0.0,0.25,True,atr2.0,fixed1.0,True,583,-0.06,-34.7,50.1,0.89,380,-0.108,-41.1,46.6,0.81
wick,0.38,0.0,0.25,True,atr2.0,fixed1.0,False,583,-0.06,-34.7,50.1,0.89,380,-0.108,-41.1,46.6,0.81
wick,0.38,0.0,0.25,True,atr2.0,fixed1.5,True,583,-0.046,-26.7,34.3,0.92,380,-0.076,-28.9,33.2,0.86
wick,0.38,0.0,0.25,True,atr2.0,fixed1.5,False,583,-0.039,-22.7,41.0,0.94,380,-0.053,-20.0,39.5,0.92
wick,0.38,0.0,0.25,True,atr2.0,fixed2.0,True,583,-0.036,-20.8,26.2,0.93,380,-0.103,-39.0,23.7,0.82
wick,0.38,0.0,0.25,True,atr2.0,fixed2.0,False,583,-0.042,-24.6,34.1,0.94,380,-0.088,-33.5,31.6,0.88
wick,0.38,0.0,0.25,True,atr2.5,trail3,True,569,-0.022,-12.7,47.6,0.96,370,-0.129,-47.6,44.3,0.77
wick,0.38,0.0,0.25,True,atr2.5,trail3,False,569,-0.027,-15.3,47.6,0.95,370,-0.132,-48.7,44.3,0.76
wick,0.38,0.0,0.25,True,atr2.5,trail5,True,569,-0.035,-20.2,44.8,0.93,370,-0.135,-50.1,43.2,0.76
wick,0.38,0.0,0.25,True,atr2.5,trail5,False,569,-0.045,-25.5,44.8,0.92,370,-0.137,-50.8,43.5,0.75
wick,0.38,0.0,0.25,True,atr2.5,trail8,True,569,-0.029,-16.3,40.9,0.95,370,-0.149,-55.1,38.6,0.73
wick,0.38,0.0,0.25,True,atr2.5,trail8,False,569,-0.032,-18.4,41.8,0.94,370,-0.148,-54.6,40.0,0.74
wick,0.38,0.0,0.25,True,atr2.5,trail12,True,569,-0.042,-24.1,36.0,0.92,370,-0.117,-43.3,35.7,0.79
wick,0.38,0.0,0.25,True,atr2.5,trail12,False,569,-0.048,-27.5,37.4,0.91,370,-0.09,-33.4,37.6,0.84
wick,0.38,0.0,0.25,True,atr2.5,fixed1.0,True,569,-0.038,-21.5,50.6,0.93,370,-0.1,-37.0,46.5,0.82
wick,0.38,0.0,0.25,True,atr2.5,fixed1.0,False,569,-0.038,-21.5,50.6,0.93,370,-0.1,-37.0,46.5,0.82
wick,0.38,0.0,0.25,True,atr2.5,fixed1.5,True,569,-0.041,-23.6,33.6,0.92,370,-0.104,-38.5,30.8,0.81
wick,0.38,0.0,0.25,True,atr2.5,fixed1.5,False,569,-0.04,-22.5,40.6,0.94,370,-0.092,-34.1,37.3,0.86
wick,0.38,0.0,0.25,True,atr2.5,fixed2.0,True,569,-0.048,-27.5,25.1,0.91,370,-0.132,-48.8,21.9,0.76
wick,0.38,0.0,0.25,True,atr2.5,fixed2.0,False,569,-0.039,-22.2,34.1,0.94,370,-0.093,-34.3,31.4,0.87
wick,0.38,0.0,0.25,True,atr3.0,trail3,True,553,-0.011,-5.9,49.2,0.98,358,-0.096,-34.3,47.2,0.82
wick,0.38,0.0,0.25,True,atr3.0,trail3,False,553,-0.012,-6.4,49.5,0.98,358,-0.096,-34.5,47.2,0.82
wick,0.38,0.0,0.25,True,atr3.0,trail5,True,553,-0.029,-16.1,47.7,0.94,358,-0.074,-26.5,45.8,0.86
wick,0.38,0.0,0.25,True,atr3.0,trail5,False,553,-0.032,-17.6,47.9,0.94,358,-0.076,-27.1,45.8,0.86
wick,0.38,0.0,0.25,True,atr3.0,trail8,True,553,-0.016,-9.0,43.9,0.97,358,-0.079,-28.4,42.5,0.85
wick,0.38,0.0,0.25,True,atr3.0,trail8,False,553,-0.017,-9.6,44.7,0.97,358,-0.078,-27.9,43.3,0.85
wick,0.38,0.0,0.25,True,atr3.0,trail12,True,553,-0.027,-15.0,40.0,0.95,358,-0.06,-21.6,39.9,0.89
wick,0.38,0.0,0.25,True,atr3.0,trail12,False,553,-0.036,-20.0,40.9,0.93,358,-0.063,-22.7,40.8,0.88
wick,0.38,0.0,0.25,True,atr3.0,fixed1.0,True,553,-0.013,-7.0,51.4,0.97,358,-0.065,-23.1,47.8,0.88
wick,0.38,0.0,0.25,True,atr3.0,fixed1.0,False,553,-0.013,-7.0,51.4,0.97,358,-0.065,-23.1,47.8,0.88
wick,0.38,0.0,0.25,True,atr3.0,fixed1.5,True,553,-0.039,-21.4,32.9,0.92,358,-0.067,-24.1,31.6,0.87
wick,0.38,0.0,0.25,True,atr3.0,fixed1.5,False,553,-0.048,-26.3,40.0,0.92,358,-0.084,-30.2,37.4,0.87
wick,0.38,0.0,0.25,True,atr3.0,fixed2.0,True,553,-0.019,-10.6,26.2,0.96,358,-0.067,-24.1,24.0,0.87
wick,0.38,0.0,0.25,True,atr3.0,fixed2.0,False,553,-0.025,-14.0,34.5,0.96,358,-0.036,-13.0,33.2,0.95
wick,0.38,0.0,0.25,True,struct5,trail3,True,568,-0.024,-13.6,47.7,0.95,373,-0.129,-48.2,44.0,0.76
wick,0.38,0.0,0.25,True,struct5,trail3,False,568,-0.002,-1.0,48.2,1.0,373,-0.133,-49.7,44.0,0.76
wick,0.38,0.0,0.25,True,struct5,trail5,True,568,-0.035,-19.8,45.2,0.93,373,-0.118,-44.1,41.6,0.78
wick,0.38,0.0,0.25,True,struct5,trail5,False,568,-0.018,-10.2,46.0,0.97,373,-0.123,-45.8,42.4,0.78
wick,0.38,0.0,0.25,True,struct5,trail8,True,568,-0.035,-19.7,41.2,0.93,373,-0.146,-54.3,37.5,0.74
wick,0.38,0.0,0.25,True,struct5,trail8,False,568,-0.029,-16.4,42.3,0.95,373,-0.152,-56.8,39.1,0.73
wick,0.38,0.0,0.25,True,struct5,trail12,True,568,-0.054,-30.8,35.6,0.9,373,-0.142,-52.8,33.5,0.74
wick,0.38,0.0,0.25,True,struct5,trail12,False,568,-0.067,-38.2,36.8,0.88,373,-0.145,-54.2,35.4,0.75
wick,0.38,0.0,0.25,True,struct5,fixed1.0,True,568,-0.025,-14.4,51.8,0.95,373,-0.099,-37.0,46.9,0.82
wick,0.38,0.0,0.25,True,struct5,fixed1.0,False,568,-0.025,-14.4,51.8,0.95,373,-0.099,-37.0,46.9,0.82
wick,0.38,0.0,0.25,True,struct5,fixed1.5,True,568,-0.042,-23.9,34.2,0.92,373,-0.087,-32.6,32.4,0.84
wick,0.38,0.0,0.25,True,struct5,fixed1.5,False,568,-0.047,-26.6,41.2,0.92,373,-0.089,-33.3,37.8,0.86
wick,0.38,0.0,0.25,True,struct5,fixed2.0,True,568,-0.035,-19.6,27.1,0.93,373,-0.134,-50.0,22.5,0.76
wick,0.38,0.0,0.25,True,struct5,fixed2.0,False,568,-0.046,-25.9,35.2,0.93,373,-0.083,-31.1,31.9,0.88
wick,0.38,0.0,0.5,False,atr1.5,trail3,True,622,-0.052,-32.3,39.1,0.91,420,-0.092,-38.7,38.6,0.83
wick,0.38,0.0,0.5,False,atr1.5,trail3,False,622,-0.033,-20.4,40.5,0.94,420,-0.106,-44.5,39.0,0.81
wick,0.38,0.0,0.5,False,atr1.5,trail5,True,622,-0.041,-25.7,35.2,0.93,420,-0.068,-28.6,33.1,0.88
wick,0.38,0.0,0.5,False,atr1.5,trail5,False,622,-0.023,-14.2,37.0,0.96,420,-0.085,-35.8,35.0,0.85
wick,0.38,0.0,0.5,False,atr1.5,trail8,True,622,-0.031,-19.6,31.2,0.95,420,-0.076,-31.9,28.6,0.86
wick,0.38,0.0,0.5,False,atr1.5,trail8,False,622,-0.016,-10.0,33.3,0.97,420,-0.083,-35.0,32.1,0.86
wick,0.38,0.0,0.5,False,atr1.5,trail12,True,622,-0.032,-19.7,25.7,0.95,420,-0.048,-20.1,24.8,0.91
wick,0.38,0.0,0.5,False,atr1.5,trail12,False,622,-0.04,-25.0,27.8,0.94,420,-0.074,-31.2,27.9,0.88
wick,0.38,0.0,0.5,False,atr1.5,fixed1.0,True,622,-0.115,-71.6,48.1,0.79,420,-0.09,-37.7,48.1,0.84
wick,0.38,0.0,0.5,False,atr1.5,fixed1.0,False,622,-0.115,-71.6,48.1,0.79,420,-0.09,-37.7,48.1,0.84
wick,0.38,0.0,0.5,False,atr1.5,fixed1.5,True,622,-0.065,-40.7,35.4,0.89,420,-0.108,-45.6,30.7,0.8
wick,0.38,0.0,0.5,False,atr1.5,fixed1.5,False,622,-0.05,-31.2,41.2,0.92,420,-0.146,-61.2,36.2,0.78
wick,0.38,0.0,0.5,False,atr1.5,fixed2.0,True,622,-0.069,-42.7,26.4,0.88,420,-0.09,-37.7,24.0,0.84
wick,0.38,0.0,0.5,False,atr1.5,fixed2.0,False,622,-0.048,-30.1,34.6,0.93,420,-0.109,-46.0,31.4,0.85
wick,0.38,0.0,0.5,False,atr2.0,trail3,True,602,-0.02,-11.8,45.2,0.96,412,-0.096,-39.8,41.7,0.83
wick,0.38,0.0,0.5,False,atr2.0,trail3,False,602,-0.022,-13.3,45.7,0.96,412,-0.102,-42.1,41.7,0.82
wick,0.38,0.0,0.5,False,atr2.0,trail5,True,602,-0.022,-13.3,41.2,0.96,412,-0.057,-23.6,39.6,0.9
wick,0.38,0.0,0.5,False,atr2.0,trail5,False,602,-0.025,-15.3,41.9,0.95,412,-0.061,-25.1,40.5,0.89
wick,0.38,0.0,0.5,False,atr2.0,trail8,True,602,-0.02,-12.1,37.0,0.96,412,-0.076,-31.2,36.2,0.87
wick,0.38,0.0,0.5,False,atr2.0,trail8,False,602,-0.017,-10.1,38.5,0.97,412,-0.079,-32.8,37.6,0.86
wick,0.38,0.0,0.5,False,atr2.0,trail12,True,602,-0.035,-21.1,31.7,0.94,412,-0.019,-7.8,32.0,0.97
wick,0.38,0.0,0.5,False,atr2.0,trail12,False,602,-0.047,-28.4,33.2,0.92,412,-0.033,-13.4,33.5,0.95
wick,0.38,0.0,0.5,False,atr2.0,fixed1.0,True,602,-0.055,-33.2,50.3,0.9,412,-0.12,-49.6,45.9,0.79
wick,0.38,0.0,0.5,False,atr2.0,fixed1.0,False,602,-0.055,-33.2,50.3,0.9,412,-0.12,-49.6,45.9,0.79
wick,0.38,0.0,0.5,False,atr2.0,fixed1.5,True,602,-0.045,-27.2,34.2,0.92,412,-0.089,-36.6,32.8,0.84
wick,0.38,0.0,0.5,False,atr2.0,fixed1.5,False,602,-0.047,-28.2,40.9,0.93,412,-0.056,-23.2,39.3,0.91
wick,0.38,0.0,0.5,False,atr2.0,fixed2.0,True,602,-0.03,-18.3,26.4,0.94,412,-0.117,-48.1,23.3,0.8
wick,0.38,0.0,0.5,False,atr2.0,fixed2.0,False,602,-0.071,-42.7,33.4,0.9,412,-0.103,-42.6,31.1,0.86
wick,0.38,0.0,0.5,False,atr2.5,trail3,True,590,-0.022,-12.8,47.6,0.96,398,-0.097,-38.5,44.5,0.82
wick,0.38,0.0,0.5,False,atr2.5,trail3,False,590,-0.023,-13.7,47.8,0.96,398,-0.1,-39.6,44.5,0.82
wick,0.38,0.0,0.5,False,atr2.5,trail5,True,590,-0.033,-19.4,44.9,0.94,398,-0.098,-39.1,43.2,0.82
wick,0.38,0.0,0.5,False,atr2.5,trail5,False,590,-0.039,-22.9,45.1,0.93,398,-0.101,-40.2,43.5,0.82
wick,0.38,0.0,0.5,False,atr2.5,trail8,True,590,-0.023,-13.4,41.4,0.96,398,-0.113,-45.0,38.9,0.8
wick,0.38,0.0,0.5,False,atr2.5,trail8,False,590,-0.024,-14.0,42.4,0.96,398,-0.115,-45.9,40.2,0.79
wick,0.38,0.0,0.5,False,atr2.5,trail12,True,590,-0.04,-23.4,36.4,0.92,398,-0.073,-29.1,36.4,0.87
wick,0.38,0.0,0.5,False,atr2.5,trail12,False,590,-0.051,-30.0,37.6,0.91,398,-0.051,-20.4,38.2,0.91
wick,0.38,0.0,0.5,False,atr2.5,fixed1.0,True,590,-0.036,-21.2,50.8,0.93,398,-0.095,-37.9,46.7,0.83
wick,0.38,0.0,0.5,False,atr2.5,fixed1.0,False,590,-0.036,-21.2,50.8,0.93,398,-0.095,-37.9,46.7,0.83
wick,0.38,0.0,0.5,False,atr2.5,fixed1.5,True,590,-0.041,-24.4,33.7,0.92,398,-0.097,-38.5,31.2,0.83
wick,0.38,0.0,0.5,False,atr2.5,fixed1.5,False,590,-0.047,-27.5,40.5,0.93,398,-0.095,-37.9,37.2,0.85
wick,0.38,0.0,0.5,False,atr2.5,fixed2.0,True,590,-0.043,-25.3,25.6,0.92,398,-0.12,-47.7,22.4,0.78
wick,0.38,0.0,0.5,False,atr2.5,fixed2.0,False,590,-0.056,-33.1,33.7,0.92,398,-0.101,-40.0,31.2,0.86
wick,0.38,0.0,0.5,False,atr3.0,trail3,True,569,-0.003,-1.5,49.6,0.99,386,-0.065,-25.0,47.7,0.88
wick,0.38,0.0,0.5,False,atr3.0,trail3,False,569,-0.007,-4.2,49.7,0.99,386,-0.065,-25.2,47.7,0.88
wick,0.38,0.0,0.5,False,atr3.0,trail5,True,569,-0.02,-11.6,48.0,0.96,386,-0.04,-15.3,46.4,0.92
wick,0.38,0.0,0.5,False,atr3.0,trail5,False,569,-0.027,-15.3,48.0,0.95,386,-0.041,-15.9,46.4,0.92
wick,0.38,0.0,0.5,False,atr3.0,trail8,True,569,-0.007,-3.7,44.6,0.99,386,-0.047,-18.3,43.3,0.91
wick,0.38,0.0,0.5,False,atr3.0,trail8,False,569,-0.012,-6.6,45.2,0.98,386,-0.047,-18.0,44.0,0.91
wick,0.38,0.0,0.5,False,atr3.0,trail12,True,569,-0.016,-9.2,40.2,0.97,386,-0.023,-9.0,40.7,0.96
wick,0.38,0.0,0.5,False,atr3.0,trail12,False,569,-0.027,-15.6,41.1,0.95,386,-0.027,-10.3,41.5,0.95
wick,0.38,0.0,0.5,False,atr3.0,fixed1.0,True,569,-0.003,-1.7,52.0,0.99,386,-0.056,-21.5,48.2,0.89
wick,0.38,0.0,0.5,False,atr3.0,fixed1.0,False,569,-0.003,-1.7,52.0,0.99,386,-0.056,-21.5,48.2,0.89
wick,0.38,0.0,0.5,False,atr3.0,fixed1.5,True,569,-0.022,-12.5,33.9,0.96,386,-0.062,-23.9,31.6,0.88
wick,0.38,0.0,0.5,False,atr3.0,fixed1.5,False,569,-0.05,-28.6,40.1,0.92,386,-0.087,-33.6,37.3,0.86
wick,0.38,0.0,0.5,False,atr3.0,fixed2.0,True,569,-0.017,-9.5,26.4,0.97,386,-0.059,-22.7,24.4,0.89
wick,0.38,0.0,0.5,False,atr3.0,fixed2.0,False,569,-0.051,-29.1,33.9,0.93,386,-0.036,-13.8,33.4,0.95
wick,0.38,0.0,0.5,False,struct5,trail3,True,590,-0.027,-15.8,46.8,0.95,407,-0.088,-35.8,42.3,0.84
wick,0.38,0.0,0.5,False,struct5,trail3,False,590,-0.004,-2.4,47.5,0.99,407,-0.09,-36.6,42.5,0.84
wick,0.38,0.0,0.5,False,struct5,trail5,True,590,-0.035,-20.8,44.1,0.93,407,-0.063,-25.6,40.3,0.89
wick,0.38,0.0,0.5,False,struct5,trail5,False,590,-0.019,-11.5,44.9,0.96,407,-0.067,-27.3,41.3,0.88
wick,0.38,0.0,0.5,False,struct5,trail8,True,590,-0.033,-19.8,40.3,0.94,407,-0.093,-37.9,36.6,0.83
wick,0.38,0.0,0.5,False,struct5,trail8,False,590,-0.028,-16.6,41.7,0.95,407,-0.1,-40.6,38.3,0.83
wick,0.38,0.0,0.5,False,struct5,trail12,True,590,-0.053,-31.4,34.7,0.9,407,-0.077,-31.2,32.9,0.86
wick,0.38,0.0,0.5,False,struct5,trail12,False,590,-0.07,-41.6,35.9,0.87,407,-0.081,-33.0,34.6,0.86
wick,0.38,0.0,0.5,False,struct5,fixed1.0,True,590,-0.027,-15.9,51.7,0.95,407,-0.115,-46.9,46.2,0.79
wick,0.38,0.0,0.5,False,struct5,fixed1.0,False,590,-0.027,-15.9,51.7,0.95,407,-0.115,-46.9,46.2,0.79
wick,0.38,0.0,0.5,False,struct5,fixed1.5,True,590,-0.055,-32.4,33.2,0.9,407,-0.108,-44.0,31.7,0.81
wick,0.38,0.0,0.5,False,struct5,fixed1.5,False,590,-0.045,-26.3,41.4,0.93,407,-0.118,-48.0,36.9,0.82
wick,0.38,0.0,0.5,False,struct5,fixed2.0,True,590,-0.031,-18.1,27.1,0.94,407,-0.137,-55.9,22.9,0.76
wick,0.38,0.0,0.5,False,struct5,fixed2.0,False,590,-0.03,-17.6,35.8,0.96,407,-0.101,-41.2,31.4,0.86
wick,0.38,0.0,0.5,True,atr1.5,trail3,True,595,-0.042,-24.7,39.8,0.93,387,-0.104,-40.4,40.1,0.81
wick,0.38,0.0,0.5,True,atr1.5,trail3,False,595,-0.021,-12.3,41.3,0.96,387,-0.121,-46.7,40.6,0.78
wick,0.38,0.0,0.5,True,atr1.5,trail5,True,595,-0.039,-23.4,36.1,0.93,387,-0.096,-37.3,34.1,0.82
wick,0.38,0.0,0.5,True,atr1.5,trail5,False,595,-0.02,-11.9,37.8,0.97,387,-0.113,-43.8,35.9,0.8
wick,0.38,0.0,0.5,True,atr1.5,trail8,True,595,-0.032,-19.0,31.4,0.94,387,-0.1,-38.6,29.2,0.82
wick,0.38,0.0,0.5,True,atr1.5,trail8,False,595,-0.021,-12.3,33.3,0.97,387,-0.107,-41.2,32.8,0.82
wick,0.38,0.0,0.5,True,atr1.5,trail12,True,595,-0.024,-14.5,25.9,0.96,387,-0.085,-33.0,24.8,0.84
wick,0.38,0.0,0.5,True,atr1.5,trail12,False,595,-0.027,-15.8,28.1,0.96,387,-0.108,-41.6,28.4,0.82
wick,0.38,0.0,0.5,True,atr1.5,fixed1.0,True,595,-0.111,-66.2,48.2,0.8,387,-0.071,-27.3,49.1,0.87
wick,0.38,0.0,0.5,True,atr1.5,fixed1.0,False,595,-0.111,-66.2,48.2,0.8,387,-0.071,-27.3,49.1,0.87
wick,0.38,0.0,0.5,True,atr1.5,fixed1.5,True,595,-0.054,-32.3,36.0,0.9,387,-0.083,-32.1,31.8,0.85
wick,0.38,0.0,0.5,True,atr1.5,fixed1.5,False,595,-0.049,-29.3,41.2,0.92,387,-0.127,-49.2,37.0,0.81
wick,0.38,0.0,0.5,True,atr1.5,fixed2.0,True,595,-0.053,-31.3,27.1,0.91,387,-0.076,-29.2,24.3,0.86
wick,0.38,0.0,0.5,True,atr1.5,fixed2.0,False,595,-0.031,-18.5,35.0,0.96,387,-0.1,-38.5,31.8,0.86
wick,0.38,0.0,0.5,True,atr2.0,trail3,True,576,-0.012,-6.8,45.8,0.98,380,-0.12,-45.6,41.8,0.79
wick,0.38,0.0,0.5,True,atr2.0,trail3,False,576,-0.014,-7.9,46.4,0.97,380,-0.125,-47.6,42.1,0.78
wick,0.38,0.0,0.5,True,atr2.0,trail5,True,576,-0.02,-11.8,41.8,0.96,380,-0.085,-32.5,39.5,0.85
wick,0.38,0.0,0.5,True,atr2.0,trail5,False,576,-0.023,-13.3,42.5,0.96,380,-0.089,-33.8,40.5,0.84
wick,0.38,0.0,0.5,True,atr2.0,trail8,True,576,-0.023,-13.3,36.8,0.96,380,-0.1,-37.9,36.1,0.82
wick,0.38,0.0,0.5,True,atr2.0,trail8,False,576,-0.019,-11.1,38.4,0.97,380,-0.103,-39.0,37.6,0.82
wick,0.38,0.0,0.5,True,atr2.0,trail12,True,576,-0.03,-17.5,31.6,0.94,380,-0.051,-19.5,32.4,0.91
wick,0.38,0.0,0.5,True,atr2.0,trail12,False,576,-0.032,-18.5,33.5,0.94,380,-0.063,-24.0,33.9,0.89
wick,0.38,0.0,0.5,True,atr2.0,fixed1.0,True,576,-0.048,-27.4,50.7,0.91,380,-0.113,-43.1,46.3,0.8
wick,0.38,0.0,0.5,True,atr2.0,fixed1.0,False,576,-0.048,-27.4,50.7,0.91,380,-0.113,-43.1,46.3,0.8
wick,0.38,0.0,0.5,True,atr2.0,fixed1.5,True,576,-0.034,-19.4,34.7,0.94,380,-0.079,-29.9,33.2,0.86
wick,0.38,0.0,0.5,True,atr2.0,fixed1.5,False,576,-0.023,-13.0,41.7,0.96,380,-0.053,-20.0,39.5,0.92
wick,0.38,0.0,0.5,True,atr2.0,fixed2.0,True,576,-0.023,-13.5,26.6,0.96,380,-0.105,-39.9,23.7,0.81
wick,0.38,0.0,0.5,True,atr2.0,fixed2.0,False,576,-0.025,-14.4,34.7,0.96,380,-0.088,-33.5,31.6,0.88
wick,0.38,0.0,0.5,True,atr2.5,trail3,True,562,-0.011,-5.9,48.2,0.98,369,-0.13,-48.1,44.2,0.76
wick,0.38,0.0,0.5,True,atr2.5,trail3,False,562,-0.015,-8.5,48.2,0.97,369,-0.133,-49.2,44.2,0.76
wick,0.38,0.0,0.5,True,atr2.5,trail5,True,562,-0.023,-13.1,45.4,0.95,369,-0.136,-50.3,43.1,0.75
wick,0.38,0.0,0.5,True,atr2.5,trail5,False,562,-0.033,-18.5,45.4,0.94,369,-0.138,-51.1,43.4,0.75
wick,0.38,0.0,0.5,True,atr2.5,trail8,True,562,-0.016,-9.1,41.5,0.97,369,-0.149,-55.1,38.8,0.73
wick,0.38,0.0,0.5,True,atr2.5,trail8,False,562,-0.02,-11.2,42.3,0.96,369,-0.148,-54.6,40.1,0.74
wick,0.38,0.0,0.5,True,atr2.5,trail12,True,562,-0.03,-17.0,36.5,0.94,369,-0.117,-43.3,35.8,0.79
wick,0.38,0.0,0.5,True,atr2.5,trail12,False,562,-0.036,-20.4,37.9,0.93,369,-0.09,-33.3,37.7,0.84
wick,0.38,0.0,0.5,True,atr2.5,fixed1.0,True,562,-0.027,-15.1,51.2,0.95,369,-0.103,-37.9,46.3,0.81
wick,0.38,0.0,0.5,True,atr2.5,fixed1.0,False,562,-0.027,-15.1,51.2,0.95,369,-0.103,-37.9,46.3,0.81
wick,0.38,0.0,0.5,True,atr2.5,fixed1.5,True,562,-0.029,-16.2,34.2,0.94,369,-0.104,-38.5,30.9,0.81
wick,0.38,0.0,0.5,True,atr2.5,fixed1.5,False,562,-0.023,-12.9,41.3,0.96,369,-0.089,-33.0,37.4,0.86
wick,0.38,0.0,0.5,True,atr2.5,fixed2.0,True,562,-0.036,-20.2,25.6,0.93,369,-0.132,-48.7,22.0,0.76
wick,0.38,0.0,0.5,True,atr2.5,fixed2.0,False,562,-0.021,-12.0,34.7,0.97,369,-0.09,-33.2,31.4,0.87
wick,0.38,0.0,0.5,True,atr3.0,trail3,True,546,0.002,1.2,49.8,1.0,356,-0.091,-32.5,47.5,0.83
wick,0.38,0.0,0.5,True,atr3.0,trail3,False,546,0.001,0.6,50.2,1.0,356,-0.092,-32.7,47.5,0.83
wick,0.38,0.0,0.5,True,atr3.0,trail5,True,546,-0.016,-8.7,48.4,0.97,356,-0.069,-24.7,46.1,0.87
wick,0.38,0.0,0.5,True,atr3.0,trail5,False,546,-0.019,-10.2,48.5,0.96,356,-0.071,-25.3,46.1,0.87
wick,0.38,0.0,0.5,True,atr3.0,trail8,True,546,-0.002,-1.3,44.5,1.0,356,-0.074,-26.4,42.7,0.86
wick,0.38,0.0,0.5,True,atr3.0,trail8,False,546,-0.004,-2.0,45.2,0.99,356,-0.073,-26.1,43.5,0.86
wick,0.38,0.0,0.5,True,atr3.0,trail12,True,546,-0.013,-7.0,40.5,0.97,356,-0.055,-19.6,40.2,0.9
wick,0.38,0.0,0.5,True,atr3.0,trail12,False,546,-0.021,-11.7,41.4,0.96,356,-0.059,-20.9,41.0,0.89
wick,0.38,0.0,0.5,True,atr3.0,fixed1.0,True,546,0.0,0.0,52.0,1.0,356,-0.059,-21.1,48.0,0.89
wick,0.38,0.0,0.5,True,atr3.0,fixed1.0,False,546,0.0,0.0,52.0,1.0,356,-0.059,-21.1,48.0,0.89
wick,0.38,0.0,0.5,True,atr3.0,fixed1.5,True,546,-0.029,-15.8,33.2,0.94,356,-0.062,-22.0,31.7,0.88
wick,0.38,0.0,0.5,True,atr3.0,fixed1.5,False,546,-0.031,-16.9,40.7,0.95,356,-0.079,-28.2,37.6,0.88
wick,0.38,0.0,0.5,True,atr3.0,fixed2.0,True,546,-0.01,-5.5,26.4,0.98,356,-0.062,-22.0,24.2,0.88
wick,0.38,0.0,0.5,True,atr3.0,fixed2.0,False,546,-0.008,-4.1,35.2,0.99,356,-0.031,-11.0,33.4,0.95
wick,0.38,0.0,0.5,True,struct5,trail3,True,561,-0.01,-5.8,48.3,0.98,372,-0.129,-47.9,44.1,0.76
wick,0.38,0.0,0.5,True,struct5,trail3,False,561,0.012,6.8,48.8,1.02,372,-0.133,-49.4,44.1,0.76
wick,0.38,0.0,0.5,True,struct5,trail5,True,561,-0.021,-12.1,45.8,0.96,372,-0.117,-43.6,41.7,0.79
wick,0.38,0.0,0.5,True,struct5,trail5,False,561,-0.004,-2.4,46.5,0.99,372,-0.122,-45.3,42.5,0.78
wick,0.38,0.0,0.5,True,struct5,trail8,True,561,-0.022,-12.6,41.7,0.96,372,-0.143,-53.3,37.6,0.74
wick,0.38,0.0,0.5,True,struct5,trail8,False,561,-0.017,-9.3,42.8,0.97,372,-0.151,-56.1,39.2,0.74
wick,0.38,0.0,0.5,True,struct5,trail12,True,561,-0.043,-23.9,36.0,0.92,372,-0.139,-51.8,33.6,0.75
wick,0.38,0.0,0.5,True,struct5,trail12,False,561,-0.056,-31.3,37.3,0.9,372,-0.144,-53.5,35.5,0.75
wick,0.38,0.0,0.5,True,struct5,fixed1.0,True,561,-0.011,-6.3,52.4,0.98,372,-0.097,-36.0,47.0,0.82
wick,0.38,0.0,0.5,True,struct5,fixed1.0,False,561,-0.011,-6.3,52.4,0.98,372,-0.097,-36.0,47.0,0.82
wick,0.38,0.0,0.5,True,struct5,fixed1.5,True,561,-0.033,-18.3,34.2,0.94,372,-0.085,-31.6,32.5,0.85
wick,0.38,0.0,0.5,True,struct5,fixed1.5,False,561,-0.034,-19.3,41.7,0.94,372,-0.087,-32.3,37.9,0.86
wick,0.38,0.0,0.5,True,struct5,fixed2.0,True,561,-0.022,-12.5,27.3,0.96,372,-0.137,-51.0,22.3,0.75
wick,0.38,0.0,0.5,True,struct5,fixed2.0,False,561,-0.028,-15.6,35.8,0.96,372,-0.089,-33.1,31.7,0.87
wick,0.38,0.2,0.0,False,atr1.5,trail3,True,603,-0.113,-68.2,37.3,0.81,398,-0.094,-37.3,37.7,0.83
wick,0.38,0.2,0.0,False,atr1.5,trail3,False,603,-0.115,-69.4,38.6,0.81,398,-0.11,-43.8,38.2,0.81
wick,0.38,0.2,0.0,False,atr1.5,trail5,True,603,-0.128,-77.4,33.8,0.78,398,-0.066,-26.4,31.9,0.88
wick,0.38,0.2,0.0,False,atr1.5,trail5,False,603,-0.131,-79.1,35.3,0.79,398,-0.085,-33.8,33.9,0.86
wick,0.38,0.2,0.0,False,atr1.5,trail8,True,603,-0.122,-73.6,29.7,0.79,398,-0.066,-26.4,27.1,0.88
wick,0.38,0.2,0.0,False,atr1.5,trail8,False,603,-0.124,-75.0,31.5,0.8,398,-0.075,-29.9,30.9,0.88
wick,0.38,0.2,0.0,False,atr1.5,trail12,True,603,-0.114,-68.7,24.2,0.81,398,-0.026,-10.5,23.6,0.95
wick,0.38,0.2,0.0,False,atr1.5,trail12,False,603,-0.135,-81.2,26.0,0.8,398,-0.056,-22.2,26.9,0.91
wick,0.38,0.2,0.0,False,atr1.5,fixed1.0,True,603,-0.156,-94.0,45.9,0.73,398,-0.092,-36.5,48.0,0.83
wick,0.38,0.2,0.0,False,atr1.5,fixed1.0,False,603,-0.156,-94.0,45.9,0.73,398,-0.092,-36.5,48.0,0.83
wick,0.38,0.2,0.0,False,atr1.5,fixed1.5,True,603,-0.108,-65.1,33.8,0.82,398,-0.106,-42.3,30.9,0.81
wick,0.38,0.2,0.0,False,atr1.5,fixed1.5,False,603,-0.113,-68.2,38.5,0.83,398,-0.152,-60.4,35.9,0.77
wick,0.38,0.2,0.0,False,atr1.5,fixed2.0,True,603,-0.111,-67.1,25.2,0.81,398,-0.094,-37.4,23.9,0.83
wick,0.38,0.2,0.0,False,atr1.5,fixed2.0,False,603,-0.111,-66.9,32.3,0.85,398,-0.11,-43.7,31.4,0.85
wick,0.38,0.2,0.0,False,atr2.0,trail3,True,583,-0.098,-57.3,42.9,0.82,395,-0.089,-35.0,41.8,0.84
wick,0.38,0.2,0.0,False,atr2.0,trail3,False,583,-0.1,-58.4,43.4,0.82,395,-0.094,-37.1,42.0,0.83
wick,0.38,0.2,0.0,False,atr2.0,trail5,True,583,-0.119,-69.4,38.9,0.79,395,-0.047,-18.5,39.0,0.92
wick,0.38,0.2,0.0,False,atr2.0,trail5,False,583,-0.123,-71.8,39.6,0.79,395,-0.051,-20.1,40.0,0.91
wick,0.38,0.2,0.0,False,atr2.0,trail8,True,583,-0.123,-71.6,34.3,0.78,395,-0.059,-23.3,35.2,0.9
wick,0.38,0.2,0.0,False,atr2.0,trail8,False,583,-0.119,-69.6,36.0,0.8,395,-0.064,-25.4,36.7,0.89
wick,0.38,0.2,0.0,False,atr2.0,trail12,True,583,-0.126,-73.7,29.2,0.78,395,-0.011,-4.2,31.4,0.98
wick,0.38,0.2,0.0,False,atr2.0,trail12,False,583,-0.139,-81.2,30.9,0.77,395,-0.026,-10.5,32.9,0.96
wick,0.38,0.2,0.0,False,atr2.0,fixed1.0,True,583,-0.1,-58.4,48.0,0.82,395,-0.111,-43.9,46.3,0.8
wick,0.38,0.2,0.0,False,atr2.0,fixed1.0,False,583,-0.1,-58.4,48.0,0.82,395,-0.111,-43.9,46.3,0.8
wick,0.38,0.2,0.0,False,atr2.0,fixed1.5,True,583,-0.099,-57.8,32.1,0.82,395,-0.082,-32.5,32.9,0.85
wick,0.38,0.2,0.0,False,atr2.0,fixed1.5,False,583,-0.096,-56.2,38.8,0.85,395,-0.058,-23.1,39.2,0.91
wick,0.38,0.2,0.0,False,atr2.0,fixed2.0,True,583,-0.09,-52.4,24.5,0.84,395,-0.102,-40.2,23.8,0.82
wick,0.38,0.2,0.0,False,atr2.0,fixed2.0,False,583,-0.122,-71.1,31.6,0.83,395,-0.116,-45.7,30.6,0.84
wick,0.38,0.2,0.0,False,atr2.5,trail3,True,567,-0.085,-47.9,45.7,0.84,385,-0.099,-38.3,44.2,0.82
wick,0.38,0.2,0.0,False,atr2.5,trail3,False,567,-0.089,-50.6,45.7,0.84,385,-0.104,-40.0,44.2,0.81
wick,0.38,0.2,0.0,False,atr2.5,trail5,True,567,-0.105,-59.6,43.2,0.81,385,-0.095,-36.5,42.9,0.83
wick,0.38,0.2,0.0,False,atr2.5,trail5,False,567,-0.115,-65.3,43.2,0.79,385,-0.1,-38.4,43.1,0.82
wick,0.38,0.2,0.0,False,atr2.5,trail8,True,567,-0.101,-57.1,39.5,0.81,385,-0.104,-40.1,38.2,0.81
wick,0.38,0.2,0.0,False,atr2.5,trail8,False,567,-0.108,-61.4,40.2,0.81,385,-0.107,-41.0,39.5,0.81
wick,0.38,0.2,0.0,False,atr2.5,trail12,True,567,-0.109,-61.6,34.4,0.8,385,-0.073,-28.2,35.3,0.87
wick,0.38,0.2,0.0,False,atr2.5,trail12,False,567,-0.127,-72.1,35.3,0.78,385,-0.051,-19.8,37.1,0.91
wick,0.38,0.2,0.0,False,atr2.5,fixed1.0,True,567,-0.076,-43.0,48.7,0.86,385,-0.09,-34.5,47.0,0.84
wick,0.38,0.2,0.0,False,atr2.5,fixed1.0,False,567,-0.076,-43.0,48.7,0.86,385,-0.09,-34.5,47.0,0.84
wick,0.38,0.2,0.0,False,atr2.5,fixed1.5,True,567,-0.082,-46.6,32.1,0.85,385,-0.094,-36.1,31.2,0.83
wick,0.38,0.2,0.0,False,atr2.5,fixed1.5,False,567,-0.095,-54.0,38.4,0.85,385,-0.103,-39.5,36.9,0.84
wick,0.38,0.2,0.0,False,atr2.5,fixed2.0,True,567,-0.09,-51.1,24.0,0.84,385,-0.122,-47.0,22.1,0.78
wick,0.38,0.2,0.0,False,atr2.5,fixed2.0,False,567,-0.109,-61.6,31.9,0.85,385,-0.115,-44.3,30.6,0.84
wick,0.38,0.2,0.0,False,atr3.0,trail3,True,545,-0.063,-34.4,47.5,0.88,371,-0.068,-25.1,46.9,0.87
wick,0.38,0.2,0.0,False,atr3.0,trail3,False,545,-0.068,-37.1,47.7,0.87,371,-0.071,-26.4,46.9,0.87
wick,0.38,0.2,0.0,False,atr3.0,trail5,True,545,-0.088,-47.9,46.2,0.83,371,-0.036,-13.4,45.6,0.93
wick,0.38,0.2,0.0,False,atr3.0,trail5,False,545,-0.095,-51.7,46.2,0.82,371,-0.042,-15.6,45.6,0.92
wick,0.38,0.2,0.0,False,atr3.0,trail8,True,545,-0.086,-47.1,42.6,0.83,371,-0.041,-15.2,42.3,0.92
wick,0.38,0.2,0.0,False,atr3.0,trail8,False,545,-0.092,-50.1,43.1,0.83,371,-0.044,-16.3,43.1,0.92
wick,0.38,0.2,0.0,False,atr3.0,trail12,True,545,-0.088,-48.2,38.0,0.83,371,-0.024,-8.8,39.6,0.96
wick,0.38,0.2,0.0,False,atr3.0,trail12,False,545,-0.102,-55.5,38.9,0.81,371,-0.031,-11.4,40.4,0.94
wick,0.38,0.2,0.0,False,atr3.0,fixed1.0,True,545,-0.039,-21.5,50.1,0.92,371,-0.054,-19.9,48.2,0.9
wick,0.38,0.2,0.0,False,atr3.0,fixed1.0,False,545,-0.039,-21.5,50.1,0.92,371,-0.054,-19.9,48.2,0.9
wick,0.38,0.2,0.0,False,atr3.0,fixed1.5,True,545,-0.063,-34.3,32.3,0.88,371,-0.069,-25.6,31.0,0.87
wick,0.38,0.2,0.0,False,atr3.0,fixed1.5,False,545,-0.099,-54.2,38.0,0.85,371,-0.108,-40.0,36.4,0.83
wick,0.38,0.2,0.0,False,atr3.0,fixed2.0,True,545,-0.064,-35.1,24.8,0.88,371,-0.051,-18.8,24.8,0.9
wick,0.38,0.2,0.0,False,atr3.0,fixed2.0,False,545,-0.104,-56.4,32.1,0.85,371,-0.053,-19.5,32.9,0.92
wick,0.38,0.2,0.0,False,struct5,trail3,True,564,-0.095,-53.4,45.4,0.82,387,-0.071,-27.4,42.6,0.87
wick,0.38,0.2,0.0,False,struct5,trail3,False,564,-0.096,-54.0,45.9,0.82,387,-0.071,-27.6,42.9,0.87
wick,0.38,0.2,0.0,False,struct5,trail5,True,564,-0.125,-70.4,42.9,0.77,387,-0.044,-16.9,40.6,0.92
wick,0.38,0.2,0.0,False,struct5,trail5,False,564,-0.131,-73.9,43.6,0.76,387,-0.046,-18.0,41.6,0.92
wick,0.38,0.2,0.0,False,struct5,trail8,True,564,-0.128,-72.1,39.0,0.76,387,-0.07,-27.1,37.0,0.87
wick,0.38,0.2,0.0,False,struct5,trail8,False,564,-0.143,-80.4,40.1,0.75,387,-0.075,-28.9,38.8,0.87
wick,0.38,0.2,0.0,False,struct5,trail12,True,564,-0.137,-77.4,33.7,0.75,387,-0.042,-16.2,33.6,0.93
wick,0.38,0.2,0.0,False,struct5,trail12,False,564,-0.169,-95.0,34.6,0.71,387,-0.057,-21.9,35.1,0.9
wick,0.38,0.2,0.0,False,struct5,fixed1.0,True,564,-0.069,-38.7,49.5,0.87,387,-0.111,-42.9,46.3,0.8
wick,0.38,0.2,0.0,False,struct5,fixed1.0,False,564,-0.069,-38.7,49.5,0.87,387,-0.111,-42.9,46.3,0.8
wick,0.38,0.2,0.0,False,struct5,fixed1.5,True,564,-0.094,-53.0,32.1,0.83,387,-0.085,-32.8,33.1,0.85
wick,0.38,0.2,0.0,False,struct5,fixed1.5,False,564,-0.095,-53.7,39.2,0.85,387,-0.093,-36.0,37.7,0.86
wick,0.38,0.2,0.0,False,struct5,fixed2.0,True,564,-0.07,-39.7,26.4,0.87,387,-0.112,-43.4,24.0,0.8
wick,0.38,0.2,0.0,False,struct5,fixed2.0,False,564,-0.096,-53.9,33.5,0.86,387,-0.082,-31.5,32.0,0.88
wick,0.38,0.2,0.0,True,atr1.5,trail3,True,583,-0.094,-55.0,38.3,0.84,368,-0.112,-41.4,39.1,0.79
wick,0.38,0.2,0.0,True,atr1.5,trail3,False,583,-0.096,-56.1,39.6,0.84,368,-0.134,-49.2,39.4,0.76
wick,0.38,0.2,0.0,True,atr1.5,trail5,True,583,-0.115,-67.0,35.0,0.8,368,-0.105,-38.5,32.9,0.81
wick,0.38,0.2,0.0,True,atr1.5,trail5,False,583,-0.119,-69.4,36.4,0.8,368,-0.124,-45.8,34.8,0.78
wick,0.38,0.2,0.0,True,atr1.5,trail8,True,583,-0.111,-64.6,30.2,0.81,368,-0.099,-36.4,27.7,0.82
wick,0.38,0.2,0.0,True,atr1.5,trail8,False,583,-0.116,-67.8,32.1,0.81,368,-0.108,-39.7,31.5,0.82
wick,0.38,0.2,0.0,True,atr1.5,trail12,True,583,-0.095,-55.4,24.7,0.84,368,-0.079,-29.0,23.6,0.86
wick,0.38,0.2,0.0,True,atr1.5,trail12,False,583,-0.109,-63.5,26.8,0.83,368,-0.106,-38.9,27.4,0.83
wick,0.38,0.2,0.0,True,atr1.5,fixed1.0,True,583,-0.134,-78.2,47.0,0.76,368,-0.068,-25.2,49.2,0.87
wick,0.38,0.2,0.0,True,atr1.5,fixed1.0,False,583,-0.134,-78.2,47.0,0.76,368,-0.068,-25.2,49.2,0.87
wick,0.38,0.2,0.0,True,atr1.5,fixed1.5,True,583,-0.079,-46.3,35.0,0.86,368,-0.082,-30.0,31.8,0.85
wick,0.38,0.2,0.0,True,atr1.5,fixed1.5,False,583,-0.084,-49.0,39.6,0.87,368,-0.133,-49.1,36.7,0.8
wick,0.38,0.2,0.0,True,atr1.5,fixed2.0,True,583,-0.083,-48.3,26.1,0.86,368,-0.076,-28.1,24.2,0.86
wick,0.38,0.2,0.0,True,atr1.5,fixed2.0,False,583,-0.069,-40.2,33.6,0.9,368,-0.099,-36.4,31.8,0.86
wick,0.38,0.2,0.0,True,atr2.0,trail3,True,564,-0.076,-42.9,44.3,0.86,367,-0.121,-44.6,41.7,0.78
wick,0.38,0.2,0.0,True,atr2.0,trail3,False,564,-0.078,-43.9,44.9,0.86,367,-0.127,-46.6,42.0,0.77
wick,0.38,0.2,0.0,True,atr2.0,trail5,True,564,-0.101,-57.1,40.4,0.81,367,-0.087,-32.0,39.0,0.84
wick,0.38,0.2,0.0,True,atr2.0,trail5,False,564,-0.104,-58.8,41.1,0.81,367,-0.092,-33.6,40.1,0.84
wick,0.38,0.2,0.0,True,atr2.0,trail8,True,564,-0.107,-60.5,35.1,0.8,367,-0.093,-34.3,35.1,0.83
wick,0.38,0.2,0.0,True,atr2.0,trail8,False,564,-0.101,-57.1,37.1,0.82,367,-0.098,-36.0,36.8,0.83
wick,0.38,0.2,0.0,True,atr2.0,trail12,True,564,-0.105,-59.0,30.0,0.81,367,-0.056,-20.7,31.6,0.9
wick,0.38,0.2,0.0,True,atr2.0,trail12,False,564,-0.106,-60.1,32.1,0.82,367,-0.071,-26.0,33.2,0.88
wick,0.38,0.2,0.0,True,atr2.0,fixed1.0,True,564,-0.074,-42.0,49.3,0.86,367,-0.107,-39.3,46.6,0.81
wick,0.38,0.2,0.0,True,atr2.0,fixed1.0,False,564,-0.074,-42.0,49.3,0.86,367,-0.107,-39.3,46.6,0.81
wick,0.38,0.2,0.0,True,atr2.0,fixed1.5,True,564,-0.07,-39.4,33.2,0.87,367,-0.078,-28.7,33.0,0.86
wick,0.38,0.2,0.0,True,atr2.0,fixed1.5,False,564,-0.056,-31.8,40.2,0.91,367,-0.058,-21.3,39.2,0.91
wick,0.38,0.2,0.0,True,atr2.0,fixed2.0,True,564,-0.064,-36.0,25.2,0.88,367,-0.106,-39.0,23.4,0.81
wick,0.38,0.2,0.0,True,atr2.0,fixed2.0,False,564,-0.07,-39.7,33.2,0.9,367,-0.11,-40.5,30.8,0.85
wick,0.38,0.2,0.0,True,atr2.5,trail3,True,544,-0.062,-34.0,46.9,0.88,357,-0.127,-45.5,44.3,0.77
wick,0.38,0.2,0.0,True,atr2.5,trail3,False,544,-0.067,-36.7,46.9,0.87,357,-0.131,-46.6,44.3,0.76
wick,0.38,0.2,0.0,True,atr2.5,trail5,True,544,-0.085,-46.0,44.3,0.84,357,-0.131,-46.6,43.1,0.76
wick,0.38,0.2,0.0,True,atr2.5,trail5,False,544,-0.095,-51.8,44.3,0.82,357,-0.133,-47.7,43.4,0.76
wick,0.38,0.2,0.0,True,atr2.5,trail8,True,544,-0.08,-43.8,40.3,0.85,357,-0.137,-49.1,38.4,0.75
wick,0.38,0.2,0.0,True,atr2.5,trail8,False,544,-0.087,-47.6,41.2,0.84,357,-0.137,-48.8,39.8,0.76
wick,0.38,0.2,0.0,True,atr2.5,trail12,True,544,-0.086,-46.8,35.1,0.84,357,-0.116,-41.5,35.0,0.79
wick,0.38,0.2,0.0,True,atr2.5,trail12,False,544,-0.097,-52.7,36.4,0.83,357,-0.09,-32.0,37.0,0.84
wick,0.38,0.2,0.0,True,atr2.5,fixed1.0,True,544,-0.049,-26.8,50.0,0.91,357,-0.093,-33.2,46.8,0.83
wick,0.38,0.2,0.0,True,atr2.5,fixed1.0,False,544,-0.049,-26.8,50.0,0.91,357,-0.093,-33.2,46.8,0.83
wick,0.38,0.2,0.0,True,atr2.5,fixed1.5,True,544,-0.057,-30.9,32.9,0.89,357,-0.105,-37.3,30.5,0.81
wick,0.38,0.2,0.0,True,atr2.5,fixed1.5,False,544,-0.061,-33.3,39.7,0.9,357,-0.099,-35.3,37.0,0.85
wick,0.38,0.2,0.0,True,atr2.5,fixed2.0,True,544,-0.064,-34.8,24.6,0.88,357,-0.134,-47.8,21.6,0.76
wick,0.38,0.2,0.0,True,atr2.5,fixed2.0,False,544,-0.065,-35.4,33.3,0.91,357,-0.116,-41.3,30.5,0.84
wick,0.38,0.2,0.0,True,atr3.0,trail3,True,529,-0.051,-26.8,48.4,0.9,345,-0.099,-34.0,46.7,0.81
wick,0.38,0.2,0.0,True,atr3.0,trail3,False,529,-0.052,-27.5,48.8,0.9,345,-0.1,-34.6,46.7,0.81
wick,0.38,0.2,0.0,True,atr3.0,trail5,True,529,-0.077,-40.6,47.1,0.85,345,-0.071,-24.5,45.2,0.87
wick,0.38,0.2,0.0,True,atr3.0,trail5,False,529,-0.08,-42.1,47.3,0.85,345,-0.074,-25.7,45.2,0.86
wick,0.38,0.2,0.0,True,atr3.0,trail8,True,529,-0.074,-39.2,42.9,0.86,345,-0.073,-25.1,41.7,0.86
wick,0.38,0.2,0.0,True,atr3.0,trail8,False,529,-0.075,-39.6,43.9,0.86,345,-0.073,-25.2,42.6,0.86
wick,0.38,0.2,0.0,True,atr3.0,trail12,True,529,-0.078,-41.1,38.6,0.85,345,-0.062,-21.5,39.1,0.88
wick,0.38,0.2,0.0,True,atr3.0,trail12,False,529,-0.088,-46.7,39.5,0.84,345,-0.067,-23.1,40.0,0.88
wick,0.38,0.2,0.0,True,atr3.0,fixed1.0,True,529,-0.026,-13.7,50.7,0.95,345,-0.062,-21.3,47.8,0.88
wick,0.38,0.2,0.0,True,atr3.0,fixed1.0,False,529,-0.026,-13.7,50.7,0.95,345,-0.062,-21.3,47.8,0.88
wick,0.38,0.2,0.0,True,atr3.0,fixed1.5,True,529,-0.062,-33.0,31.8,0.88,345,-0.073,-25.0,31.0,0.86
wick,0.38,0.2,0.0,True,atr3.0,fixed1.5,False,529,-0.077,-40.9,38.8,0.88,345,-0.111,-38.4,36.2,0.83
wick,0.38,0.2,0.0,True,atr3.0,fixed2.0,True,529,-0.055,-29.2,24.8,0.89,345,-0.061,-21.0,24.3,0.89
wick,0.38,0.2,0.0,True,atr3.0,fixed2.0,False,529,-0.065,-34.6,33.3,0.91,345,-0.051,-17.5,32.8,0.93
wick,0.38,0.2,0.0,True,struct5,trail3,True,543,-0.063,-34.0,47.1,0.88,357,-0.122,-43.7,44.0,0.77
wick,0.38,0.2,0.0,True,struct5,trail3,False,543,-0.066,-35.9,47.5,0.87,357,-0.127,-45.3,44.0,0.77
wick,0.38,0.2,0.0,True,struct5,trail5,True,543,-0.096,-52.1,44.8,0.82,357,-0.114,-40.5,41.5,0.79
wick,0.38,0.2,0.0,True,struct5,trail5,False,543,-0.104,-56.2,45.3,0.81,357,-0.119,-42.4,42.3,0.79
wick,0.38,0.2,0.0,True,struct5,trail8,True,543,-0.099,-53.9,40.5,0.81,357,-0.134,-47.7,37.5,0.76
wick,0.38,0.2,0.0,True,struct5,trail8,False,543,-0.113,-61.5,41.6,0.79,357,-0.141,-50.3,39.2,0.75
wick,0.38,0.2,0.0,True,struct5,trail12,True,543,-0.11,-59.8,35.2,0.79,357,-0.124,-44.2,33.9,0.77
wick,0.38,0.2,0.0,True,struct5,trail12,False,543,-0.137,-74.5,36.3,0.76,357,-0.142,-50.7,35.6,0.75
wick,0.38,0.2,0.0,True,struct5,fixed1.0,True,543,-0.037,-20.3,51.0,0.93,357,-0.088,-31.5,47.3,0.84
wick,0.38,0.2,0.0,True,struct5,fixed1.0,False,543,-0.037,-20.3,51.0,0.93,357,-0.088,-31.5,47.3,0.84
wick,0.38,0.2,0.0,True,struct5,fixed1.5,True,543,-0.058,-31.6,33.5,0.89,357,-0.068,-24.3,33.3,0.88
wick,0.38,0.2,0.0,True,struct5,fixed1.5,False,543,-0.063,-34.2,40.5,0.9,357,-0.077,-27.4,38.1,0.88
wick,0.38,0.2,0.0,True,struct5,fixed2.0,True,543,-0.052,-28.3,26.7,0.9,357,-0.109,-38.9,23.5,0.8
wick,0.38,0.2,0.0,True,struct5,fixed2.0,False,543,-0.071,-38.5,34.4,0.9,357,-0.078,-27.8,31.9,0.89
wick,0.38,0.2,0.25,False,atr1.5,trail3,True,603,-0.113,-68.2,37.3,0.81,397,-0.091,-36.2,37.8,0.83
wick,0.38,0.2,0.25,False,atr1.5,trail3,False,603,-0.115,-69.4,38.6,0.81,397,-0.108,-42.8,38.3,0.81
wick,0.38,0.2,0.25,False,atr1.5,trail5,True,603,-0.128,-77.4,33.8,0.78,397,-0.064,-25.4,32.0,0.88
wick,0.38,0.2,0.25,False,atr1.5,trail5,False,603,-0.131,-79.1,35.3,0.79,397,-0.083,-32.8,34.0,0.86
wick,0.38,0.2,0.25,False,atr1.5,trail8,True,603,-0.122,-73.6,29.7,0.79,397,-0.064,-25.4,27.2,0.89
wick,0.38,0.2,0.25,False,atr1.5,trail8,False,603,-0.124,-75.0,31.5,0.8,397,-0.073,-28.8,31.0,0.88
wick,0.38,0.2,0.25,False,atr1.5,trail12,True,603,-0.114,-68.7,24.2,0.81,397,-0.024,-9.5,23.7,0.96
wick,0.38,0.2,0.25,False,atr1.5,trail12,False,603,-0.135,-81.2,26.0,0.8,397,-0.053,-21.2,27.0,0.91
wick,0.38,0.2,0.25,False,atr1.5,fixed1.0,True,603,-0.156,-94.0,45.9,0.73,397,-0.089,-35.5,48.1,0.84
wick,0.38,0.2,0.25,False,atr1.5,fixed1.0,False,603,-0.156,-94.0,45.9,0.73,397,-0.089,-35.5,48.1,0.84
wick,0.38,0.2,0.25,False,atr1.5,fixed1.5,True,603,-0.108,-65.1,33.8,0.82,397,-0.104,-41.3,31.0,0.81
wick,0.38,0.2,0.25,False,atr1.5,fixed1.5,False,603,-0.113,-68.2,38.5,0.83,397,-0.15,-59.4,36.0,0.78
wick,0.38,0.2,0.25,False,atr1.5,fixed2.0,True,603,-0.111,-67.1,25.2,0.81,397,-0.092,-36.4,23.9,0.84
wick,0.38,0.2,0.25,False,atr1.5,fixed2.0,False,603,-0.111,-66.9,32.3,0.85,397,-0.107,-42.7,31.5,0.85
wick,0.38,0.2,0.25,False,atr2.0,trail3,True,583,-0.098,-57.3,42.9,0.82,394,-0.086,-34.0,41.9,0.85
wick,0.38,0.2,0.25,False,atr2.0,trail3,False,583,-0.1,-58.4,43.4,0.82,394,-0.091,-36.0,42.1,0.84
wick,0.38,0.2,0.25,False,atr2.0,trail5,True,583,-0.119,-69.4,38.9,0.79,394,-0.044,-17.5,39.1,0.92
wick,0.38,0.2,0.25,False,atr2.0,trail5,False,583,-0.123,-71.8,39.6,0.79,394,-0.048,-19.1,40.1,0.91
wick,0.38,0.2,0.25,False,atr2.0,trail8,True,583,-0.123,-71.6,34.3,0.78,394,-0.057,-22.3,35.3,0.9
wick,0.38,0.2,0.25,False,atr2.0,trail8,False,583,-0.119,-69.6,36.0,0.8,394,-0.062,-24.4,36.8,0.89
wick,0.38,0.2,0.25,False,atr2.0,trail12,True,583,-0.126,-73.7,29.2,0.78,394,-0.008,-3.2,31.5,0.99
wick,0.38,0.2,0.25,False,atr2.0,trail12,False,583,-0.139,-81.2,30.9,0.77,394,-0.024,-9.4,33.0,0.96
wick,0.38,0.2,0.25,False,atr2.0,fixed1.0,True,583,-0.1,-58.4,48.0,0.82,394,-0.109,-42.9,46.4,0.8
wick,0.38,0.2,0.25,False,atr2.0,fixed1.0,False,583,-0.1,-58.4,48.0,0.82,394,-0.109,-42.9,46.4,0.8
wick,0.38,0.2,0.25,False,atr2.0,fixed1.5,True,583,-0.099,-57.8,32.1,0.82,394,-0.08,-31.4,33.0,0.86
wick,0.38,0.2,0.25,False,atr2.0,fixed1.5,False,583,-0.096,-56.2,38.8,0.85,394,-0.056,-22.0,39.3,0.91
wick,0.38,0.2,0.25,False,atr2.0,fixed2.0,True,583,-0.09,-52.4,24.5,0.84,394,-0.099,-39.1,23.9,0.82
wick,0.38,0.2,0.25,False,atr2.0,fixed2.0,False,583,-0.122,-71.1,31.6,0.83,394,-0.113,-44.7,30.7,0.84
wick,0.38,0.2,0.25,False,atr2.5,trail3,True,567,-0.085,-47.9,45.7,0.84,384,-0.097,-37.3,44.3,0.82
wick,0.38,0.2,0.25,False,atr2.5,trail3,False,567,-0.089,-50.6,45.7,0.84,384,-0.102,-39.0,44.3,0.82
wick,0.38,0.2,0.25,False,atr2.5,trail5,True,567,-0.105,-59.6,43.2,0.81,384,-0.092,-35.5,43.0,0.83
wick,0.38,0.2,0.25,False,atr2.5,trail5,False,567,-0.115,-65.3,43.2,0.79,384,-0.097,-37.4,43.2,0.82
wick,0.38,0.2,0.25,False,atr2.5,trail8,True,567,-0.101,-57.1,39.5,0.81,384,-0.102,-39.1,38.3,0.81
wick,0.38,0.2,0.25,False,atr2.5,trail8,False,567,-0.108,-61.4,40.2,0.81,384,-0.104,-40.0,39.6,0.81
wick,0.38,0.2,0.25,False,atr2.5,trail12,True,567,-0.109,-61.6,34.4,0.8,384,-0.071,-27.2,35.4,0.87
wick,0.38,0.2,0.25,False,atr2.5,trail12,False,567,-0.127,-72.1,35.3,0.78,384,-0.049,-18.7,37.2,0.91
wick,0.38,0.2,0.25,False,atr2.5,fixed1.0,True,567,-0.076,-43.0,48.7,0.86,384,-0.087,-33.5,47.1,0.84
wick,0.38,0.2,0.25,False,atr2.5,fixed1.0,False,567,-0.076,-43.0,48.7,0.86,384,-0.087,-33.5,47.1,0.84
wick,0.38,0.2,0.25,False,atr2.5,fixed1.5,True,567,-0.082,-46.6,32.1,0.85,384,-0.091,-35.1,31.2,0.83
wick,0.38,0.2,0.25,False,atr2.5,fixed1.5,False,567,-0.095,-54.0,38.4,0.85,384,-0.1,-38.5,37.0,0.85
wick,0.38,0.2,0.25,False,atr2.5,fixed2.0,True,567,-0.09,-51.1,24.0,0.84,384,-0.12,-46.0,22.1,0.78
wick,0.38,0.2,0.25,False,atr2.5,fixed2.0,False,567,-0.109,-61.6,31.9,0.85,384,-0.113,-43.3,30.7,0.84
wick,0.38,0.2,0.25,False,atr3.0,trail3,True,545,-0.063,-34.4,47.5,0.88,370,-0.07,-25.8,46.8,0.87
wick,0.38,0.2,0.25,False,atr3.0,trail3,False,545,-0.068,-37.1,47.7,0.87,370,-0.073,-27.1,46.8,0.86
wick,0.38,0.2,0.25,False,atr3.0,trail5,True,545,-0.088,-47.9,46.2,0.83,370,-0.038,-14.1,45.4,0.93
wick,0.38,0.2,0.25,False,atr3.0,trail5,False,545,-0.095,-51.7,46.2,0.82,370,-0.044,-16.2,45.4,0.92
wick,0.38,0.2,0.25,False,atr3.0,trail8,True,545,-0.086,-47.1,42.6,0.83,370,-0.043,-16.0,42.2,0.92
wick,0.38,0.2,0.25,False,atr3.0,trail8,False,545,-0.092,-50.1,43.1,0.83,370,-0.046,-17.1,43.0,0.91
wick,0.38,0.2,0.25,False,atr3.0,trail12,True,545,-0.088,-48.2,38.0,0.83,370,-0.026,-9.7,39.5,0.95
wick,0.38,0.2,0.25,False,atr3.0,trail12,False,545,-0.102,-55.5,38.9,0.81,370,-0.033,-12.4,40.3,0.94
wick,0.38,0.2,0.25,False,atr3.0,fixed1.0,True,545,-0.039,-21.5,50.1,0.92,370,-0.057,-20.9,48.1,0.89
wick,0.38,0.2,0.25,False,atr3.0,fixed1.0,False,545,-0.039,-21.5,50.1,0.92,370,-0.057,-20.9,48.1,0.89
wick,0.38,0.2,0.25,False,atr3.0,fixed1.5,True,545,-0.063,-34.3,32.3,0.88,370,-0.073,-27.1,30.8,0.86
wick,0.38,0.2,0.25,False,atr3.0,fixed1.5,False,545,-0.099,-54.2,38.0,0.85,370,-0.112,-41.5,36.2,0.83
wick,0.38,0.2,0.25,False,atr3.0,fixed2.0,True,545,-0.064,-35.1,24.8,0.88,370,-0.054,-20.0,24.6,0.9
wick,0.38,0.2,0.25,False,atr3.0,fixed2.0,False,545,-0.104,-56.4,32.1,0.85,370,-0.056,-20.6,32.7,0.92
wick,0.38,0.2,0.25,False,struct5,trail3,True,564,-0.095,-53.4,45.4,0.82,386,-0.072,-27.9,42.5,0.87
wick,0.38,0.2,0.25,False,struct5,trail3,False,564,-0.096,-54.0,45.9,0.82,386,-0.073,-28.1,42.7,0.87
wick,0.38,0.2,0.25,False,struct5,trail5,True,564,-0.125,-70.4,42.9,0.77,386,-0.045,-17.4,40.4,0.92
wick,0.38,0.2,0.25,False,struct5,trail5,False,564,-0.131,-73.9,43.6,0.76,386,-0.048,-18.4,41.5,0.92
wick,0.38,0.2,0.25,False,struct5,trail8,True,564,-0.128,-72.1,39.0,0.76,386,-0.072,-27.7,36.8,0.87
wick,0.38,0.2,0.25,False,struct5,trail8,False,564,-0.143,-80.4,40.1,0.75,386,-0.076,-29.5,38.6,0.87
wick,0.38,0.2,0.25,False,struct5,trail12,True,564,-0.137,-77.4,33.7,0.75,386,-0.044,-16.9,33.4,0.92
wick,0.38,0.2,0.25,False,struct5,trail12,False,564,-0.169,-95.0,34.6,0.71,386,-0.058,-22.5,35.0,0.9
wick,0.38,0.2,0.25,False,struct5,fixed1.0,True,564,-0.069,-38.7,49.5,0.87,386,-0.114,-43.9,46.1,0.8
wick,0.38,0.2,0.25,False,struct5,fixed1.0,False,564,-0.069,-38.7,49.5,0.87,386,-0.114,-43.9,46.1,0.8
wick,0.38,0.2,0.25,False,struct5,fixed1.5,True,564,-0.094,-53.0,32.1,0.83,386,-0.087,-33.6,32.9,0.85
wick,0.38,0.2,0.25,False,struct5,fixed1.5,False,564,-0.095,-53.7,39.2,0.85,386,-0.095,-36.8,37.6,0.85
wick,0.38,0.2,0.25,False,struct5,fixed2.0,True,564,-0.07,-39.7,26.4,0.87,386,-0.115,-44.2,23.8,0.8
wick,0.38,0.2,0.25,False,struct5,fixed2.0,False,564,-0.096,-53.9,33.5,0.86,386,-0.084,-32.3,31.9,0.88
wick,0.38,0.2,0.25,True,atr1.5,trail3,True,583,-0.094,-55.0,38.3,0.84,367,-0.11,-40.3,39.2,0.8
wick,0.38,0.2,0.25,True,atr1.5,trail3,False,583,-0.096,-56.1,39.6,0.84,367,-0.131,-48.1,39.5,0.77
wick,0.38,0.2,0.25,True,atr1.5,trail5,True,583,-0.115,-67.0,35.0,0.8,367,-0.102,-37.4,33.0,0.81
wick,0.38,0.2,0.25,True,atr1.5,trail5,False,583,-0.119,-69.4,36.4,0.8,367,-0.122,-44.7,34.9,0.79
wick,0.38,0.2,0.25,True,atr1.5,trail8,True,583,-0.111,-64.6,30.2,0.81,367,-0.096,-35.4,27.8,0.82
wick,0.38,0.2,0.25,True,atr1.5,trail8,False,583,-0.116,-67.8,32.1,0.81,367,-0.106,-38.7,31.6,0.82
wick,0.38,0.2,0.25,True,atr1.5,trail12,True,583,-0.095,-55.4,24.7,0.84,367,-0.076,-28.0,23.7,0.86
wick,0.38,0.2,0.25,True,atr1.5,trail12,False,583,-0.109,-63.5,26.8,0.83,367,-0.103,-37.9,27.5,0.83
wick,0.38,0.2,0.25,True,atr1.5,fixed1.0,True,583,-0.134,-78.2,47.0,0.76,367,-0.066,-24.2,49.3,0.88
wick,0.38,0.2,0.25,True,atr1.5,fixed1.0,False,583,-0.134,-78.2,47.0,0.76,367,-0.066,-24.2,49.3,0.88
wick,0.38,0.2,0.25,True,atr1.5,fixed1.5,True,583,-0.079,-46.3,35.0,0.86,367,-0.079,-29.0,31.9,0.85
wick,0.38,0.2,0.25,True,atr1.5,fixed1.5,False,583,-0.084,-49.0,39.6,0.87,367,-0.131,-48.0,36.8,0.8
wick,0.38,0.2,0.25,True,atr1.5,fixed2.0,True,583,-0.083,-48.3,26.1,0.86,367,-0.074,-27.1,24.3,0.87
wick,0.38,0.2,0.25,True,atr1.5,fixed2.0,False,583,-0.069,-40.2,33.6,0.9,367,-0.096,-35.4,31.9,0.87
wick,0.38,0.2,0.25,True,atr2.0,trail3,True,564,-0.076,-42.9,44.3,0.86,366,-0.119,-43.6,41.8,0.79
wick,0.38,0.2,0.25,True,atr2.0,trail3,False,564,-0.078,-43.9,44.9,0.86,366,-0.125,-45.6,42.1,0.78
wick,0.38,0.2,0.25,True,atr2.0,trail5,True,564,-0.101,-57.1,40.4,0.81,366,-0.085,-31.0,39.1,0.85
wick,0.38,0.2,0.25,True,atr2.0,trail5,False,564,-0.104,-58.8,41.1,0.81,366,-0.089,-32.6,40.2,0.84
wick,0.38,0.2,0.25,True,atr2.0,trail8,True,564,-0.107,-60.5,35.1,0.8,366,-0.091,-33.3,35.2,0.84
wick,0.38,0.2,0.25,True,atr2.0,trail8,False,564,-0.101,-57.1,37.1,0.82,366,-0.096,-35.0,36.9,0.83
wick,0.38,0.2,0.25,True,atr2.0,trail12,True,564,-0.105,-59.0,30.0,0.81,366,-0.054,-19.7,31.7,0.9
wick,0.38,0.2,0.25,True,atr2.0,trail12,False,564,-0.106,-60.1,32.1,0.82,366,-0.068,-25.0,33.3,0.88
wick,0.38,0.2,0.25,True,atr2.0,fixed1.0,True,564,-0.074,-42.0,49.3,0.86,366,-0.105,-38.3,46.7,0.81
wick,0.38,0.2,0.25,True,atr2.0,fixed1.0,False,564,-0.074,-42.0,49.3,0.86,366,-0.105,-38.3,46.7,0.81
wick,0.38,0.2,0.25,True,atr2.0,fixed1.5,True,564,-0.07,-39.4,33.2,0.87,366,-0.076,-27.7,33.1,0.86
wick,0.38,0.2,0.25,True,atr2.0,fixed1.5,False,564,-0.056,-31.8,40.2,0.91,366,-0.056,-20.3,39.3,0.91
wick,0.38,0.2,0.25,True,atr2.0,fixed2.0,True,564,-0.064,-36.0,25.2,0.88,366,-0.104,-37.9,23.5,0.82
wick,0.38,0.2,0.25,True,atr2.0,fixed2.0,False,564,-0.07,-39.7,33.2,0.9,366,-0.108,-39.5,30.9,0.85
wick,0.38,0.2,0.25,True,atr2.5,trail3,True,544,-0.062,-34.0,46.9,0.88,356,-0.125,-44.5,44.4,0.77
wick,0.38,0.2,0.25,True,atr2.5,trail3,False,544,-0.067,-36.7,46.9,0.87,356,-0.128,-45.6,44.4,0.77
wick,0.38,0.2,0.25,True,atr2.5,trail5,True,544,-0.085,-46.0,44.3,0.84,356,-0.128,-45.6,43.3,0.77
wick,0.38,0.2,0.25,True,atr2.5,trail5,False,544,-0.095,-51.8,44.3,0.82,356,-0.131,-46.6,43.5,0.76
wick,0.38,0.2,0.25,True,atr2.5,trail8,True,544,-0.08,-43.8,40.3,0.85,356,-0.135,-48.1,38.5,0.75
wick,0.38,0.2,0.25,True,atr2.5,trail8,False,544,-0.087,-47.6,41.2,0.84,356,-0.134,-47.8,39.9,0.76
wick,0.38,0.2,0.25,True,atr2.5,trail12,True,544,-0.086,-46.8,35.1,0.84,356,-0.114,-40.5,35.1,0.79
wick,0.38,0.2,0.25,True,atr2.5,trail12,False,544,-0.097,-52.7,36.4,0.83,356,-0.087,-30.9,37.1,0.85
wick,0.38,0.2,0.25,True,atr2.5,fixed1.0,True,544,-0.049,-26.8,50.0,0.91,356,-0.09,-32.2,46.9,0.83
wick,0.38,0.2,0.25,True,atr2.5,fixed1.0,False,544,-0.049,-26.8,50.0,0.91,356,-0.09,-32.2,46.9,0.83
wick,0.38,0.2,0.25,True,atr2.5,fixed1.5,True,544,-0.057,-30.9,32.9,0.89,356,-0.102,-36.3,30.6,0.82
wick,0.38,0.2,0.25,True,atr2.5,fixed1.5,False,544,-0.061,-33.3,39.7,0.9,356,-0.096,-34.3,37.1,0.85
wick,0.38,0.2,0.25,True,atr2.5,fixed2.0,True,544,-0.064,-34.8,24.6,0.88,356,-0.131,-46.8,21.6,0.76
wick,0.38,0.2,0.25,True,atr2.5,fixed2.0,False,544,-0.065,-35.4,33.3,0.91,356,-0.113,-40.2,30.6,0.84
wick,0.38,0.2,0.25,True,atr3.0,trail3,True,529,-0.051,-26.8,48.4,0.9,344,-0.101,-34.8,46.5,0.81
wick,0.38,0.2,0.25,True,atr3.0,trail3,False,529,-0.052,-27.5,48.8,0.9,344,-0.103,-35.4,46.5,0.81
wick,0.38,0.2,0.25,True,atr3.0,trail5,True,529,-0.077,-40.6,47.1,0.85,344,-0.073,-25.1,45.1,0.86
wick,0.38,0.2,0.25,True,atr3.0,trail5,False,529,-0.08,-42.1,47.3,0.85,344,-0.077,-26.3,45.1,0.86
wick,0.38,0.2,0.25,True,atr3.0,trail8,True,529,-0.074,-39.2,42.9,0.86,344,-0.075,-25.8,41.6,0.86
wick,0.38,0.2,0.25,True,atr3.0,trail8,False,529,-0.075,-39.6,43.9,0.86,344,-0.075,-26.0,42.4,0.86
wick,0.38,0.2,0.25,True,atr3.0,trail12,True,529,-0.078,-41.1,38.6,0.85,344,-0.065,-22.4,39.0,0.88
wick,0.38,0.2,0.25,True,atr3.0,trail12,False,529,-0.088,-46.7,39.5,0.84,344,-0.07,-24.1,39.8,0.87
wick,0.38,0.2,0.25,True,atr3.0,fixed1.0,True,529,-0.026,-13.7,50.7,0.95,344,-0.065,-22.3,47.7,0.88
wick,0.38,0.2,0.25,True,atr3.0,fixed1.0,False,529,-0.026,-13.7,50.7,0.95,344,-0.065,-22.3,47.7,0.88
wick,0.38,0.2,0.25,True,atr3.0,fixed1.5,True,529,-0.062,-33.0,31.8,0.88,344,-0.077,-26.5,30.8,0.86
wick,0.38,0.2,0.25,True,atr3.0,fixed1.5,False,529,-0.077,-40.9,38.8,0.88,344,-0.116,-39.9,36.0,0.82
wick,0.38,0.2,0.25,True,atr3.0,fixed2.0,True,529,-0.055,-29.2,24.8,0.89,344,-0.064,-22.1,24.1,0.88
wick,0.38,0.2,0.25,True,atr3.0,fixed2.0,False,529,-0.065,-34.6,33.3,0.91,344,-0.054,-18.6,32.6,0.92
wick,0.38,0.2,0.25,True,struct5,trail3,True,543,-0.063,-34.0,47.1,0.88,356,-0.124,-44.2,43.8,0.77
wick,0.38,0.2,0.25,True,struct5,trail3,False,543,-0.066,-35.9,47.5,0.87,356,-0.129,-45.8,43.8,0.77
wick,0.38,0.2,0.25,True,struct5,trail5,True,543,-0.096,-52.1,44.8,0.82,356,-0.115,-41.0,41.3,0.79
wick,0.38,0.2,0.25,True,struct5,trail5,False,543,-0.104,-56.2,45.3,0.81,356,-0.12,-42.8,42.1,0.78
wick,0.38,0.2,0.25,True,struct5,trail8,True,543,-0.099,-53.9,40.5,0.81,356,-0.136,-48.3,37.4,0.75
wick,0.38,0.2,0.25,True,struct5,trail8,False,543,-0.113,-61.5,41.6,0.79,356,-0.143,-50.9,39.0,0.75
wick,0.38,0.2,0.25,True,struct5,trail12,True,543,-0.11,-59.8,35.2,0.79,356,-0.126,-44.9,33.7,0.77
wick,0.38,0.2,0.25,True,struct5,trail12,False,543,-0.137,-74.5,36.3,0.76,356,-0.144,-51.4,35.4,0.75
wick,0.38,0.2,0.25,True,struct5,fixed1.0,True,543,-0.037,-20.3,51.0,0.93,356,-0.091,-32.5,47.2,0.83
wick,0.38,0.2,0.25,True,struct5,fixed1.0,False,543,-0.037,-20.3,51.0,0.93,356,-0.091,-32.5,47.2,0.83
wick,0.38,0.2,0.25,True,struct5,fixed1.5,True,543,-0.058,-31.6,33.5,0.89,356,-0.071,-25.1,33.1,0.87
wick,0.38,0.2,0.25,True,struct5,fixed1.5,False,543,-0.063,-34.2,40.5,0.9,356,-0.079,-28.1,37.9,0.88
wick,0.38,0.2,0.25,True,struct5,fixed2.0,True,543,-0.052,-28.3,26.7,0.9,356,-0.112,-39.7,23.3,0.8
wick,0.38,0.2,0.25,True,struct5,fixed2.0,False,543,-0.071,-38.5,34.4,0.9,356,-0.08,-28.6,31.7,0.89
wick,0.38,0.2,0.5,False,atr1.5,trail3,True,597,-0.101,-60.3,37.7,0.83,396,-0.086,-34.1,38.1,0.84
wick,0.38,0.2,0.5,False,atr1.5,trail3,False,597,-0.103,-61.6,39.0,0.83,396,-0.103,-40.7,38.6,0.82
wick,0.38,0.2,0.5,False,atr1.5,trail5,True,597,-0.117,-69.7,34.2,0.8,396,-0.058,-23.1,32.1,0.89
wick,0.38,0.2,0.5,False,atr1.5,trail5,False,597,-0.12,-71.5,35.7,0.8,396,-0.078,-30.8,34.1,0.87
wick,0.38,0.2,0.5,False,atr1.5,trail8,True,597,-0.111,-66.3,29.8,0.81,396,-0.057,-22.7,27.5,0.9
wick,0.38,0.2,0.5,False,atr1.5,trail8,False,597,-0.114,-68.0,31.7,0.82,396,-0.068,-27.0,31.3,0.89
wick,0.38,0.2,0.5,False,atr1.5,trail12,True,597,-0.1,-59.8,24.3,0.83,396,-0.018,-7.0,24.0,0.97
wick,0.38,0.2,0.5,False,atr1.5,trail12,False,597,-0.122,-72.6,26.1,0.82,396,-0.049,-19.3,27.3,0.92
wick,0.38,0.2,0.5,False,atr1.5,fixed1.0,True,597,-0.147,-87.7,46.4,0.75,396,-0.082,-32.4,48.5,0.85
wick,0.38,0.2,0.5,False,atr1.5,fixed1.0,False,597,-0.147,-87.7,46.4,0.75,396,-0.082,-32.4,48.5,0.85
wick,0.38,0.2,0.5,False,atr1.5,fixed1.5,True,597,-0.101,-60.3,34.0,0.83,396,-0.103,-40.8,30.8,0.81
wick,0.38,0.2,0.5,False,atr1.5,fixed1.5,False,597,-0.102,-60.8,39.0,0.84,396,-0.154,-60.8,35.9,0.77
wick,0.38,0.2,0.5,False,atr1.5,fixed2.0,True,597,-0.095,-56.8,25.8,0.84,396,-0.087,-34.3,24.0,0.84
wick,0.38,0.2,0.5,False,atr1.5,fixed2.0,False,597,-0.087,-51.8,33.2,0.88,396,-0.105,-41.6,31.6,0.85
wick,0.38,0.2,0.5,False,atr2.0,trail3,True,577,-0.08,-46.0,43.5,0.86,394,-0.086,-34.0,41.9,0.85
wick,0.38,0.2,0.5,False,atr2.0,trail3,False,577,-0.082,-47.1,44.0,0.85,394,-0.091,-36.0,42.1,0.84
wick,0.38,0.2,0.5,False,atr2.0,trail5,True,577,-0.101,-58.4,39.5,0.82,394,-0.044,-17.2,39.1,0.92
wick,0.38,0.2,0.5,False,atr2.0,trail5,False,577,-0.105,-60.8,40.2,0.81,394,-0.048,-18.9,40.1,0.92
wick,0.38,0.2,0.5,False,atr2.0,trail8,True,577,-0.105,-60.4,34.8,0.81,394,-0.055,-21.7,35.5,0.9
wick,0.38,0.2,0.5,False,atr2.0,trail8,False,577,-0.101,-58.3,36.6,0.83,394,-0.061,-24.0,37.1,0.9
wick,0.38,0.2,0.5,False,atr2.0,trail12,True,577,-0.105,-60.7,29.6,0.81,394,-0.007,-2.8,31.7,0.99
wick,0.38,0.2,0.5,False,atr2.0,trail12,False,577,-0.118,-68.2,31.4,0.8,394,-0.023,-9.0,33.2,0.96
wick,0.38,0.2,0.5,False,atr2.0,fixed1.0,True,577,-0.087,-50.1,48.7,0.84,394,-0.109,-42.9,46.4,0.8
wick,0.38,0.2,0.5,False,atr2.0,fixed1.0,False,577,-0.087,-50.1,48.7,0.84,394,-0.109,-42.9,46.4,0.8
wick,0.38,0.2,0.5,False,atr2.0,fixed1.5,True,577,-0.082,-47.5,32.8,0.85,394,-0.08,-31.4,33.0,0.86
wick,0.38,0.2,0.5,False,atr2.0,fixed1.5,False,577,-0.074,-42.5,39.7,0.89,394,-0.056,-22.0,39.3,0.91
wick,0.38,0.2,0.5,False,atr2.0,fixed2.0,True,577,-0.071,-41.1,25.1,0.87,394,-0.099,-39.1,23.9,0.82
wick,0.38,0.2,0.5,False,atr2.0,fixed2.0,False,577,-0.097,-55.9,32.4,0.87,394,-0.113,-44.6,30.7,0.84
wick,0.38,0.2,0.5,False,atr2.5,trail3,True,561,-0.073,-41.0,46.2,0.86,382,-0.099,-37.9,44.0,0.82
wick,0.38,0.2,0.5,False,atr2.5,trail3,False,561,-0.078,-43.7,46.2,0.86,382,-0.104,-39.6,44.0,0.81
wick,0.38,0.2,0.5,False,atr2.5,trail5,True,561,-0.094,-52.6,43.7,0.83,382,-0.094,-35.8,42.7,0.83
wick,0.38,0.2,0.5,False,atr2.5,trail5,False,561,-0.104,-58.3,43.7,0.81,382,-0.099,-37.7,42.9,0.82
wick,0.38,0.2,0.5,False,atr2.5,trail8,True,561,-0.089,-49.9,39.9,0.83,382,-0.102,-39.0,38.5,0.81
wick,0.38,0.2,0.5,False,atr2.5,trail8,False,561,-0.097,-54.2,40.6,0.83,382,-0.105,-39.9,39.8,0.81
wick,0.38,0.2,0.5,False,atr2.5,trail12,True,561,-0.095,-53.3,34.8,0.82,382,-0.071,-27.1,35.6,0.87
wick,0.38,0.2,0.5,False,atr2.5,trail12,False,561,-0.114,-63.8,35.7,0.8,382,-0.048,-18.5,37.4,0.91
wick,0.38,0.2,0.5,False,atr2.5,fixed1.0,True,561,-0.067,-37.7,49.2,0.87,382,-0.093,-35.4,46.9,0.83
wick,0.38,0.2,0.5,False,atr2.5,fixed1.0,False,561,-0.067,-37.7,49.2,0.87,382,-0.093,-35.4,46.9,0.83
wick,0.38,0.2,0.5,False,atr2.5,fixed1.5,True,561,-0.072,-40.3,32.6,0.87,382,-0.092,-35.0,31.4,0.83
wick,0.38,0.2,0.5,False,atr2.5,fixed1.5,False,561,-0.081,-45.4,39.0,0.87,382,-0.095,-36.4,37.2,0.85
wick,0.38,0.2,0.5,False,atr2.5,fixed2.0,True,561,-0.08,-44.8,24.4,0.85,382,-0.12,-45.9,22.3,0.78
wick,0.38,0.2,0.5,False,atr2.5,fixed2.0,False,561,-0.094,-52.5,32.4,0.87,382,-0.108,-41.3,30.9,0.85
wick,0.38,0.2,0.5,False,atr3.0,trail3,True,540,-0.052,-28.1,48.0,0.9,368,-0.065,-24.0,47.0,0.88
wick,0.38,0.2,0.5,False,atr3.0,trail3,False,540,-0.057,-30.9,48.1,0.89,368,-0.069,-25.2,47.0,0.87
wick,0.38,0.2,0.5,False,atr3.0,trail5,True,540,-0.077,-41.5,46.7,0.85,368,-0.033,-12.2,45.7,0.94
wick,0.38,0.2,0.5,False,atr3.0,trail5,False,540,-0.084,-45.3,46.7,0.84,368,-0.039,-14.4,45.7,0.93
wick,0.38,0.2,0.5,False,atr3.0,trail8,True,540,-0.075,-40.4,43.0,0.85,368,-0.038,-13.9,42.4,0.93
wick,0.38,0.2,0.5,False,atr3.0,trail8,False,540,-0.081,-43.5,43.5,0.85,368,-0.041,-15.2,43.2,0.92
wick,0.38,0.2,0.5,False,atr3.0,trail12,True,540,-0.074,-40.2,38.5,0.86,368,-0.021,-7.7,39.7,0.96
wick,0.38,0.2,0.5,False,atr3.0,trail12,False,540,-0.088,-47.3,39.4,0.84,368,-0.029,-10.6,40.5,0.95
wick,0.38,0.2,0.5,False,atr3.0,fixed1.0,True,540,-0.031,-16.5,50.6,0.94,368,-0.051,-18.9,48.4,0.9
wick,0.38,0.2,0.5,False,atr3.0,fixed1.0,False,540,-0.031,-16.5,50.6,0.94,368,-0.051,-18.9,48.4,0.9
wick,0.38,0.2,0.5,False,atr3.0,fixed1.5,True,540,-0.054,-29.2,32.6,0.9,368,-0.068,-25.1,31.0,0.87
wick,0.38,0.2,0.5,False,atr3.0,fixed1.5,False,540,-0.087,-46.9,38.5,0.86,368,-0.107,-39.4,36.4,0.83
wick,0.38,0.2,0.5,False,atr3.0,fixed2.0,True,540,-0.056,-30.0,25.0,0.89,368,-0.049,-17.9,24.7,0.91
wick,0.38,0.2,0.5,False,atr3.0,fixed2.0,False,540,-0.09,-48.6,32.6,0.87,368,-0.051,-18.6,32.9,0.93
wick,0.38,0.2,0.5,False,struct5,trail3,True,558,-0.075,-41.9,46.1,0.86,385,-0.071,-27.5,42.6,0.87
wick,0.38,0.2,0.5,False,struct5,trail3,False,558,-0.076,-42.5,46.6,0.86,385,-0.072,-27.7,42.9,0.87
wick,0.38,0.2,0.5,False,struct5,trail5,True,558,-0.106,-59.4,43.5,0.8,385,-0.044,-16.8,40.5,0.92
wick,0.38,0.2,0.5,False,struct5,trail5,False,558,-0.113,-62.9,44.3,0.79,385,-0.046,-17.9,41.6,0.92
wick,0.38,0.2,0.5,False,struct5,trail8,True,558,-0.111,-62.1,39.6,0.79,385,-0.069,-26.6,36.9,0.88
wick,0.38,0.2,0.5,False,struct5,trail8,False,558,-0.126,-70.3,40.7,0.77,385,-0.075,-28.7,38.7,0.87
wick,0.38,0.2,0.5,False,struct5,trail12,True,558,-0.119,-66.1,34.2,0.78,385,-0.041,-15.8,33.5,0.93
wick,0.38,0.2,0.5,False,struct5,trail12,False,558,-0.15,-83.8,35.1,0.74,385,-0.056,-21.7,35.1,0.9
wick,0.38,0.2,0.5,False,struct5,fixed1.0,True,558,-0.053,-29.5,50.2,0.9,385,-0.111,-42.9,46.2,0.8
wick,0.38,0.2,0.5,False,struct5,fixed1.0,False,558,-0.053,-29.5,50.2,0.9,385,-0.111,-42.9,46.2,0.8
wick,0.38,0.2,0.5,False,struct5,fixed1.5,True,558,-0.082,-45.8,32.3,0.85,385,-0.085,-32.5,33.0,0.85
wick,0.38,0.2,0.5,False,struct5,fixed1.5,False,558,-0.08,-44.9,39.8,0.87,385,-0.093,-35.8,37.7,0.86
wick,0.38,0.2,0.5,False,struct5,fixed2.0,True,558,-0.055,-30.5,26.7,0.9,385,-0.117,-45.2,23.6,0.79
wick,0.38,0.2,0.5,False,struct5,fixed2.0,False,558,-0.075,-41.6,34.2,0.89,385,-0.089,-34.3,31.7,0.87
wick,0.38,0.2,0.5,True,atr1.5,trail3,True,575,-0.088,-50.4,38.6,0.85,366,-0.104,-38.2,39.6,0.8
wick,0.38,0.2,0.5,True,atr1.5,trail3,False,575,-0.089,-51.4,40.0,0.85,366,-0.126,-46.0,39.9,0.77
wick,0.38,0.2,0.5,True,atr1.5,trail5,True,575,-0.108,-62.2,35.3,0.81,366,-0.096,-35.1,33.1,0.82
wick,0.38,0.2,0.5,True,atr1.5,trail5,False,575,-0.112,-64.5,36.7,0.81,366,-0.117,-42.8,35.0,0.8
wick,0.38,0.2,0.5,True,atr1.5,trail8,True,575,-0.104,-60.0,30.3,0.82,366,-0.089,-32.7,28.1,0.84
wick,0.38,0.2,0.5,True,atr1.5,trail8,False,575,-0.11,-63.3,32.2,0.82,366,-0.101,-36.9,32.0,0.83
wick,0.38,0.2,0.5,True,atr1.5,trail12,True,575,-0.088,-50.5,24.7,0.85,366,-0.069,-25.4,24.0,0.87
wick,0.38,0.2,0.5,True,atr1.5,trail12,False,575,-0.102,-58.7,26.8,0.84,366,-0.098,-36.0,27.9,0.84
wick,0.38,0.2,0.5,True,atr1.5,fixed1.0,True,575,-0.128,-73.9,47.3,0.77,366,-0.058,-21.1,49.7,0.89
wick,0.38,0.2,0.5,True,atr1.5,fixed1.0,False,575,-0.128,-73.9,47.3,0.77,366,-0.058,-21.1,49.7,0.89
wick,0.38,0.2,0.5,True,atr1.5,fixed1.5,True,575,-0.077,-44.4,35.0,0.87,366,-0.078,-28.4,31.7,0.86
wick,0.38,0.2,0.5,True,atr1.5,fixed1.5,False,575,-0.077,-44.5,40.0,0.88,366,-0.135,-49.5,36.6,0.8
wick,0.38,0.2,0.5,True,atr1.5,fixed2.0,True,575,-0.073,-41.9,26.4,0.87,366,-0.068,-25.0,24.3,0.87
wick,0.38,0.2,0.5,True,atr1.5,fixed2.0,False,575,-0.05,-29.0,34.3,0.93,366,-0.094,-34.3,32.0,0.87
wick,0.38,0.2,0.5,True,atr2.0,trail3,True,556,-0.067,-37.2,44.8,0.88,366,-0.119,-43.5,41.8,0.79
wick,0.38,0.2,0.5,True,atr2.0,trail3,False,556,-0.069,-38.1,45.3,0.87,366,-0.125,-45.6,42.1,0.78
wick,0.38,0.2,0.5,True,atr2.0,trail5,True,556,-0.092,-51.0,40.8,0.83,366,-0.084,-30.8,39.1,0.85
wick,0.38,0.2,0.5,True,atr2.0,trail5,False,556,-0.095,-52.7,41.5,0.83,366,-0.089,-32.4,40.2,0.84
wick,0.38,0.2,0.5,True,atr2.0,trail8,True,556,-0.097,-54.0,35.4,0.82,366,-0.089,-32.7,35.5,0.84
wick,0.38,0.2,0.5,True,atr2.0,trail8,False,556,-0.091,-50.6,37.4,0.84,366,-0.094,-34.5,37.2,0.84
wick,0.38,0.2,0.5,True,atr2.0,trail12,True,556,-0.095,-52.6,30.2,0.83,366,-0.053,-19.3,32.0,0.91
wick,0.38,0.2,0.5,True,atr2.0,trail12,False,556,-0.096,-53.6,32.4,0.84,366,-0.067,-24.5,33.6,0.89
wick,0.38,0.2,0.5,True,atr2.0,fixed1.0,True,556,-0.064,-35.6,49.8,0.88,366,-0.105,-38.3,46.7,0.81
wick,0.38,0.2,0.5,True,atr2.0,fixed1.0,False,556,-0.064,-35.6,49.8,0.88,366,-0.105,-38.3,46.7,0.81
wick,0.38,0.2,0.5,True,atr2.0,fixed1.5,True,556,-0.058,-32.1,33.6,0.89,366,-0.076,-27.7,33.1,0.86
wick,0.38,0.2,0.5,True,atr2.0,fixed1.5,False,556,-0.038,-21.1,41.0,0.94,366,-0.055,-20.3,39.3,0.91
wick,0.38,0.2,0.5,True,atr2.0,fixed2.0,True,556,-0.052,-28.7,25.5,0.91,366,-0.104,-37.9,23.5,0.82
wick,0.38,0.2,0.5,True,atr2.0,fixed2.0,False,556,-0.051,-28.5,33.8,0.93,366,-0.108,-39.4,30.9,0.85
wick,0.38,0.2,0.5,True,atr2.5,trail3,True,537,-0.054,-29.1,47.3,0.9,355,-0.127,-45.0,44.2,0.77
wick,0.38,0.2,0.5,True,atr2.5,trail3,False,537,-0.059,-31.8,47.3,0.89,355,-0.13,-46.1,44.2,0.76
wick,0.38,0.2,0.5,True,atr2.5,trail5,True,537,-0.076,-40.8,44.7,0.86,355,-0.129,-45.9,43.1,0.76
wick,0.38,0.2,0.5,True,atr2.5,trail5,False,537,-0.087,-46.5,44.7,0.84,355,-0.132,-46.9,43.4,0.76
wick,0.38,0.2,0.5,True,atr2.5,trail8,True,537,-0.071,-38.3,40.6,0.86,355,-0.135,-48.0,38.6,0.75
wick,0.38,0.2,0.5,True,atr2.5,trail8,False,537,-0.078,-42.1,41.5,0.86,355,-0.135,-47.8,40.0,0.76
wick,0.38,0.2,0.5,True,atr2.5,trail12,True,537,-0.076,-40.9,35.4,0.86,355,-0.114,-40.5,35.2,0.79
wick,0.38,0.2,0.5,True,atr2.5,trail12,False,537,-0.087,-46.8,36.7,0.84,355,-0.087,-30.8,37.2,0.85
wick,0.38,0.2,0.5,True,atr2.5,fixed1.0,True,537,-0.042,-22.5,50.5,0.92,355,-0.093,-33.1,46.8,0.83
wick,0.38,0.2,0.5,True,atr2.5,fixed1.0,False,537,-0.042,-22.5,50.5,0.92,355,-0.093,-33.1,46.8,0.83
wick,0.38,0.2,0.5,True,atr2.5,fixed1.5,True,537,-0.048,-26.0,33.3,0.91,355,-0.102,-36.2,30.7,0.82
wick,0.38,0.2,0.5,True,atr2.5,fixed1.5,False,537,-0.049,-26.2,40.2,0.92,355,-0.094,-33.3,37.2,0.85
wick,0.38,0.2,0.5,True,atr2.5,fixed2.0,True,537,-0.057,-30.5,25.0,0.89,355,-0.132,-46.7,21.7,0.76
wick,0.38,0.2,0.5,True,atr2.5,fixed2.0,False,537,-0.053,-28.2,33.7,0.92,355,-0.11,-39.2,30.7,0.85
wick,0.38,0.2,0.5,True,atr3.0,trail3,True,522,-0.041,-21.2,48.9,0.92,342,-0.096,-32.9,46.8,0.82
wick,0.38,0.2,0.5,True,atr3.0,trail3,False,522,-0.042,-21.9,49.2,0.92,342,-0.098,-33.5,46.8,0.81
wick,0.38,0.2,0.5,True,atr3.0,trail5,True,522,-0.066,-34.7,47.5,0.87,342,-0.068,-23.3,45.3,0.87
wick,0.38,0.2,0.5,True,atr3.0,trail5,False,522,-0.069,-36.2,47.7,0.86,342,-0.072,-24.5,45.3,0.87
wick,0.38,0.2,0.5,True,atr3.0,trail8,True,522,-0.063,-32.9,43.3,0.88,342,-0.07,-23.8,41.8,0.87
wick,0.38,0.2,0.5,True,atr3.0,trail8,False,522,-0.064,-33.3,44.3,0.88,342,-0.071,-24.2,42.7,0.87
wick,0.38,0.2,0.5,True,atr3.0,trail12,True,522,-0.065,-34.1,39.1,0.87,342,-0.06,-20.4,39.2,0.89
wick,0.38,0.2,0.5,True,atr3.0,trail12,False,522,-0.076,-39.5,40.0,0.86,342,-0.065,-22.3,40.1,0.88
wick,0.38,0.2,0.5,True,atr3.0,fixed1.0,True,522,-0.017,-8.6,51.1,0.97,342,-0.059,-20.2,48.0,0.89
wick,0.38,0.2,0.5,True,atr3.0,fixed1.0,False,522,-0.017,-8.6,51.1,0.97,342,-0.059,-20.2,48.0,0.89
wick,0.38,0.2,0.5,True,atr3.0,fixed1.5,True,522,-0.054,-28.4,32.0,0.89,342,-0.072,-24.5,31.0,0.87
wick,0.38,0.2,0.5,True,atr3.0,fixed1.5,False,522,-0.065,-34.0,39.3,0.9,342,-0.111,-37.8,36.3,0.83
wick,0.38,0.2,0.5,True,atr3.0,fixed2.0,True,522,-0.048,-25.2,24.9,0.91,342,-0.059,-20.0,24.3,0.89
wick,0.38,0.2,0.5,True,atr3.0,fixed2.0,False,522,-0.053,-27.7,33.7,0.92,342,-0.049,-16.6,32.7,0.93
wick,0.38,0.2,0.5,True,struct5,trail3,True,536,-0.049,-26.2,47.8,0.9,355,-0.123,-43.8,43.9,0.77
wick,0.38,0.2,0.5,True,struct5,trail3,False,536,-0.052,-28.1,48.1,0.9,355,-0.128,-45.4,43.9,0.77
wick,0.38,0.2,0.5,True,struct5,trail5,True,536,-0.083,-44.4,45.3,0.84,355,-0.114,-40.4,41.4,0.79
wick,0.38,0.2,0.5,True,struct5,trail5,False,536,-0.091,-48.5,45.9,0.83,355,-0.119,-42.3,42.3,0.79
wick,0.38,0.2,0.5,True,struct5,trail8,True,536,-0.087,-46.8,41.0,0.83,355,-0.133,-47.2,37.5,0.76
wick,0.38,0.2,0.5,True,struct5,trail8,False,536,-0.102,-54.5,42.2,0.81,355,-0.141,-50.1,39.2,0.75
wick,0.38,0.2,0.5,True,struct5,trail12,True,536,-0.099,-52.9,35.6,0.81,355,-0.123,-43.8,33.8,0.77
wick,0.38,0.2,0.5,True,struct5,trail12,False,536,-0.126,-67.7,36.8,0.77,355,-0.142,-50.6,35.5,0.75
wick,0.38,0.2,0.5,True,struct5,fixed1.0,True,536,-0.023,-12.2,51.7,0.96,355,-0.089,-31.4,47.3,0.84
wick,0.38,0.2,0.5,True,struct5,fixed1.0,False,536,-0.023,-12.2,51.7,0.96,355,-0.089,-31.4,47.3,0.84
wick,0.38,0.2,0.5,True,struct5,fixed1.5,True,536,-0.048,-26.0,33.6,0.91,355,-0.068,-24.1,33.2,0.88
wick,0.38,0.2,0.5,True,struct5,fixed1.5,False,536,-0.05,-27.0,41.0,0.92,355,-0.076,-27.1,38.0,0.88
wick,0.38,0.2,0.5,True,struct5,fixed2.0,True,536,-0.04,-21.2,26.9,0.92,355,-0.115,-40.7,23.1,0.79
wick,0.38,0.2,0.5,True,struct5,fixed2.0,False,536,-0.053,-28.3,35.1,0.92,355,-0.086,-30.6,31.5,0.88
wick,0.5,0.0,0.0,False,atr1.5,trail3,True,605,-0.046,-27.6,38.3,0.92,387,-0.048,-18.7,41.9,0.91
wick,0.5,0.0,0.0,False,atr1.5,trail3,False,605,-0.043,-26.3,39.7,0.93,387,-0.068,-26.3,41.9,0.88
wick,0.5,0.0,0.0,False,atr1.5,trail5,True,605,-0.037,-22.5,33.9,0.93,387,-0.026,-10.2,36.7,0.95
wick,0.5,0.0,0.0,False,atr1.5,trail5,False,605,-0.034,-20.5,35.4,0.94,387,-0.052,-20.2,37.5,0.91
wick,0.5,0.0,0.0,False,atr1.5,trail8,True,605,-0.025,-15.0,30.9,0.96,387,-0.042,-16.1,30.5,0.92
wick,0.5,0.0,0.0,False,atr1.5,trail8,False,605,-0.011,-6.7,33.1,0.98,387,-0.067,-26.1,32.0,0.89
wick,0.5,0.0,0.0,False,atr1.5,trail12,True,605,-0.031,-18.5,25.1,0.95,387,-0.004,-1.4,24.8,0.99
wick,0.5,0.0,0.0,False,atr1.5,trail12,False,605,-0.034,-20.3,27.4,0.95,387,-0.044,-17.0,26.4,0.93
wick,0.5,0.0,0.0,False,atr1.5,fixed1.0,True,605,-0.12,-72.7,47.8,0.79,387,-0.064,-24.8,49.4,0.88
wick,0.5,0.0,0.0,False,atr1.5,fixed1.0,False,605,-0.12,-72.7,47.8,0.79,387,-0.064,-24.8,49.4,0.88
wick,0.5,0.0,0.0,False,atr1.5,fixed1.5,True,605,-0.08,-48.2,34.5,0.86,387,-0.045,-17.3,34.1,0.92
wick,0.5,0.0,0.0,False,atr1.5,fixed1.5,False,605,-0.074,-44.7,40.2,0.89,387,-0.081,-31.3,38.8,0.87
wick,0.5,0.0,0.0,False,atr1.5,fixed2.0,True,605,-0.112,-67.9,24.3,0.81,387,-0.025,-9.8,26.6,0.95
wick,0.5,0.0,0.0,False,atr1.5,fixed2.0,False,605,-0.101,-61.0,32.6,0.86,387,-0.09,-34.9,32.0,0.87
wick,0.5,0.0,0.0,False,atr2.0,trail3,True,588,-0.052,-30.5,43.5,0.91,390,-0.1,-39.2,43.6,0.82
wick,0.5,0.0,0.0,False,atr2.0,trail3,False,588,-0.057,-33.7,43.9,0.9,390,-0.105,-41.1,43.8,0.81
wick,0.5,0.0,0.0,False,atr2.0,trail5,True,588,-0.056,-33.1,39.1,0.9,390,-0.064,-25.0,40.3,0.88
wick,0.5,0.0,0.0,False,atr2.0,trail5,False,588,-0.061,-35.8,39.6,0.89,390,-0.071,-27.9,41.0,0.87
wick,0.5,0.0,0.0,False,atr2.0,trail8,True,588,-0.047,-27.8,35.4,0.91,390,-0.083,-32.4,35.1,0.85
wick,0.5,0.0,0.0,False,atr2.0,trail8,False,588,-0.044,-25.9,36.7,0.92,390,-0.096,-37.4,36.2,0.83
wick,0.5,0.0,0.0,False,atr2.0,trail12,True,588,-0.059,-34.7,29.9,0.89,390,-0.024,-9.3,30.5,0.96
wick,0.5,0.0,0.0,False,atr2.0,trail12,False,588,-0.066,-38.6,31.6,0.89,390,-0.038,-14.9,31.8,0.94
wick,0.5,0.0,0.0,False,atr2.0,fixed1.0,True,588,-0.085,-50.1,48.8,0.84,390,-0.094,-36.6,47.2,0.83
wick,0.5,0.0,0.0,False,atr2.0,fixed1.0,False,588,-0.085,-50.1,48.8,0.84,390,-0.094,-36.6,47.2,0.83
wick,0.5,0.0,0.0,False,atr2.0,fixed1.5,True,588,-0.107,-62.7,31.1,0.81,390,-0.071,-27.7,33.1,0.87
wick,0.5,0.0,0.0,False,atr2.0,fixed1.5,False,588,-0.114,-67.2,37.9,0.83,390,-0.071,-27.7,38.7,0.89
wick,0.5,0.0,0.0,False,atr2.0,fixed2.0,True,588,-0.074,-43.3,25.0,0.87,390,-0.128,-50.0,22.3,0.77
wick,0.5,0.0,0.0,False,atr2.0,fixed2.0,False,588,-0.116,-68.1,31.6,0.84,390,-0.127,-49.5,30.5,0.82
wick,0.5,0.0,0.0,False,atr2.5,trail3,True,577,-0.058,-33.5,46.1,0.89,376,-0.104,-39.2,45.5,0.81
wick,0.5,0.0,0.0,False,atr2.5,trail3,False,577,-0.06,-34.6,46.3,0.89,376,-0.107,-40.1,45.5,0.8
wick,0.5,0.0,0.0,False,atr2.5,trail5,True,577,-0.069,-39.7,43.0,0.87,376,-0.089,-33.6,43.1,0.83
wick,0.5,0.0,0.0,False,atr2.5,trail5,False,577,-0.074,-42.5,43.2,0.87,376,-0.093,-34.9,43.4,0.83
wick,0.5,0.0,0.0,False,atr2.5,trail8,True,577,-0.055,-31.9,39.3,0.9,376,-0.104,-39.1,38.0,0.81
wick,0.5,0.0,0.0,False,atr2.5,trail8,False,577,-0.057,-32.8,40.2,0.9,376,-0.109,-41.0,38.8,0.8
wick,0.5,0.0,0.0,False,atr2.5,trail12,True,577,-0.063,-36.2,34.5,0.89,376,-0.062,-23.4,33.8,0.88
wick,0.5,0.0,0.0,False,atr2.5,trail12,False,577,-0.075,-43.3,35.5,0.87,376,-0.063,-23.8,35.4,0.89
wick,0.5,0.0,0.0,False,atr2.5,fixed1.0,True,577,-0.076,-43.9,48.7,0.86,376,-0.072,-27.1,47.9,0.87
wick,0.5,0.0,0.0,False,atr2.5,fixed1.0,False,577,-0.076,-43.9,48.7,0.86,376,-0.072,-27.1,47.9,0.87
wick,0.5,0.0,0.0,False,atr2.5,fixed1.5,True,577,-0.083,-48.2,32.2,0.85,376,-0.097,-36.6,30.6,0.82
wick,0.5,0.0,0.0,False,atr2.5,fixed1.5,False,577,-0.091,-52.8,38.5,0.86,376,-0.11,-41.5,36.7,0.83
wick,0.5,0.0,0.0,False,atr2.5,fixed2.0,True,577,-0.065,-37.6,25.5,0.88,376,-0.114,-42.9,22.3,0.79
wick,0.5,0.0,0.0,False,atr2.5,fixed2.0,False,577,-0.06,-34.3,33.4,0.91,376,-0.1,-37.5,31.4,0.86
wick,0.5,0.0,0.0,False,atr3.0,trail3,True,567,-0.073,-41.5,45.7,0.86,366,-0.08,-29.4,46.7,0.85
wick,0.5,0.0,0.0,False,atr3.0,trail3,False,567,-0.077,-43.5,46.0,0.86,366,-0.081,-29.7,46.7,0.85
wick,0.5,0.0,0.0,False,atr3.0,trail5,True,567,-0.081,-46.0,43.6,0.85,366,-0.054,-19.9,45.6,0.9
wick,0.5,0.0,0.0,False,atr3.0,trail5,False,567,-0.087,-49.3,43.9,0.84,366,-0.057,-20.7,45.6,0.89
wick,0.5,0.0,0.0,False,atr3.0,trail8,True,567,-0.059,-33.5,40.7,0.89,366,-0.055,-20.1,42.1,0.9
wick,0.5,0.0,0.0,False,atr3.0,trail8,False,567,-0.063,-35.8,41.4,0.89,366,-0.056,-20.3,42.6,0.9
wick,0.5,0.0,0.0,False,atr3.0,trail12,True,567,-0.068,-38.4,37.0,0.88,366,-0.025,-9.1,39.1,0.95
wick,0.5,0.0,0.0,False,atr3.0,trail12,False,567,-0.081,-46.2,37.7,0.86,366,-0.028,-10.1,40.2,0.95
wick,0.5,0.0,0.0,False,atr3.0,fixed1.0,True,567,-0.081,-46.1,47.8,0.85,366,-0.069,-25.2,47.5,0.87
wick,0.5,0.0,0.0,False,atr3.0,fixed1.0,False,567,-0.081,-46.1,47.8,0.85,366,-0.069,-25.2,47.5,0.87
wick,0.5,0.0,0.0,False,atr3.0,fixed1.5,True,567,-0.073,-41.4,32.8,0.87,366,-0.092,-33.5,30.3,0.83
wick,0.5,0.0,0.0,False,atr3.0,fixed1.5,False,567,-0.088,-49.8,38.3,0.86,366,-0.097,-35.5,37.2,0.85
wick,0.5,0.0,0.0,False,atr3.0,fixed2.0,True,567,-0.062,-35.0,25.7,0.89,366,-0.068,-25.0,24.3,0.87
wick,0.5,0.0,0.0,False,atr3.0,fixed2.0,False,567,-0.074,-41.8,33.0,0.89,366,-0.048,-17.7,33.1,0.93
wick,0.5,0.0,0.0,False,struct5,trail3,True,579,-0.076,-43.8,44.6,0.86,372,-0.085,-31.7,44.9,0.84
wick,0.5,0.0,0.0,False,struct5,trail3,False,579,-0.078,-44.9,44.9,0.86,372,-0.091,-33.8,44.9,0.84
wick,0.5,0.0,0.0,False,struct5,trail5,True,579,-0.081,-46.6,41.3,0.85,372,-0.065,-24.0,42.7,0.88
wick,0.5,0.0,0.0,False,struct5,trail5,False,579,-0.086,-49.9,41.8,0.85,372,-0.075,-28.0,42.7,0.87
wick,0.5,0.0,0.0,False,struct5,trail8,True,579,-0.078,-44.9,38.9,0.86,372,-0.09,-33.5,38.7,0.84
wick,0.5,0.0,0.0,False,struct5,trail8,False,579,-0.079,-45.8,40.2,0.86,372,-0.105,-39.1,39.2,0.82
wick,0.5,0.0,0.0,False,struct5,trail12,True,579,-0.088,-50.8,33.5,0.84,372,-0.063,-23.5,34.7,0.89
wick,0.5,0.0,0.0,False,struct5,trail12,False,579,-0.103,-59.5,34.9,0.83,372,-0.063,-23.5,36.3,0.89
wick,0.5,0.0,0.0,False,struct5,fixed1.0,True,579,-0.097,-56.1,48.0,0.82,372,-0.095,-35.3,47.0,0.83
wick,0.5,0.0,0.0,False,struct5,fixed1.0,False,579,-0.097,-56.1,48.0,0.82,372,-0.095,-35.3,47.0,0.83
wick,0.5,0.0,0.0,False,struct5,fixed1.5,True,579,-0.108,-62.5,32.0,0.81,372,-0.08,-29.9,32.8,0.85
wick,0.5,0.0,0.0,False,struct5,fixed1.5,False,579,-0.112,-64.6,38.5,0.83,372,-0.113,-41.9,36.8,0.83
wick,0.5,0.0,0.0,False,struct5,fixed2.0,True,579,-0.111,-64.2,24.9,0.8,372,-0.093,-34.6,24.5,0.83
wick,0.5,0.0,0.0,False,struct5,fixed2.0,False,579,-0.117,-67.8,32.6,0.83,372,-0.078,-29.1,32.3,0.89
wick,0.5,0.0,0.0,True,atr1.5,trail3,True,586,-0.035,-20.3,38.9,0.94,366,-0.072,-26.2,41.8,0.87
wick,0.5,0.0,0.0,True,atr1.5,trail3,False,586,-0.03,-17.7,40.4,0.95,366,-0.092,-33.5,41.8,0.84
wick,0.5,0.0,0.0,True,atr1.5,trail5,True,586,-0.033,-19.3,34.3,0.94,366,-0.047,-17.3,36.3,0.91
wick,0.5,0.0,0.0,True,atr1.5,trail5,False,586,-0.03,-17.6,35.8,0.95,366,-0.074,-27.0,37.2,0.87
wick,0.5,0.0,0.0,True,atr1.5,trail8,True,586,-0.024,-14.3,31.1,0.96,366,-0.058,-21.2,30.3,0.89
wick,0.5,0.0,0.0,True,atr1.5,trail8,False,586,-0.015,-9.1,33.1,0.97,366,-0.083,-30.5,32.0,0.86
wick,0.5,0.0,0.0,True,atr1.5,trail12,True,586,-0.033,-19.6,25.1,0.94,366,-0.026,-9.6,24.3,0.95
wick,0.5,0.0,0.0,True,atr1.5,trail12,False,586,-0.028,-16.2,27.6,0.96,366,-0.063,-23.2,26.2,0.9
wick,0.5,0.0,0.0,True,atr1.5,fixed1.0,True,586,-0.11,-64.4,48.3,0.8,366,-0.062,-22.8,49.5,0.88
wick,0.5,0.0,0.0,True,atr1.5,fixed1.0,False,586,-0.11,-64.4,48.3,0.8,366,-0.062,-22.8,49.5,0.88
wick,0.5,0.0,0.0,True,atr1.5,fixed1.5,True,586,-0.065,-38.3,35.2,0.88,366,-0.043,-15.7,34.2,0.92
wick,0.5,0.0,0.0,True,atr1.5,fixed1.5,False,586,-0.063,-36.9,40.6,0.9,366,-0.08,-29.3,38.8,0.88
wick,0.5,0.0,0.0,True,atr1.5,fixed2.0,True,586,-0.098,-57.6,24.7,0.83,366,-0.032,-11.8,26.2,0.94
wick,0.5,0.0,0.0,True,atr1.5,fixed2.0,False,586,-0.086,-50.6,33.1,0.88,366,-0.101,-36.9,31.7,0.86
wick,0.5,0.0,0.0,True,atr2.0,trail3,True,568,-0.029,-16.3,44.9,0.95,368,-0.124,-45.7,43.2,0.77
wick,0.5,0.0,0.0,True,atr2.0,trail3,False,568,-0.034,-19.6,45.2,0.94,368,-0.13,-47.7,43.5,0.77
wick,0.5,0.0,0.0,True,atr2.0,trail5,True,568,-0.041,-23.0,40.0,0.92,368,-0.083,-30.6,39.7,0.85
wick,0.5,0.0,0.0,True,atr2.0,trail5,False,568,-0.046,-26.0,40.5,0.92,368,-0.091,-33.5,40.5,0.84
wick,0.5,0.0,0.0,True,atr2.0,trail8,True,568,-0.034,-19.3,35.9,0.94,368,-0.1,-36.8,34.5,0.82
wick,0.5,0.0,0.0,True,atr2.0,trail8,False,568,-0.032,-18.2,37.3,0.94,368,-0.112,-41.4,35.6,0.81
wick,0.5,0.0,0.0,True,atr2.0,trail12,True,568,-0.046,-26.1,30.1,0.92,368,-0.048,-17.6,29.9,0.91
wick,0.5,0.0,0.0,True,atr2.0,trail12,False,568,-0.046,-26.3,32.2,0.92,368,-0.061,-22.6,31.2,0.9
wick,0.5,0.0,0.0,True,atr2.0,fixed1.0,True,568,-0.058,-33.0,50.2,0.89,368,-0.097,-35.8,47.0,0.82
wick,0.5,0.0,0.0,True,atr2.0,fixed1.0,False,568,-0.058,-33.0,50.2,0.89,368,-0.097,-35.8,47.0,0.82
wick,0.5,0.0,0.0,True,atr2.0,fixed1.5,True,568,-0.079,-45.0,32.0,0.85,368,-0.08,-29.4,32.6,0.86
wick,0.5,0.0,0.0,True,atr2.0,fixed1.5,False,568,-0.087,-49.6,39.1,0.87,368,-0.081,-30.0,38.3,0.87
wick,0.5,0.0,0.0,True,atr2.0,fixed2.0,True,568,-0.05,-28.2,25.5,0.91,368,-0.126,-46.2,22.6,0.78
wick,0.5,0.0,0.0,True,atr2.0,fixed2.0,False,568,-0.079,-45.0,32.9,0.89,368,-0.111,-40.7,31.0,0.85
wick,0.5,0.0,0.0,True,atr2.5,trail3,True,556,-0.037,-20.4,47.1,0.93,356,-0.125,-44.5,45.2,0.77
wick,0.5,0.0,0.0,True,atr2.5,trail3,False,556,-0.042,-23.4,47.1,0.92,356,-0.128,-45.4,45.2,0.77
wick,0.5,0.0,0.0,True,atr2.5,trail5,True,556,-0.053,-29.7,43.7,0.9,356,-0.108,-38.3,42.7,0.8
wick,0.5,0.0,0.0,True,atr2.5,trail5,False,556,-0.062,-34.2,43.7,0.89,356,-0.111,-39.6,43.0,0.8
wick,0.5,0.0,0.0,True,atr2.5,trail8,True,556,-0.041,-22.9,40.1,0.92,356,-0.121,-42.9,37.6,0.78
wick,0.5,0.0,0.0,True,atr2.5,trail8,False,556,-0.046,-25.6,40.8,0.92,356,-0.125,-44.5,38.5,0.77
wick,0.5,0.0,0.0,True,atr2.5,trail12,True,556,-0.049,-27.2,35.1,0.91,356,-0.087,-31.1,33.1,0.84
wick,0.5,0.0,0.0,True,atr2.5,trail12,False,556,-0.058,-32.2,36.3,0.9,356,-0.087,-31.1,34.8,0.85
wick,0.5,0.0,0.0,True,atr2.5,fixed1.0,True,556,-0.057,-31.9,49.6,0.89,356,-0.08,-28.5,47.5,0.85
wick,0.5,0.0,0.0,True,atr2.5,fixed1.0,False,556,-0.057,-31.9,49.6,0.89,356,-0.08,-28.5,47.5,0.85
wick,0.5,0.0,0.0,True,atr2.5,fixed1.5,True,556,-0.067,-37.2,32.7,0.88,356,-0.097,-34.5,30.9,0.82
wick,0.5,0.0,0.0,True,atr2.5,fixed1.5,False,556,-0.062,-34.2,39.7,0.9,356,-0.108,-38.4,36.8,0.83
wick,0.5,0.0,0.0,True,atr2.5,fixed2.0,True,556,-0.048,-26.5,25.9,0.91,356,-0.11,-39.3,22.8,0.8
wick,0.5,0.0,0.0,True,atr2.5,fixed2.0,False,556,-0.019,-10.3,34.9,0.97,356,-0.086,-30.6,31.7,0.88
wick,0.5,0.0,0.0,True,atr3.0,trail3,True,550,-0.057,-31.3,46.5,0.89,347,-0.103,-35.7,46.4,0.81
wick,0.5,0.0,0.0,True,atr3.0,trail3,False,550,-0.059,-32.4,46.9,0.89,347,-0.104,-36.0,46.4,0.81
wick,0.5,0.0,0.0,True,atr3.0,trail5,True,550,-0.069,-37.8,44.5,0.87,347,-0.073,-25.4,45.2,0.86
wick,0.5,0.0,0.0,True,atr3.0,trail5,False,550,-0.073,-40.0,44.9,0.87,347,-0.076,-26.2,45.2,0.86
wick,0.5,0.0,0.0,True,atr3.0,trail8,True,550,-0.047,-26.0,41.6,0.91,347,-0.071,-24.5,41.5,0.87
wick,0.5,0.0,0.0,True,atr3.0,trail8,False,550,-0.049,-27.0,42.4,0.91,347,-0.071,-24.7,42.1,0.87
wick,0.5,0.0,0.0,True,atr3.0,trail12,True,550,-0.055,-30.2,38.0,0.9,347,-0.046,-15.9,38.3,0.91
wick,0.5,0.0,0.0,True,atr3.0,trail12,False,550,-0.065,-35.7,38.7,0.88,347,-0.049,-17.0,39.5,0.91
wick,0.5,0.0,0.0,True,atr3.0,fixed1.0,True,550,-0.072,-39.3,48.4,0.87,347,-0.075,-26.0,47.3,0.86
wick,0.5,0.0,0.0,True,atr3.0,fixed1.0,False,550,-0.072,-39.3,48.4,0.87,347,-0.075,-26.0,47.3,0.86
wick,0.5,0.0,0.0,True,atr3.0,fixed1.5,True,550,-0.065,-35.6,33.1,0.88,347,-0.088,-30.4,30.8,0.84
wick,0.5,0.0,0.0,True,atr3.0,fixed1.5,False,550,-0.06,-33.1,39.5,0.9,347,-0.088,-30.6,37.5,0.86
wick,0.5,0.0,0.0,True,atr3.0,fixed2.0,True,550,-0.046,-25.2,26.4,0.92,347,-0.069,-23.8,24.5,0.87
wick,0.5,0.0,0.0,True,atr3.0,fixed2.0,False,550,-0.029,-16.1,34.5,0.96,347,-0.035,-12.2,33.4,0.95
wick,0.5,0.0,0.0,True,struct5,trail3,True,559,-0.062,-34.6,45.4,0.89,350,-0.122,-42.9,45.1,0.77
wick,0.5,0.0,0.0,True,struct5,trail3,False,559,-0.066,-37.0,45.6,0.88,350,-0.127,-44.6,45.1,0.77
wick,0.5,0.0,0.0,True,struct5,trail5,True,559,-0.071,-39.7,42.0,0.87,350,-0.097,-34.0,42.9,0.82
wick,0.5,0.0,0.0,True,struct5,trail5,False,559,-0.078,-43.6,42.4,0.86,350,-0.108,-37.7,42.9,0.81
wick,0.5,0.0,0.0,True,struct5,trail8,True,559,-0.071,-39.5,39.7,0.87,350,-0.121,-42.2,38.6,0.78
wick,0.5,0.0,0.0,True,struct5,trail8,False,559,-0.074,-41.4,40.8,0.87,350,-0.136,-47.5,39.1,0.76
wick,0.5,0.0,0.0,True,struct5,trail12,True,559,-0.082,-46.0,34.2,0.85,350,-0.101,-35.5,34.3,0.81
wick,0.5,0.0,0.0,True,struct5,trail12,False,559,-0.096,-53.8,35.4,0.83,350,-0.101,-35.2,36.0,0.83
wick,0.5,0.0,0.0,True,struct5,fixed1.0,True,559,-0.086,-48.3,48.5,0.84,350,-0.09,-31.6,47.1,0.83
wick,0.5,0.0,0.0,True,struct5,fixed1.0,False,559,-0.086,-48.3,48.5,0.84,350,-0.09,-31.6,47.1,0.83
wick,0.5,0.0,0.0,True,struct5,fixed1.5,True,559,-0.088,-49.2,32.9,0.84,350,-0.081,-28.2,32.6,0.85
wick,0.5,0.0,0.0,True,struct5,fixed1.5,False,559,-0.094,-52.8,39.2,0.85,350,-0.116,-40.7,36.6,0.82
wick,0.5,0.0,0.0,True,struct5,fixed2.0,True,559,-0.096,-53.5,25.4,0.83,350,-0.1,-35.0,24.0,0.82
wick,0.5,0.0,0.0,True,struct5,fixed2.0,False,559,-0.1,-56.0,33.3,0.86,350,-0.081,-28.3,32.0,0.88
wick,0.5,0.0,0.25,False,atr1.5,trail3,True,605,-0.046,-27.6,38.3,0.92,387,-0.048,-18.7,41.9,0.91
wick,0.5,0.0,0.25,False,atr1.5,trail3,False,605,-0.043,-26.3,39.7,0.93,387,-0.068,-26.3,41.9,0.88
wick,0.5,0.0,0.25,False,atr1.5,trail5,True,605,-0.037,-22.5,33.9,0.93,387,-0.026,-10.2,36.7,0.95
wick,0.5,0.0,0.25,False,atr1.5,trail5,False,605,-0.034,-20.5,35.4,0.94,387,-0.052,-20.2,37.5,0.91
wick,0.5,0.0,0.25,False,atr1.5,trail8,True,605,-0.025,-15.0,30.9,0.96,387,-0.042,-16.1,30.5,0.92
wick,0.5,0.0,0.25,False,atr1.5,trail8,False,605,-0.011,-6.7,33.1,0.98,387,-0.067,-26.1,32.0,0.89
wick,0.5,0.0,0.25,False,atr1.5,trail12,True,605,-0.031,-18.5,25.1,0.95,387,-0.004,-1.4,24.8,0.99
wick,0.5,0.0,0.25,False,atr1.5,trail12,False,605,-0.034,-20.3,27.4,0.95,387,-0.044,-17.0,26.4,0.93
wick,0.5,0.0,0.25,False,atr1.5,fixed1.0,True,605,-0.12,-72.7,47.8,0.79,387,-0.064,-24.8,49.4,0.88
wick,0.5,0.0,0.25,False,atr1.5,fixed1.0,False,605,-0.12,-72.7,47.8,0.79,387,-0.064,-24.8,49.4,0.88
wick,0.5,0.0,0.25,False,atr1.5,fixed1.5,True,605,-0.08,-48.2,34.5,0.86,387,-0.045,-17.3,34.1,0.92
wick,0.5,0.0,0.25,False,atr1.5,fixed1.5,False,605,-0.074,-44.7,40.2,0.89,387,-0.081,-31.3,38.8,0.87
wick,0.5,0.0,0.25,False,atr1.5,fixed2.0,True,605,-0.112,-67.9,24.3,0.81,387,-0.025,-9.8,26.6,0.95
wick,0.5,0.0,0.25,False,atr1.5,fixed2.0,False,605,-0.101,-61.0,32.6,0.86,387,-0.09,-34.9,32.0,0.87
wick,0.5,0.0,0.25,False,atr2.0,trail3,True,588,-0.052,-30.5,43.5,0.91,390,-0.1,-39.2,43.6,0.82
wick,0.5,0.0,0.25,False,atr2.0,trail3,False,588,-0.057,-33.7,43.9,0.9,390,-0.105,-41.1,43.8,0.81
wick,0.5,0.0,0.25,False,atr2.0,trail5,True,588,-0.056,-33.1,39.1,0.9,390,-0.064,-25.0,40.3,0.88
wick,0.5,0.0,0.25,False,atr2.0,trail5,False,588,-0.061,-35.8,39.6,0.89,390,-0.071,-27.9,41.0,0.87
wick,0.5,0.0,0.25,False,atr2.0,trail8,True,588,-0.047,-27.8,35.4,0.91,390,-0.083,-32.4,35.1,0.85
wick,0.5,0.0,0.25,False,atr2.0,trail8,False,588,-0.044,-25.9,36.7,0.92,390,-0.096,-37.4,36.2,0.83
wick,0.5,0.0,0.25,False,atr2.0,trail12,True,588,-0.059,-34.7,29.9,0.89,390,-0.024,-9.3,30.5,0.96
wick,0.5,0.0,0.25,False,atr2.0,trail12,False,588,-0.066,-38.6,31.6,0.89,390,-0.038,-14.9,31.8,0.94
wick,0.5,0.0,0.25,False,atr2.0,fixed1.0,True,588,-0.085,-50.1,48.8,0.84,390,-0.094,-36.6,47.2,0.83
wick,0.5,0.0,0.25,False,atr2.0,fixed1.0,False,588,-0.085,-50.1,48.8,0.84,390,-0.094,-36.6,47.2,0.83
wick,0.5,0.0,0.25,False,atr2.0,fixed1.5,True,588,-0.107,-62.7,31.1,0.81,390,-0.071,-27.7,33.1,0.87
wick,0.5,0.0,0.25,False,atr2.0,fixed1.5,False,588,-0.114,-67.2,37.9,0.83,390,-0.071,-27.7,38.7,0.89
wick,0.5,0.0,0.25,False,atr2.0,fixed2.0,True,588,-0.074,-43.3,25.0,0.87,390,-0.128,-50.0,22.3,0.77
wick,0.5,0.0,0.25,False,atr2.0,fixed2.0,False,588,-0.116,-68.1,31.6,0.84,390,-0.127,-49.5,30.5,0.82
wick,0.5,0.0,0.25,False,atr2.5,trail3,True,577,-0.058,-33.5,46.1,0.89,376,-0.104,-39.2,45.5,0.81
wick,0.5,0.0,0.25,False,atr2.5,trail3,False,577,-0.06,-34.6,46.3,0.89,376,-0.107,-40.1,45.5,0.8
wick,0.5,0.0,0.25,False,atr2.5,trail5,True,577,-0.069,-39.7,43.0,0.87,376,-0.089,-33.6,43.1,0.83
wick,0.5,0.0,0.25,False,atr2.5,trail5,False,577,-0.074,-42.5,43.2,0.87,376,-0.093,-34.9,43.4,0.83
wick,0.5,0.0,0.25,False,atr2.5,trail8,True,577,-0.055,-31.9,39.3,0.9,376,-0.104,-39.1,38.0,0.81
wick,0.5,0.0,0.25,False,atr2.5,trail8,False,577,-0.057,-32.8,40.2,0.9,376,-0.109,-41.0,38.8,0.8
wick,0.5,0.0,0.25,False,atr2.5,trail12,True,577,-0.063,-36.2,34.5,0.89,376,-0.062,-23.4,33.8,0.88
wick,0.5,0.0,0.25,False,atr2.5,trail12,False,577,-0.075,-43.3,35.5,0.87,376,-0.063,-23.8,35.4,0.89
wick,0.5,0.0,0.25,False,atr2.5,fixed1.0,True,577,-0.076,-43.9,48.7,0.86,376,-0.072,-27.1,47.9,0.87
wick,0.5,0.0,0.25,False,atr2.5,fixed1.0,False,577,-0.076,-43.9,48.7,0.86,376,-0.072,-27.1,47.9,0.87
wick,0.5,0.0,0.25,False,atr2.5,fixed1.5,True,577,-0.083,-48.2,32.2,0.85,376,-0.097,-36.6,30.6,0.82
wick,0.5,0.0,0.25,False,atr2.5,fixed1.5,False,577,-0.091,-52.8,38.5,0.86,376,-0.11,-41.5,36.7,0.83
wick,0.5,0.0,0.25,False,atr2.5,fixed2.0,True,577,-0.065,-37.6,25.5,0.88,376,-0.114,-42.9,22.3,0.79
wick,0.5,0.0,0.25,False,atr2.5,fixed2.0,False,577,-0.06,-34.3,33.4,0.91,376,-0.1,-37.5,31.4,0.86
wick,0.5,0.0,0.25,False,atr3.0,trail3,True,567,-0.073,-41.5,45.7,0.86,366,-0.08,-29.4,46.7,0.85
wick,0.5,0.0,0.25,False,atr3.0,trail3,False,567,-0.077,-43.5,46.0,0.86,366,-0.081,-29.7,46.7,0.85
wick,0.5,0.0,0.25,False,atr3.0,trail5,True,567,-0.081,-46.0,43.6,0.85,366,-0.054,-19.9,45.6,0.9
wick,0.5,0.0,0.25,False,atr3.0,trail5,False,567,-0.087,-49.3,43.9,0.84,366,-0.057,-20.7,45.6,0.89
wick,0.5,0.0,0.25,False,atr3.0,trail8,True,567,-0.059,-33.5,40.7,0.89,366,-0.055,-20.1,42.1,0.9
wick,0.5,0.0,0.25,False,atr3.0,trail8,False,567,-0.063,-35.8,41.4,0.89,366,-0.056,-20.3,42.6,0.9
wick,0.5,0.0,0.25,False,atr3.0,trail12,True,567,-0.068,-38.4,37.0,0.88,366,-0.025,-9.1,39.1,0.95
wick,0.5,0.0,0.25,False,atr3.0,trail12,False,567,-0.081,-46.2,37.7,0.86,366,-0.028,-10.1,40.2,0.95
wick,0.5,0.0,0.25,False,atr3.0,fixed1.0,True,567,-0.081,-46.1,47.8,0.85,366,-0.069,-25.2,47.5,0.87
wick,0.5,0.0,0.25,False,atr3.0,fixed1.0,False,567,-0.081,-46.1,47.8,0.85,366,-0.069,-25.2,47.5,0.87
wick,0.5,0.0,0.25,False,atr3.0,fixed1.5,True,567,-0.073,-41.4,32.8,0.87,366,-0.092,-33.5,30.3,0.83
wick,0.5,0.0,0.25,False,atr3.0,fixed1.5,False,567,-0.088,-49.8,38.3,0.86,366,-0.097,-35.5,37.2,0.85
wick,0.5,0.0,0.25,False,atr3.0,fixed2.0,True,567,-0.062,-35.0,25.7,0.89,366,-0.068,-25.0,24.3,0.87
wick,0.5,0.0,0.25,False,atr3.0,fixed2.0,False,567,-0.074,-41.8,33.0,0.89,366,-0.048,-17.7,33.1,0.93
wick,0.5,0.0,0.25,False,struct5,trail3,True,579,-0.076,-43.8,44.6,0.86,372,-0.085,-31.7,44.9,0.84
wick,0.5,0.0,0.25,False,struct5,trail3,False,579,-0.078,-44.9,44.9,0.86,372,-0.091,-33.8,44.9,0.84
wick,0.5,0.0,0.25,False,struct5,trail5,True,579,-0.081,-46.6,41.3,0.85,372,-0.065,-24.0,42.7,0.88
wick,0.5,0.0,0.25,False,struct5,trail5,False,579,-0.086,-49.9,41.8,0.85,372,-0.075,-28.0,42.7,0.87
wick,0.5,0.0,0.25,False,struct5,trail8,True,579,-0.078,-44.9,38.9,0.86,372,-0.09,-33.5,38.7,0.84
wick,0.5,0.0,0.25,False,struct5,trail8,False,579,-0.079,-45.8,40.2,0.86,372,-0.105,-39.1,39.2,0.82
wick,0.5,0.0,0.25,False,struct5,trail12,True,579,-0.088,-50.8,33.5,0.84,372,-0.063,-23.5,34.7,0.89
wick,0.5,0.0,0.25,False,struct5,trail12,False,579,-0.103,-59.5,34.9,0.83,372,-0.063,-23.5,36.3,0.89
wick,0.5,0.0,0.25,False,struct5,fixed1.0,True,579,-0.097,-56.1,48.0,0.82,372,-0.095,-35.3,47.0,0.83
wick,0.5,0.0,0.25,False,struct5,fixed1.0,False,579,-0.097,-56.1,48.0,0.82,372,-0.095,-35.3,47.0,0.83
wick,0.5,0.0,0.25,False,struct5,fixed1.5,True,579,-0.108,-62.5,32.0,0.81,372,-0.08,-29.9,32.8,0.85
wick,0.5,0.0,0.25,False,struct5,fixed1.5,False,579,-0.112,-64.6,38.5,0.83,372,-0.113,-41.9,36.8,0.83
wick,0.5,0.0,0.25,False,struct5,fixed2.0,True,579,-0.111,-64.2,24.9,0.8,372,-0.093,-34.6,24.5,0.83
wick,0.5,0.0,0.25,False,struct5,fixed2.0,False,579,-0.117,-67.8,32.6,0.83,372,-0.078,-29.1,32.3,0.89
wick,0.5,0.0,0.25,True,atr1.5,trail3,True,586,-0.035,-20.3,38.9,0.94,366,-0.072,-26.2,41.8,0.87
wick,0.5,0.0,0.25,True,atr1.5,trail3,False,586,-0.03,-17.7,40.4,0.95,366,-0.092,-33.5,41.8,0.84
wick,0.5,0.0,0.25,True,atr1.5,trail5,True,586,-0.033,-19.3,34.3,0.94,366,-0.047,-17.3,36.3,0.91
wick,0.5,0.0,0.25,True,atr1.5,trail5,False,586,-0.03,-17.6,35.8,0.95,366,-0.074,-27.0,37.2,0.87
wick,0.5,0.0,0.25,True,atr1.5,trail8,True,586,-0.024,-14.3,31.1,0.96,366,-0.058,-21.2,30.3,0.89
wick,0.5,0.0,0.25,True,atr1.5,trail8,False,586,-0.015,-9.1,33.1,0.97,366,-0.083,-30.5,32.0,0.86
wick,0.5,0.0,0.25,True,atr1.5,trail12,True,586,-0.033,-19.6,25.1,0.94,366,-0.026,-9.6,24.3,0.95
wick,0.5,0.0,0.25,True,atr1.5,trail12,False,586,-0.028,-16.2,27.6,0.96,366,-0.063,-23.2,26.2,0.9
wick,0.5,0.0,0.25,True,atr1.5,fixed1.0,True,586,-0.11,-64.4,48.3,0.8,366,-0.062,-22.8,49.5,0.88
wick,0.5,0.0,0.25,True,atr1.5,fixed1.0,False,586,-0.11,-64.4,48.3,0.8,366,-0.062,-22.8,49.5,0.88
wick,0.5,0.0,0.25,True,atr1.5,fixed1.5,True,586,-0.065,-38.3,35.2,0.88,366,-0.043,-15.7,34.2,0.92
wick,0.5,0.0,0.25,True,atr1.5,fixed1.5,False,586,-0.063,-36.9,40.6,0.9,366,-0.08,-29.3,38.8,0.88
wick,0.5,0.0,0.25,True,atr1.5,fixed2.0,True,586,-0.098,-57.6,24.7,0.83,366,-0.032,-11.8,26.2,0.94
wick,0.5,0.0,0.25,True,atr1.5,fixed2.0,False,586,-0.086,-50.6,33.1,0.88,366,-0.101,-36.9,31.7,0.86
wick,0.5,0.0,0.25,True,atr2.0,trail3,True,568,-0.029,-16.3,44.9,0.95,368,-0.124,-45.7,43.2,0.77
wick,0.5,0.0,0.25,True,atr2.0,trail3,False,568,-0.034,-19.6,45.2,0.94,368,-0.13,-47.7,43.5,0.77
wick,0.5,0.0,0.25,True,atr2.0,trail5,True,568,-0.041,-23.0,40.0,0.92,368,-0.083,-30.6,39.7,0.85
wick,0.5,0.0,0.25,True,atr2.0,trail5,False,568,-0.046,-26.0,40.5,0.92,368,-0.091,-33.5,40.5,0.84
wick,0.5,0.0,0.25,True,atr2.0,trail8,True,568,-0.034,-19.3,35.9,0.94,368,-0.1,-36.8,34.5,0.82
wick,0.5,0.0,0.25,True,atr2.0,trail8,False,568,-0.032,-18.2,37.3,0.94,368,-0.112,-41.4,35.6,0.81
wick,0.5,0.0,0.25,True,atr2.0,trail12,True,568,-0.046,-26.1,30.1,0.92,368,-0.048,-17.6,29.9,0.91
wick,0.5,0.0,0.25,True,atr2.0,trail12,False,568,-0.046,-26.3,32.2,0.92,368,-0.061,-22.6,31.2,0.9
wick,0.5,0.0,0.25,True,atr2.0,fixed1.0,True,568,-0.058,-33.0,50.2,0.89,368,-0.097,-35.8,47.0,0.82
wick,0.5,0.0,0.25,True,atr2.0,fixed1.0,False,568,-0.058,-33.0,50.2,0.89,368,-0.097,-35.8,47.0,0.82
wick,0.5,0.0,0.25,True,atr2.0,fixed1.5,True,568,-0.079,-45.0,32.0,0.85,368,-0.08,-29.4,32.6,0.86
wick,0.5,0.0,0.25,True,atr2.0,fixed1.5,False,568,-0.087,-49.6,39.1,0.87,368,-0.081,-30.0,38.3,0.87
wick,0.5,0.0,0.25,True,atr2.0,fixed2.0,True,568,-0.05,-28.2,25.5,0.91,368,-0.126,-46.2,22.6,0.78
wick,0.5,0.0,0.25,True,atr2.0,fixed2.0,False,568,-0.079,-45.0,32.9,0.89,368,-0.111,-40.7,31.0,0.85
wick,0.5,0.0,0.25,True,atr2.5,trail3,True,556,-0.037,-20.4,47.1,0.93,356,-0.125,-44.5,45.2,0.77
wick,0.5,0.0,0.25,True,atr2.5,trail3,False,556,-0.042,-23.4,47.1,0.92,356,-0.128,-45.4,45.2,0.77
wick,0.5,0.0,0.25,True,atr2.5,trail5,True,556,-0.053,-29.7,43.7,0.9,356,-0.108,-38.3,42.7,0.8
wick,0.5,0.0,0.25,True,atr2.5,trail5,False,556,-0.062,-34.2,43.7,0.89,356,-0.111,-39.6,43.0,0.8
wick,0.5,0.0,0.25,True,atr2.5,trail8,True,556,-0.041,-22.9,40.1,0.92,356,-0.121,-42.9,37.6,0.78
wick,0.5,0.0,0.25,True,atr2.5,trail8,False,556,-0.046,-25.6,40.8,0.92,356,-0.125,-44.5,38.5,0.77
wick,0.5,0.0,0.25,True,atr2.5,trail12,True,556,-0.049,-27.2,35.1,0.91,356,-0.087,-31.1,33.1,0.84
wick,0.5,0.0,0.25,True,atr2.5,trail12,False,556,-0.058,-32.2,36.3,0.9,356,-0.087,-31.1,34.8,0.85
wick,0.5,0.0,0.25,True,atr2.5,fixed1.0,True,556,-0.057,-31.9,49.6,0.89,356,-0.08,-28.5,47.5,0.85
wick,0.5,0.0,0.25,True,atr2.5,fixed1.0,False,556,-0.057,-31.9,49.6,0.89,356,-0.08,-28.5,47.5,0.85
wick,0.5,0.0,0.25,True,atr2.5,fixed1.5,True,556,-0.067,-37.2,32.7,0.88,356,-0.097,-34.5,30.9,0.82
wick,0.5,0.0,0.25,True,atr2.5,fixed1.5,False,556,-0.062,-34.2,39.7,0.9,356,-0.108,-38.4,36.8,0.83
wick,0.5,0.0,0.25,True,atr2.5,fixed2.0,True,556,-0.048,-26.5,25.9,0.91,356,-0.11,-39.3,22.8,0.8
wick,0.5,0.0,0.25,True,atr2.5,fixed2.0,False,556,-0.019,-10.3,34.9,0.97,356,-0.086,-30.6,31.7,0.88
wick,0.5,0.0,0.25,True,atr3.0,trail3,True,550,-0.057,-31.3,46.5,0.89,347,-0.103,-35.7,46.4,0.81
wick,0.5,0.0,0.25,True,atr3.0,trail3,False,550,-0.059,-32.4,46.9,0.89,347,-0.104,-36.0,46.4,0.81
wick,0.5,0.0,0.25,True,atr3.0,trail5,True,550,-0.069,-37.8,44.5,0.87,347,-0.073,-25.4,45.2,0.86
wick,0.5,0.0,0.25,True,atr3.0,trail5,False,550,-0.073,-40.0,44.9,0.87,347,-0.076,-26.2,45.2,0.86
wick,0.5,0.0,0.25,True,atr3.0,trail8,True,550,-0.047,-26.0,41.6,0.91,347,-0.071,-24.5,41.5,0.87
wick,0.5,0.0,0.25,True,atr3.0,trail8,False,550,-0.049,-27.0,42.4,0.91,347,-0.071,-24.7,42.1,0.87
wick,0.5,0.0,0.25,True,atr3.0,trail12,True,550,-0.055,-30.2,38.0,0.9,347,-0.046,-15.9,38.3,0.91
wick,0.5,0.0,0.25,True,atr3.0,trail12,False,550,-0.065,-35.7,38.7,0.88,347,-0.049,-17.0,39.5,0.91
wick,0.5,0.0,0.25,True,atr3.0,fixed1.0,True,550,-0.072,-39.3,48.4,0.87,347,-0.075,-26.0,47.3,0.86
wick,0.5,0.0,0.25,True,atr3.0,fixed1.0,False,550,-0.072,-39.3,48.4,0.87,347,-0.075,-26.0,47.3,0.86
wick,0.5,0.0,0.25,True,atr3.0,fixed1.5,True,550,-0.065,-35.6,33.1,0.88,347,-0.088,-30.4,30.8,0.84
wick,0.5,0.0,0.25,True,atr3.0,fixed1.5,False,550,-0.06,-33.1,39.5,0.9,347,-0.088,-30.6,37.5,0.86
wick,0.5,0.0,0.25,True,atr3.0,fixed2.0,True,550,-0.046,-25.2,26.4,0.92,347,-0.069,-23.8,24.5,0.87
wick,0.5,0.0,0.25,True,atr3.0,fixed2.0,False,550,-0.029,-16.1,34.5,0.96,347,-0.035,-12.2,33.4,0.95
wick,0.5,0.0,0.25,True,struct5,trail3,True,559,-0.062,-34.6,45.4,0.89,350,-0.122,-42.9,45.1,0.77
wick,0.5,0.0,0.25,True,struct5,trail3,False,559,-0.066,-37.0,45.6,0.88,350,-0.127,-44.6,45.1,0.77
wick,0.5,0.0,0.25,True,struct5,trail5,True,559,-0.071,-39.7,42.0,0.87,350,-0.097,-34.0,42.9,0.82
wick,0.5,0.0,0.25,True,struct5,trail5,False,559,-0.078,-43.6,42.4,0.86,350,-0.108,-37.7,42.9,0.81
wick,0.5,0.0,0.25,True,struct5,trail8,True,559,-0.071,-39.5,39.7,0.87,350,-0.121,-42.2,38.6,0.78
wick,0.5,0.0,0.25,True,struct5,trail8,False,559,-0.074,-41.4,40.8,0.87,350,-0.136,-47.5,39.1,0.76
wick,0.5,0.0,0.25,True,struct5,trail12,True,559,-0.082,-46.0,34.2,0.85,350,-0.101,-35.5,34.3,0.81
wick,0.5,0.0,0.25,True,struct5,trail12,False,559,-0.096,-53.8,35.4,0.83,350,-0.101,-35.2,36.0,0.83
wick,0.5,0.0,0.25,True,struct5,fixed1.0,True,559,-0.086,-48.3,48.5,0.84,350,-0.09,-31.6,47.1,0.83
wick,0.5,0.0,0.25,True,struct5,fixed1.0,False,559,-0.086,-48.3,48.5,0.84,350,-0.09,-31.6,47.1,0.83
wick,0.5,0.0,0.25,True,struct5,fixed1.5,True,559,-0.088,-49.2,32.9,0.84,350,-0.081,-28.2,32.6,0.85
wick,0.5,0.0,0.25,True,struct5,fixed1.5,False,559,-0.094,-52.8,39.2,0.85,350,-0.116,-40.7,36.6,0.82
wick,0.5,0.0,0.25,True,struct5,fixed2.0,True,559,-0.096,-53.5,25.4,0.83,350,-0.1,-35.0,24.0,0.82
wick,0.5,0.0,0.25,True,struct5,fixed2.0,False,559,-0.1,-56.0,33.3,0.86,350,-0.081,-28.3,32.0,0.88
wick,0.5,0.0,0.5,False,atr1.5,trail3,True,603,-0.037,-22.1,38.6,0.94,387,-0.05,-19.2,41.9,0.91
wick,0.5,0.0,0.5,False,atr1.5,trail3,False,603,-0.034,-20.7,40.0,0.94,387,-0.069,-26.8,41.9,0.88
wick,0.5,0.0,0.5,False,atr1.5,trail5,True,603,-0.029,-17.4,34.2,0.95,387,-0.027,-10.3,36.4,0.95
wick,0.5,0.0,0.5,False,atr1.5,trail5,False,603,-0.025,-15.3,35.7,0.96,387,-0.053,-20.7,37.2,0.91
wick,0.5,0.0,0.5,False,atr1.5,trail8,True,603,-0.017,-10.2,31.2,0.97,387,-0.042,-16.1,30.5,0.92
wick,0.5,0.0,0.5,False,atr1.5,trail8,False,603,-0.003,-1.7,33.3,1.0,387,-0.069,-26.6,32.0,0.88
wick,0.5,0.0,0.5,False,atr1.5,trail12,True,603,-0.02,-12.3,25.4,0.96,387,-0.004,-1.4,24.8,0.99
wick,0.5,0.0,0.5,False,atr1.5,trail12,False,603,-0.023,-14.1,27.7,0.96,387,-0.044,-17.2,26.4,0.93
wick,0.5,0.0,0.5,False,atr1.5,fixed1.0,True,603,-0.117,-70.6,47.9,0.79,387,-0.064,-24.8,49.4,0.88
wick,0.5,0.0,0.5,False,atr1.5,fixed1.0,False,603,-0.117,-70.6,47.9,0.79,387,-0.064,-24.8,49.4,0.88
wick,0.5,0.0,0.5,False,atr1.5,fixed1.5,True,603,-0.074,-44.6,34.8,0.87,387,-0.049,-18.8,33.9,0.91
wick,0.5,0.0,0.5,False,atr1.5,fixed1.5,False,603,-0.067,-40.1,40.5,0.9,387,-0.087,-33.8,38.5,0.86
wick,0.5,0.0,0.5,False,atr1.5,fixed2.0,True,603,-0.106,-63.8,24.5,0.82,387,-0.025,-9.9,26.6,0.95
wick,0.5,0.0,0.5,False,atr1.5,fixed2.0,False,603,-0.093,-55.9,32.8,0.87,387,-0.09,-34.9,32.0,0.87
wick,0.5,0.0,0.5,False,atr2.0,trail3,True,586,-0.042,-24.9,43.9,0.92,391,-0.106,-41.6,43.2,0.81
wick,0.5,0.0,0.5,False,atr2.0,trail3,False,586,-0.048,-28.1,44.2,0.91,391,-0.111,-43.6,43.5,0.8
wick,0.5,0.0,0.5,False,atr2.0,trail5,True,586,-0.047,-27.7,39.4,0.91,391,-0.069,-27.1,39.9,0.88
wick,0.5,0.0,0.5,False,atr2.0,trail5,False,586,-0.052,-30.5,39.9,0.91,391,-0.077,-30.0,40.7,0.86
wick,0.5,0.0,0.5,False,atr2.0,trail8,True,586,-0.039,-22.6,35.7,0.93,391,-0.088,-34.4,35.0,0.84
wick,0.5,0.0,0.5,False,atr2.0,trail8,False,586,-0.035,-20.8,37.0,0.94,391,-0.1,-39.2,36.1,0.83
wick,0.5,0.0,0.5,False,atr2.0,trail12,True,586,-0.049,-28.5,30.2,0.91,391,-0.029,-11.4,30.4,0.95
wick,0.5,0.0,0.5,False,atr2.0,trail12,False,586,-0.055,-32.4,31.9,0.91,391,-0.042,-16.5,31.7,0.93
wick,0.5,0.0,0.5,False,atr2.0,fixed1.0,True,586,-0.079,-46.0,49.1,0.86,391,-0.101,-39.7,46.8,0.82
wick,0.5,0.0,0.5,False,atr2.0,fixed1.0,False,586,-0.079,-46.0,49.1,0.86,391,-0.101,-39.7,46.8,0.82
wick,0.5,0.0,0.5,False,atr2.0,fixed1.5,True,586,-0.099,-58.1,31.4,0.82,391,-0.076,-29.7,33.0,0.86
wick,0.5,0.0,0.5,False,atr2.0,fixed1.5,False,586,-0.107,-62.6,38.2,0.84,391,-0.074,-28.8,38.6,0.88
wick,0.5,0.0,0.5,False,atr2.0,fixed2.0,True,586,-0.065,-38.2,25.3,0.88,391,-0.133,-52.0,22.3,0.76
wick,0.5,0.0,0.5,False,atr2.0,fixed2.0,False,586,-0.108,-63.1,31.9,0.85,391,-0.129,-50.5,30.4,0.82
wick,0.5,0.0,0.5,False,atr2.5,trail3,True,575,-0.05,-28.6,46.4,0.91,376,-0.108,-40.6,45.2,0.8
wick,0.5,0.0,0.5,False,atr2.5,trail3,False,575,-0.052,-29.7,46.6,0.9,376,-0.11,-41.5,45.2,0.8
wick,0.5,0.0,0.5,False,atr2.5,trail5,True,575,-0.061,-35.1,43.3,0.89,376,-0.092,-34.7,42.8,0.83
wick,0.5,0.0,0.5,False,atr2.5,trail5,False,575,-0.066,-37.9,43.5,0.88,376,-0.096,-36.0,43.1,0.82
wick,0.5,0.0,0.5,False,atr2.5,trail8,True,575,-0.048,-27.4,39.7,0.91,376,-0.106,-40.0,38.0,0.8
wick,0.5,0.0,0.5,False,atr2.5,trail8,False,575,-0.049,-28.2,40.5,0.91,376,-0.111,-41.8,38.8,0.8
wick,0.5,0.0,0.5,False,atr2.5,trail12,True,575,-0.054,-30.8,34.6,0.9,376,-0.065,-24.4,33.8,0.88
wick,0.5,0.0,0.5,False,atr2.5,trail12,False,575,-0.066,-38.0,35.7,0.88,376,-0.065,-24.4,35.4,0.88
wick,0.5,0.0,0.5,False,atr2.5,fixed1.0,True,575,-0.069,-39.8,49.0,0.87,376,-0.077,-29.1,47.6,0.86
wick,0.5,0.0,0.5,False,atr2.5,fixed1.0,False,575,-0.069,-39.8,49.0,0.87,376,-0.077,-29.1,47.6,0.86
wick,0.5,0.0,0.5,False,atr2.5,fixed1.5,True,575,-0.078,-45.1,32.3,0.86,376,-0.1,-37.6,30.6,0.82
wick,0.5,0.0,0.5,False,atr2.5,fixed1.5,False,575,-0.084,-48.2,38.8,0.87,376,-0.11,-41.5,36.7,0.83
wick,0.5,0.0,0.5,False,atr2.5,fixed2.0,True,575,-0.06,-34.5,25.6,0.89,376,-0.117,-43.9,22.3,0.79
wick,0.5,0.0,0.5,False,atr2.5,fixed2.0,False,575,-0.051,-29.2,33.7,0.93,376,-0.1,-37.5,31.4,0.86
wick,0.5,0.0,0.5,False,atr3.0,trail3,True,566,-0.07,-39.6,45.8,0.87,365,-0.078,-28.4,46.8,0.85
wick,0.5,0.0,0.5,False,atr3.0,trail3,False,566,-0.074,-41.6,46.1,0.86,365,-0.079,-28.7,46.8,0.85
wick,0.5,0.0,0.5,False,atr3.0,trail5,True,566,-0.078,-44.1,43.6,0.86,365,-0.052,-18.9,45.8,0.9
wick,0.5,0.0,0.5,False,atr3.0,trail5,False,566,-0.084,-47.5,44.0,0.85,365,-0.054,-19.7,45.8,0.9
wick,0.5,0.0,0.5,False,atr3.0,trail8,True,566,-0.056,-31.6,40.8,0.9,365,-0.052,-19.1,42.2,0.9
wick,0.5,0.0,0.5,False,atr3.0,trail8,False,566,-0.06,-33.9,41.5,0.89,365,-0.053,-19.3,42.7,0.9
wick,0.5,0.0,0.5,False,atr3.0,trail12,True,566,-0.063,-35.5,37.1,0.88,365,-0.022,-8.1,39.2,0.96
wick,0.5,0.0,0.5,False,atr3.0,trail12,False,566,-0.076,-43.1,37.8,0.87,365,-0.025,-9.1,40.3,0.95
wick,0.5,0.0,0.5,False,atr3.0,fixed1.0,True,566,-0.08,-45.0,47.9,0.85,365,-0.066,-24.2,47.7,0.88
wick,0.5,0.0,0.5,False,atr3.0,fixed1.0,False,566,-0.08,-45.0,47.9,0.85,365,-0.066,-24.2,47.7,0.88
wick,0.5,0.0,0.5,False,atr3.0,fixed1.5,True,566,-0.071,-40.4,32.9,0.87,365,-0.089,-32.5,30.4,0.83
wick,0.5,0.0,0.5,False,atr3.0,fixed1.5,False,566,-0.082,-46.3,38.5,0.87,365,-0.095,-34.5,37.3,0.85
wick,0.5,0.0,0.5,False,atr3.0,fixed2.0,True,566,-0.06,-34.0,25.8,0.89,365,-0.066,-23.9,24.4,0.88
wick,0.5,0.0,0.5,False,atr3.0,fixed2.0,False,566,-0.067,-37.8,33.2,0.9,365,-0.046,-16.6,33.2,0.93
wick,0.5,0.0,0.5,False,struct5,trail3,True,577,-0.064,-37.1,44.9,0.88,372,-0.085,-31.8,44.9,0.84
wick,0.5,0.0,0.5,False,struct5,trail3,False,577,-0.066,-38.3,45.2,0.88,372,-0.091,-33.8,44.9,0.84
wick,0.5,0.0,0.5,False,struct5,trail5,True,577,-0.07,-40.4,41.6,0.87,372,-0.065,-24.0,42.7,0.88
wick,0.5,0.0,0.5,False,struct5,trail5,False,577,-0.076,-43.6,42.1,0.87,372,-0.075,-28.0,42.7,0.87
wick,0.5,0.0,0.5,False,struct5,trail8,True,577,-0.067,-38.9,39.2,0.88,372,-0.09,-33.5,38.7,0.84
wick,0.5,0.0,0.5,False,struct5,trail8,False,577,-0.069,-39.8,40.6,0.88,372,-0.105,-39.1,39.2,0.82
wick,0.5,0.0,0.5,False,struct5,trail12,True,577,-0.075,-43.4,33.8,0.86,372,-0.063,-23.5,34.7,0.89
wick,0.5,0.0,0.5,False,struct5,trail12,False,577,-0.09,-52.1,35.2,0.85,372,-0.063,-23.5,36.3,0.89
wick,0.5,0.0,0.5,False,struct5,fixed1.0,True,577,-0.09,-52.0,48.4,0.83,372,-0.095,-35.3,47.0,0.83
wick,0.5,0.0,0.5,False,struct5,fixed1.0,False,577,-0.09,-52.0,48.4,0.83,372,-0.095,-35.3,47.0,0.83
wick,0.5,0.0,0.5,False,struct5,fixed1.5,True,577,-0.1,-58.0,32.2,0.82,372,-0.08,-29.9,32.8,0.85
wick,0.5,0.0,0.5,False,struct5,fixed1.5,False,577,-0.104,-60.1,38.8,0.84,372,-0.113,-41.9,36.8,0.83
wick,0.5,0.0,0.5,False,struct5,fixed2.0,True,577,-0.103,-59.2,25.1,0.82,372,-0.093,-34.7,24.5,0.83
wick,0.5,0.0,0.5,False,struct5,fixed2.0,False,577,-0.109,-62.8,32.9,0.85,372,-0.078,-29.1,32.3,0.89
wick,0.5,0.0,0.5,True,atr1.5,trail3,True,584,-0.033,-19.2,39.0,0.94,366,-0.073,-26.7,41.8,0.86
wick,0.5,0.0,0.5,True,atr1.5,trail3,False,584,-0.028,-16.5,40.6,0.95,366,-0.093,-34.0,41.8,0.83
wick,0.5,0.0,0.5,True,atr1.5,trail5,True,584,-0.031,-18.2,34.4,0.94,366,-0.048,-17.5,36.1,0.91
wick,0.5,0.0,0.5,True,atr1.5,trail5,False,584,-0.028,-16.5,36.0,0.95,366,-0.075,-27.5,36.9,0.87
wick,0.5,0.0,0.5,True,atr1.5,trail8,True,584,-0.023,-13.2,31.2,0.96,366,-0.058,-21.2,30.3,0.89
wick,0.5,0.0,0.5,True,atr1.5,trail8,False,584,-0.014,-7.9,33.2,0.98,366,-0.085,-31.0,32.0,0.86
wick,0.5,0.0,0.5,True,atr1.5,trail12,True,584,-0.032,-18.5,25.2,0.94,366,-0.026,-9.6,24.3,0.95
wick,0.5,0.0,0.5,True,atr1.5,trail12,False,584,-0.026,-15.0,27.7,0.96,366,-0.064,-23.4,26.2,0.9
wick,0.5,0.0,0.5,True,atr1.5,fixed1.0,True,584,-0.11,-64.3,48.3,0.8,366,-0.062,-22.8,49.5,0.88
wick,0.5,0.0,0.5,True,atr1.5,fixed1.0,False,584,-0.11,-64.3,48.3,0.8,366,-0.062,-22.8,49.5,0.88
wick,0.5,0.0,0.5,True,atr1.5,fixed1.5,True,584,-0.064,-37.3,35.3,0.89,366,-0.047,-17.3,33.9,0.91
wick,0.5,0.0,0.5,True,atr1.5,fixed1.5,False,584,-0.06,-34.8,40.8,0.91,366,-0.087,-31.8,38.5,0.87
wick,0.5,0.0,0.5,True,atr1.5,fixed2.0,True,584,-0.097,-56.5,24.8,0.83,366,-0.032,-11.8,26.2,0.94
wick,0.5,0.0,0.5,True,atr1.5,fixed2.0,False,584,-0.083,-48.6,33.2,0.88,366,-0.101,-36.9,31.7,0.86
wick,0.5,0.0,0.5,True,atr2.0,trail3,True,566,-0.025,-14.2,45.1,0.95,369,-0.131,-48.2,42.8,0.77
wick,0.5,0.0,0.5,True,atr2.0,trail3,False,566,-0.031,-17.5,45.4,0.94,369,-0.136,-50.2,43.1,0.76
wick,0.5,0.0,0.5,True,atr2.0,trail5,True,566,-0.037,-21.0,40.1,0.93,369,-0.089,-32.7,39.3,0.84
wick,0.5,0.0,0.5,True,atr2.0,trail5,False,566,-0.042,-24.0,40.6,0.92,369,-0.096,-35.6,40.1,0.83
wick,0.5,0.0,0.5,True,atr2.0,trail8,True,566,-0.03,-17.2,36.0,0.94,369,-0.105,-38.8,34.4,0.81
wick,0.5,0.0,0.5,True,atr2.0,trail8,False,566,-0.029,-16.2,37.5,0.95,369,-0.117,-43.1,35.5,0.8
wick,0.5,0.0,0.5,True,atr2.0,trail12,True,566,-0.043,-24.1,30.2,0.92,369,-0.053,-19.7,29.8,0.91
wick,0.5,0.0,0.5,True,atr2.0,trail12,False,566,-0.043,-24.3,32.3,0.93,369,-0.065,-24.1,31.2,0.89
wick,0.5,0.0,0.5,True,atr2.0,fixed1.0,True,566,-0.055,-30.9,50.4,0.9,369,-0.105,-38.9,46.6,0.81
wick,0.5,0.0,0.5,True,atr2.0,fixed1.0,False,566,-0.055,-30.9,50.4,0.9,369,-0.105,-38.9,46.6,0.81
wick,0.5,0.0,0.5,True,atr2.0,fixed1.5,True,566,-0.076,-43.0,32.2,0.86,369,-0.085,-31.4,32.5,0.85
wick,0.5,0.0,0.5,True,atr2.0,fixed1.5,False,566,-0.084,-47.5,39.2,0.87,369,-0.084,-31.0,38.2,0.87
wick,0.5,0.0,0.5,True,atr2.0,fixed2.0,True,566,-0.046,-26.1,25.6,0.92,369,-0.131,-48.2,22.5,0.77
wick,0.5,0.0,0.5,True,atr2.0,fixed2.0,False,566,-0.076,-42.9,33.0,0.89,369,-0.113,-41.7,30.9,0.84
wick,0.5,0.0,0.5,True,atr2.5,trail3,True,554,-0.034,-18.6,47.3,0.94,356,-0.129,-45.9,44.9,0.76
wick,0.5,0.0,0.5,True,atr2.5,trail3,False,554,-0.039,-21.5,47.3,0.93,356,-0.131,-46.8,44.9,0.76
wick,0.5,0.0,0.5,True,atr2.5,trail5,True,554,-0.05,-27.9,43.9,0.91,356,-0.111,-39.4,42.4,0.8
wick,0.5,0.0,0.5,True,atr2.5,trail5,False,554,-0.058,-32.4,43.9,0.89,356,-0.114,-40.7,42.7,0.79
wick,0.5,0.0,0.5,True,atr2.5,trail8,True,554,-0.038,-21.1,40.3,0.93,356,-0.123,-43.9,37.6,0.77
wick,0.5,0.0,0.5,True,atr2.5,trail8,False,554,-0.043,-23.8,41.0,0.92,356,-0.127,-45.3,38.5,0.77
wick,0.5,0.0,0.5,True,atr2.5,trail12,True,554,-0.046,-25.4,35.0,0.91,356,-0.09,-32.1,33.1,0.84
wick,0.5,0.0,0.5,True,atr2.5,trail12,False,554,-0.055,-30.3,36.3,0.9,356,-0.089,-31.7,34.8,0.84
wick,0.5,0.0,0.5,True,atr2.5,fixed1.0,True,554,-0.054,-29.8,49.8,0.9,356,-0.086,-30.5,47.2,0.84
wick,0.5,0.0,0.5,True,atr2.5,fixed1.0,False,554,-0.054,-29.8,49.8,0.9,356,-0.086,-30.5,47.2,0.84
wick,0.5,0.0,0.5,True,atr2.5,fixed1.5,True,554,-0.066,-36.6,32.7,0.88,356,-0.1,-35.5,30.9,0.82
wick,0.5,0.0,0.5,True,atr2.5,fixed1.5,False,554,-0.058,-32.2,39.9,0.91,356,-0.108,-38.4,36.8,0.83
wick,0.5,0.0,0.5,True,atr2.5,fixed2.0,True,554,-0.048,-26.5,25.8,0.91,356,-0.113,-40.2,22.8,0.79
wick,0.5,0.0,0.5,True,atr2.5,fixed2.0,False,554,-0.015,-8.2,35.0,0.98,356,-0.086,-30.6,31.7,0.88
wick,0.5,0.0,0.5,True,atr3.0,trail3,True,548,-0.057,-31.1,46.5,0.89,346,-0.1,-34.6,46.5,0.81
wick,0.5,0.0,0.5,True,atr3.0,trail3,False,548,-0.059,-32.2,46.9,0.89,346,-0.101,-34.9,46.5,0.81
wick,0.5,0.0,0.5,True,atr3.0,trail5,True,548,-0.068,-37.5,44.5,0.87,346,-0.071,-24.4,45.4,0.87
wick,0.5,0.0,0.5,True,atr3.0,trail5,False,548,-0.072,-39.6,44.9,0.87,346,-0.073,-25.2,45.4,0.86
wick,0.5,0.0,0.5,True,atr3.0,trail8,True,548,-0.047,-25.5,41.6,0.91,346,-0.068,-23.4,41.6,0.87
wick,0.5,0.0,0.5,True,atr3.0,trail8,False,548,-0.048,-26.5,42.3,0.91,346,-0.068,-23.7,42.2,0.87
wick,0.5,0.0,0.5,True,atr3.0,trail12,True,548,-0.054,-29.4,38.0,0.9,346,-0.043,-14.9,38.4,0.92
wick,0.5,0.0,0.5,True,atr3.0,trail12,False,548,-0.063,-34.7,38.7,0.89,346,-0.046,-15.9,39.6,0.92
wick,0.5,0.0,0.5,True,atr3.0,fixed1.0,True,548,-0.072,-39.3,48.4,0.87,346,-0.072,-25.0,47.4,0.86
wick,0.5,0.0,0.5,True,atr3.0,fixed1.0,False,548,-0.072,-39.3,48.4,0.87,346,-0.072,-25.0,47.4,0.86
wick,0.5,0.0,0.5,True,atr3.0,fixed1.5,True,548,-0.066,-36.1,33.0,0.88,346,-0.085,-29.3,30.9,0.84
wick,0.5,0.0,0.5,True,atr3.0,fixed1.5,False,548,-0.057,-31.0,39.6,0.91,346,-0.085,-29.5,37.6,0.87
wick,0.5,0.0,0.5,True,atr3.0,fixed2.0,True,548,-0.048,-26.2,26.3,0.91,346,-0.066,-22.8,24.6,0.88
wick,0.5,0.0,0.5,True,atr3.0,fixed2.0,False,548,-0.026,-14.0,34.7,0.96,346,-0.032,-11.2,33.5,0.95
wick,0.5,0.0,0.5,True,struct5,trail3,True,557,-0.058,-32.5,45.6,0.89,350,-0.123,-42.9,45.1,0.77
wick,0.5,0.0,0.5,True,struct5,trail3,False,557,-0.063,-35.0,45.8,0.89,350,-0.127,-44.6,45.1,0.77
wick,0.5,0.0,0.5,True,struct5,trail5,True,557,-0.068,-37.7,42.2,0.88,350,-0.097,-34.1,42.9,0.82
wick,0.5,0.0,0.5,True,struct5,trail5,False,557,-0.075,-41.5,42.5,0.87,350,-0.108,-37.7,42.9,0.81
wick,0.5,0.0,0.5,True,struct5,trail8,True,557,-0.067,-37.4,39.9,0.88,350,-0.121,-42.3,38.6,0.78
wick,0.5,0.0,0.5,True,struct5,trail8,False,557,-0.071,-39.3,40.9,0.87,350,-0.136,-47.5,39.1,0.76
wick,0.5,0.0,0.5,True,struct5,trail12,True,557,-0.079,-44.0,34.3,0.86,350,-0.101,-35.5,34.3,0.81
wick,0.5,0.0,0.5,True,struct5,trail12,False,557,-0.093,-51.8,35.5,0.84,350,-0.101,-35.2,36.0,0.83
wick,0.5,0.0,0.5,True,struct5,fixed1.0,True,557,-0.083,-46.2,48.7,0.85,350,-0.091,-31.7,47.1,0.83
wick,0.5,0.0,0.5,True,struct5,fixed1.0,False,557,-0.083,-46.2,48.7,0.85,350,-0.091,-31.7,47.1,0.83
wick,0.5,0.0,0.5,True,struct5,fixed1.5,True,557,-0.085,-47.2,33.0,0.85,350,-0.081,-28.3,32.6,0.85
wick,0.5,0.0,0.5,True,struct5,fixed1.5,False,557,-0.091,-50.7,39.3,0.86,350,-0.116,-40.7,36.6,0.82
wick,0.5,0.0,0.5,True,struct5,fixed2.0,True,557,-0.092,-51.4,25.5,0.83,350,-0.1,-35.0,24.0,0.82
wick,0.5,0.0,0.5,True,struct5,fixed2.0,False,557,-0.097,-54.0,33.4,0.86,350,-0.081,-28.3,32.0,0.88
wick,0.5,0.2,0.0,False,atr1.5,trail3,True,575,-0.109,-62.8,37.2,0.81,367,-0.042,-15.5,41.7,0.92
wick,0.5,0.2,0.0,False,atr1.5,trail3,False,575,-0.105,-60.3,38.8,0.82,367,-0.063,-23.2,42.0,0.89
wick,0.5,0.2,0.0,False,atr1.5,trail5,True,575,-0.124,-71.1,32.7,0.79,367,-0.016,-5.8,36.2,0.97
wick,0.5,0.2,0.0,False,atr1.5,trail5,False,575,-0.122,-69.9,34.1,0.8,367,-0.044,-16.3,37.1,0.92
wick,0.5,0.2,0.0,False,atr1.5,trail8,True,575,-0.111,-63.6,29.9,0.81,367,-0.029,-10.6,30.0,0.95
wick,0.5,0.2,0.0,False,atr1.5,trail8,False,575,-0.101,-58.2,32.0,0.84,367,-0.059,-21.6,31.6,0.9
wick,0.5,0.2,0.0,False,atr1.5,trail12,True,575,-0.104,-60.0,24.0,0.82,367,0.02,7.2,24.3,1.04
wick,0.5,0.2,0.0,False,atr1.5,trail12,False,575,-0.109,-62.6,26.1,0.83,367,-0.024,-8.8,25.9,0.96
wick,0.5,0.2,0.0,False,atr1.5,fixed1.0,True,575,-0.138,-79.3,46.8,0.76,367,-0.054,-19.7,49.9,0.9
wick,0.5,0.2,0.0,False,atr1.5,fixed1.0,False,575,-0.138,-79.3,46.8,0.76,367,-0.054,-19.7,49.9,0.9
wick,0.5,0.2,0.0,False,atr1.5,fixed1.5,True,575,-0.102,-58.9,33.6,0.82,367,-0.032,-11.6,34.6,0.94
wick,0.5,0.2,0.0,False,atr1.5,fixed1.5,False,575,-0.111,-63.9,38.6,0.83,367,-0.075,-27.7,39.0,0.88
wick,0.5,0.2,0.0,False,atr1.5,fixed2.0,True,575,-0.137,-78.6,23.5,0.77,367,-0.018,-6.7,26.7,0.97
wick,0.5,0.2,0.0,False,atr1.5,fixed2.0,False,575,-0.142,-81.6,31.1,0.81,367,-0.078,-28.8,32.4,0.89
wick,0.5,0.2,0.0,False,atr2.0,trail3,True,557,-0.095,-52.8,42.9,0.83,371,-0.107,-39.6,43.1,0.81
wick,0.5,0.2,0.0,False,atr2.0,trail3,False,557,-0.101,-56.1,43.3,0.82,371,-0.112,-41.6,43.4,0.8
wick,0.5,0.2,0.0,False,atr2.0,trail5,True,557,-0.116,-64.9,38.2,0.79,371,-0.067,-24.7,39.1,0.88
wick,0.5,0.2,0.0,False,atr2.0,trail5,False,557,-0.124,-69.0,38.6,0.78,371,-0.075,-27.9,39.9,0.87
wick,0.5,0.2,0.0,False,atr2.0,trail8,True,557,-0.11,-61.0,34.5,0.8,371,-0.082,-30.6,34.0,0.85
wick,0.5,0.2,0.0,False,atr2.0,trail8,False,557,-0.111,-61.6,35.9,0.81,371,-0.098,-36.3,35.0,0.83
wick,0.5,0.2,0.0,False,atr2.0,trail12,True,557,-0.11,-61.3,28.9,0.8,371,-0.034,-12.5,29.1,0.94
wick,0.5,0.2,0.0,False,atr2.0,trail12,False,557,-0.122,-68.0,30.7,0.8,371,-0.051,-18.8,30.5,0.92
wick,0.5,0.2,0.0,False,atr2.0,fixed1.0,True,557,-0.091,-50.6,48.5,0.83,371,-0.094,-34.8,47.2,0.83
wick,0.5,0.2,0.0,False,atr2.0,fixed1.0,False,557,-0.091,-50.6,48.5,0.83,371,-0.094,-34.8,47.2,0.83
wick,0.5,0.2,0.0,False,atr2.0,fixed1.5,True,557,-0.115,-64.2,30.7,0.79,371,-0.078,-28.9,32.6,0.86
wick,0.5,0.2,0.0,False,atr2.0,fixed1.5,False,557,-0.123,-68.6,37.5,0.81,371,-0.082,-30.5,38.3,0.87
wick,0.5,0.2,0.0,False,atr2.0,fixed2.0,True,557,-0.091,-50.7,24.2,0.84,371,-0.132,-48.9,22.1,0.76
wick,0.5,0.2,0.0,False,atr2.0,fixed2.0,False,557,-0.137,-76.5,30.9,0.81,371,-0.144,-53.4,29.9,0.8
wick,0.5,0.2,0.0,False,atr2.5,trail3,True,542,-0.093,-50.2,45.6,0.83,360,-0.113,-40.5,44.7,0.79
wick,0.5,0.2,0.0,False,atr2.5,trail3,False,542,-0.098,-53.1,45.6,0.82,360,-0.117,-42.1,44.7,0.78
wick,0.5,0.2,0.0,False,atr2.5,trail5,True,542,-0.113,-61.2,42.4,0.79,360,-0.092,-33.2,42.2,0.83
wick,0.5,0.2,0.0,False,atr2.5,trail5,False,542,-0.122,-66.0,42.4,0.78,360,-0.098,-35.4,42.5,0.82
wick,0.5,0.2,0.0,False,atr2.5,trail8,True,542,-0.102,-55.5,39.1,0.81,360,-0.104,-37.4,36.7,0.81
wick,0.5,0.2,0.0,False,atr2.5,trail8,False,542,-0.111,-60.2,39.7,0.8,360,-0.112,-40.3,37.5,0.8
wick,0.5,0.2,0.0,False,atr2.5,trail12,True,542,-0.099,-53.7,34.3,0.82,360,-0.073,-26.2,32.5,0.87
wick,0.5,0.2,0.0,False,atr2.5,trail12,False,542,-0.118,-63.8,35.1,0.8,360,-0.076,-27.4,34.2,0.87
wick,0.5,0.2,0.0,False,atr2.5,fixed1.0,True,542,-0.087,-47.4,48.2,0.84,360,-0.074,-26.5,47.8,0.86
wick,0.5,0.2,0.0,False,atr2.5,fixed1.0,False,542,-0.087,-47.4,48.2,0.84,360,-0.074,-26.5,47.8,0.86
wick,0.5,0.2,0.0,False,atr2.5,fixed1.5,True,542,-0.097,-52.6,31.7,0.82,360,-0.099,-35.6,30.6,0.82
wick,0.5,0.2,0.0,False,atr2.5,fixed1.5,False,542,-0.113,-61.2,37.6,0.83,360,-0.118,-42.5,36.4,0.82
wick,0.5,0.2,0.0,False,atr2.5,fixed2.0,True,542,-0.083,-45.0,24.9,0.85,360,-0.117,-42.1,22.2,0.79
wick,0.5,0.2,0.0,False,atr2.5,fixed2.0,False,542,-0.084,-45.8,32.7,0.88,360,-0.116,-41.7,30.8,0.84
wick,0.5,0.2,0.0,False,atr3.0,trail3,True,534,-0.113,-60.6,44.8,0.79,349,-0.085,-29.8,45.8,0.84
wick,0.5,0.2,0.0,False,atr3.0,trail3,False,534,-0.117,-62.6,45.1,0.79,349,-0.089,-31.2,45.8,0.83
wick,0.5,0.2,0.0,False,atr3.0,trail5,True,534,-0.131,-69.9,42.7,0.76,349,-0.053,-18.6,44.7,0.9
wick,0.5,0.2,0.0,False,atr3.0,trail5,False,534,-0.137,-73.4,43.1,0.75,349,-0.06,-21.0,44.7,0.89
wick,0.5,0.2,0.0,False,atr3.0,trail8,True,534,-0.115,-61.2,39.7,0.79,349,-0.049,-17.2,41.0,0.91
wick,0.5,0.2,0.0,False,atr3.0,trail8,False,534,-0.119,-63.6,40.4,0.79,349,-0.054,-19.0,41.5,0.9
wick,0.5,0.2,0.0,False,atr3.0,trail12,True,534,-0.114,-61.0,36.0,0.79,349,-0.028,-9.7,38.1,0.95
wick,0.5,0.2,0.0,False,atr3.0,trail12,False,534,-0.128,-68.6,36.7,0.78,349,-0.035,-12.2,39.3,0.94
wick,0.5,0.2,0.0,False,atr3.0,fixed1.0,True,534,-0.098,-52.1,47.0,0.82,349,-0.067,-23.6,47.6,0.87
wick,0.5,0.2,0.0,False,atr3.0,fixed1.0,False,534,-0.098,-52.1,47.0,0.82,349,-0.067,-23.6,47.6,0.87
wick,0.5,0.2,0.0,False,atr3.0,fixed1.5,True,534,-0.096,-51.3,31.8,0.83,349,-0.094,-32.7,30.1,0.83
wick,0.5,0.2,0.0,False,atr3.0,fixed1.5,False,534,-0.118,-63.2,37.1,0.82,349,-0.108,-37.7,36.7,0.83
wick,0.5,0.2,0.0,False,atr3.0,fixed2.0,True,534,-0.099,-52.6,24.3,0.82,349,-0.061,-21.1,24.6,0.89
wick,0.5,0.2,0.0,False,atr3.0,fixed2.0,False,534,-0.109,-58.4,31.8,0.84,349,-0.051,-17.8,33.0,0.92
wick,0.5,0.2,0.0,False,struct5,trail3,True,540,-0.132,-71.2,43.9,0.76,351,-0.088,-30.9,44.4,0.84
wick,0.5,0.2,0.0,False,struct5,trail3,False,540,-0.134,-72.4,44.3,0.76,351,-0.093,-32.7,44.4,0.83
wick,0.5,0.2,0.0,False,struct5,trail5,True,540,-0.159,-86.0,40.7,0.72,351,-0.073,-25.6,42.2,0.87
wick,0.5,0.2,0.0,False,struct5,trail5,False,540,-0.166,-89.8,41.1,0.71,351,-0.084,-29.5,42.2,0.85
wick,0.5,0.2,0.0,False,struct5,trail8,True,540,-0.16,-86.5,38.1,0.72,351,-0.096,-33.9,37.9,0.83
wick,0.5,0.2,0.0,False,struct5,trail8,False,540,-0.168,-90.6,39.3,0.71,351,-0.113,-39.6,38.5,0.8
wick,0.5,0.2,0.0,False,struct5,trail12,True,540,-0.155,-83.8,33.0,0.73,351,-0.06,-21.0,33.9,0.89
wick,0.5,0.2,0.0,False,struct5,trail12,False,540,-0.176,-95.0,34.1,0.71,351,-0.075,-26.2,35.3,0.87
wick,0.5,0.2,0.0,False,struct5,fixed1.0,True,540,-0.111,-59.8,47.2,0.8,351,-0.099,-34.6,46.7,0.82
wick,0.5,0.2,0.0,False,struct5,fixed1.0,False,540,-0.111,-59.8,47.2,0.8,351,-0.099,-34.6,46.7,0.82
wick,0.5,0.2,0.0,False,struct5,fixed1.5,True,540,-0.128,-69.1,31.1,0.77,351,-0.08,-28.2,32.8,0.85
wick,0.5,0.2,0.0,False,struct5,fixed1.5,False,540,-0.139,-75.1,37.4,0.79,351,-0.117,-41.0,36.5,0.82
wick,0.5,0.2,0.0,False,struct5,fixed2.0,True,540,-0.137,-73.8,24.1,0.76,351,-0.102,-36.0,23.9,0.82
wick,0.5,0.2,0.0,False,struct5,fixed2.0,False,540,-0.16,-86.3,31.3,0.78,351,-0.092,-32.2,31.6,0.87
wick,0.5,0.2,0.0,True,atr1.5,trail3,True,558,-0.103,-57.5,37.8,0.82,345,-0.06,-20.7,42.0,0.89
wick,0.5,0.2,0.0,True,atr1.5,trail3,False,558,-0.099,-55.1,39.4,0.83,345,-0.082,-28.3,42.3,0.85
wick,0.5,0.2,0.0,True,atr1.5,trail5,True,558,-0.122,-68.0,33.2,0.79,345,-0.034,-11.6,36.2,0.94
wick,0.5,0.2,0.0,True,atr1.5,trail5,False,558,-0.123,-68.6,34.4,0.8,345,-0.064,-22.1,37.1,0.89
wick,0.5,0.2,0.0,True,atr1.5,trail8,True,558,-0.113,-62.9,29.9,0.8,345,-0.041,-14.3,30.1,0.92
wick,0.5,0.2,0.0,True,atr1.5,trail8,False,558,-0.108,-60.2,32.1,0.83,345,-0.072,-24.8,31.9,0.88
wick,0.5,0.2,0.0,True,atr1.5,trail12,True,558,-0.108,-60.1,23.8,0.82,345,-0.006,-2.0,24.1,0.99
wick,0.5,0.2,0.0,True,atr1.5,trail12,False,558,-0.107,-59.9,26.2,0.83,345,-0.047,-16.2,26.1,0.92
wick,0.5,0.2,0.0,True,atr1.5,fixed1.0,True,558,-0.124,-69.2,47.5,0.78,345,-0.037,-12.6,50.7,0.93
wick,0.5,0.2,0.0,True,atr1.5,fixed1.0,False,558,-0.124,-69.2,47.5,0.78,345,-0.037,-12.6,50.7,0.93
wick,0.5,0.2,0.0,True,atr1.5,fixed1.5,True,558,-0.085,-47.7,34.2,0.85,345,-0.016,-5.6,35.1,0.97
wick,0.5,0.2,0.0,True,atr1.5,fixed1.5,False,558,-0.095,-53.2,39.2,0.85,345,-0.064,-22.1,39.4,0.9
wick,0.5,0.2,0.0,True,atr1.5,fixed2.0,True,558,-0.126,-70.4,23.7,0.78,345,-0.011,-3.7,26.7,0.98
wick,0.5,0.2,0.0,True,atr1.5,fixed2.0,False,558,-0.126,-70.5,31.7,0.83,345,-0.077,-26.7,32.5,0.89
wick,0.5,0.2,0.0,True,atr2.0,trail3,True,541,-0.076,-41.3,44.4,0.86,351,-0.127,-44.6,43.0,0.77
wick,0.5,0.2,0.0,True,atr2.0,trail3,False,541,-0.082,-44.6,44.7,0.85,351,-0.133,-46.6,43.3,0.76
wick,0.5,0.2,0.0,True,atr2.0,trail5,True,541,-0.103,-55.9,39.2,0.81,351,-0.083,-29.1,39.0,0.85
wick,0.5,0.2,0.0,True,atr2.0,trail5,False,541,-0.111,-60.3,39.6,0.8,351,-0.092,-32.3,39.9,0.84
wick,0.5,0.2,0.0,True,atr2.0,trail8,True,541,-0.1,-53.9,34.9,0.82,351,-0.096,-33.7,33.9,0.83
wick,0.5,0.2,0.0,True,atr2.0,trail8,False,541,-0.101,-54.6,36.6,0.82,351,-0.111,-39.0,35.0,0.81
wick,0.5,0.2,0.0,True,atr2.0,trail12,True,541,-0.101,-54.9,29.0,0.81,351,-0.057,-19.9,28.8,0.9
wick,0.5,0.2,0.0,True,atr2.0,trail12,False,541,-0.107,-57.7,31.2,0.82,351,-0.072,-25.3,30.2,0.88
wick,0.5,0.2,0.0,True,atr2.0,fixed1.0,True,541,-0.062,-33.6,49.9,0.88,351,-0.091,-31.9,47.3,0.83
wick,0.5,0.2,0.0,True,atr2.0,fixed1.0,False,541,-0.062,-33.6,49.9,0.88,351,-0.091,-31.9,47.3,0.83
wick,0.5,0.2,0.0,True,atr2.0,fixed1.5,True,541,-0.093,-50.2,31.2,0.83,351,-0.078,-27.4,32.5,0.86
wick,0.5,0.2,0.0,True,atr2.0,fixed1.5,False,541,-0.097,-52.7,38.6,0.85,351,-0.084,-29.5,38.2,0.87
wick,0.5,0.2,0.0,True,atr2.0,fixed2.0,True,541,-0.074,-39.8,24.4,0.87,351,-0.128,-44.9,22.2,0.77
wick,0.5,0.2,0.0,True,atr2.0,fixed2.0,False,541,-0.112,-60.6,31.8,0.85,351,-0.124,-43.4,30.5,0.83
wick,0.5,0.2,0.0,True,atr2.5,trail3,True,525,-0.078,-41.0,46.5,0.85,340,-0.122,-41.4,45.3,0.77
wick,0.5,0.2,0.0,True,atr2.5,trail3,False,525,-0.084,-44.0,46.5,0.85,340,-0.125,-42.4,45.3,0.77
wick,0.5,0.2,0.0,True,atr2.5,trail5,True,525,-0.103,-54.0,43.0,0.81,340,-0.1,-34.0,42.6,0.81
wick,0.5,0.2,0.0,True,atr2.5,trail5,False,525,-0.112,-58.8,43.0,0.8,340,-0.105,-35.6,42.9,0.81
wick,0.5,0.2,0.0,True,atr2.5,trail8,True,525,-0.094,-49.4,39.4,0.83,340,-0.11,-37.4,37.1,0.8
wick,0.5,0.2,0.0,True,atr2.5,trail8,False,525,-0.103,-54.0,40.2,0.82,340,-0.115,-39.3,37.9,0.79
wick,0.5,0.2,0.0,True,atr2.5,trail12,True,525,-0.092,-48.4,34.3,0.83,340,-0.088,-29.8,32.4,0.84
wick,0.5,0.2,0.0,True,atr2.5,trail12,False,525,-0.105,-55.3,35.4,0.82,340,-0.089,-30.2,34.1,0.84
wick,0.5,0.2,0.0,True,atr2.5,fixed1.0,True,525,-0.068,-35.6,49.1,0.87,340,-0.069,-23.6,47.9,0.87
wick,0.5,0.2,0.0,True,atr2.5,fixed1.0,False,525,-0.068,-35.6,49.1,0.87,340,-0.069,-23.6,47.9,0.87
wick,0.5,0.2,0.0,True,atr2.5,fixed1.5,True,525,-0.086,-45.3,31.8,0.84,340,-0.096,-32.6,30.6,0.82
wick,0.5,0.2,0.0,True,atr2.5,fixed1.5,False,525,-0.089,-46.9,38.7,0.86,340,-0.115,-39.0,36.5,0.82
wick,0.5,0.2,0.0,True,atr2.5,fixed2.0,True,525,-0.073,-38.2,25.0,0.87,340,-0.106,-36.1,22.6,0.8
wick,0.5,0.2,0.0,True,atr2.5,fixed2.0,False,525,-0.055,-29.0,33.7,0.92,340,-0.101,-34.5,31.2,0.86
wick,0.5,0.2,0.0,True,atr3.0,trail3,True,521,-0.099,-51.6,45.7,0.82,331,-0.103,-34.1,45.9,0.81
wick,0.5,0.2,0.0,True,atr3.0,trail3,False,521,-0.101,-52.7,46.1,0.82,331,-0.105,-34.8,45.9,0.8
wick,0.5,0.2,0.0,True,atr3.0,trail5,True,521,-0.12,-62.5,43.8,0.78,331,-0.068,-22.4,44.7,0.87
wick,0.5,0.2,0.0,True,atr3.0,trail5,False,521,-0.124,-64.6,44.1,0.77,331,-0.072,-23.8,44.7,0.87
wick,0.5,0.2,0.0,True,atr3.0,trail8,True,521,-0.105,-54.9,40.5,0.81,331,-0.06,-19.9,40.8,0.89
wick,0.5,0.2,0.0,True,atr3.0,trail8,False,521,-0.107,-55.5,41.5,0.81,331,-0.063,-20.7,41.4,0.88
wick,0.5,0.2,0.0,True,atr3.0,trail12,True,521,-0.105,-54.9,36.7,0.81,331,-0.045,-14.8,37.8,0.92
wick,0.5,0.2,0.0,True,atr3.0,trail12,False,521,-0.116,-60.5,37.4,0.8,331,-0.049,-16.4,39.0,0.91
wick,0.5,0.2,0.0,True,atr3.0,fixed1.0,True,521,-0.087,-45.5,47.6,0.84,331,-0.07,-23.1,47.4,0.87
wick,0.5,0.2,0.0,True,atr3.0,fixed1.0,False,521,-0.087,-45.5,47.6,0.84,331,-0.07,-23.1,47.4,0.87
wick,0.5,0.2,0.0,True,atr3.0,fixed1.5,True,521,-0.092,-47.8,31.9,0.83,331,-0.088,-29.2,30.5,0.84
wick,0.5,0.2,0.0,True,atr3.0,fixed1.5,False,521,-0.097,-50.7,38.0,0.85,331,-0.101,-33.4,36.9,0.84
wick,0.5,0.2,0.0,True,atr3.0,fixed2.0,True,521,-0.09,-47.0,24.6,0.84,331,-0.059,-19.7,24.8,0.89
wick,0.5,0.2,0.0,True,atr3.0,fixed2.0,False,521,-0.077,-39.9,33.0,0.89,331,-0.039,-13.1,33.2,0.94
wick,0.5,0.2,0.0,True,struct5,trail3,True,525,-0.114,-59.9,45.0,0.79,330,-0.118,-39.0,45.2,0.78
wick,0.5,0.2,0.0,True,struct5,trail3,False,525,-0.119,-62.4,45.1,0.79,330,-0.124,-40.8,45.2,0.77
wick,0.5,0.2,0.0,True,struct5,trail5,True,525,-0.144,-75.5,41.7,0.74,330,-0.102,-33.7,42.7,0.81
wick,0.5,0.2,0.0,True,struct5,trail5,False,525,-0.153,-80.2,41.9,0.73,330,-0.114,-37.6,42.7,0.79
wick,0.5,0.2,0.0,True,struct5,trail8,True,525,-0.146,-76.6,39.0,0.74,330,-0.123,-40.6,38.2,0.77
wick,0.5,0.2,0.0,True,struct5,trail8,False,525,-0.153,-80.3,40.2,0.73,330,-0.141,-46.4,38.8,0.75
wick,0.5,0.2,0.0,True,struct5,trail12,True,525,-0.145,-76.1,33.7,0.74,330,-0.1,-33.1,33.6,0.82
wick,0.5,0.2,0.0,True,struct5,trail12,False,525,-0.163,-85.3,34.9,0.72,330,-0.117,-38.5,35.2,0.8
wick,0.5,0.2,0.0,True,struct5,fixed1.0,True,525,-0.094,-49.5,48.0,0.83,330,-0.079,-26.1,47.6,0.85
wick,0.5,0.2,0.0,True,struct5,fixed1.0,False,525,-0.094,-49.5,48.0,0.83,330,-0.079,-26.1,47.6,0.85
wick,0.5,0.2,0.0,True,struct5,fixed1.5,True,525,-0.103,-54.2,32.2,0.81,330,-0.066,-21.7,33.0,0.88
wick,0.5,0.2,0.0,True,struct5,fixed1.5,False,525,-0.117,-61.3,38.3,0.82,330,-0.109,-35.9,36.7,0.83
wick,0.5,0.2,0.0,True,struct5,fixed2.0,True,525,-0.123,-64.5,24.4,0.78,330,-0.092,-30.4,23.9,0.83
wick,0.5,0.2,0.0,True,struct5,fixed2.0,False,525,-0.141,-74.0,32.0,0.8,330,-0.08,-26.5,31.8,0.88
wick,0.5,0.2,0.25,False,atr1.5,trail3,True,575,-0.109,-62.8,37.2,0.81,367,-0.042,-15.5,41.7,0.92
wick,0.5,0.2,0.25,False,atr1.5,trail3,False,575,-0.105,-60.3,38.8,0.82,367,-0.063,-23.2,42.0,0.89
wick,0.5,0.2,0.25,False,atr1.5,trail5,True,575,-0.124,-71.1,32.7,0.79,367,-0.016,-5.8,36.2,0.97
wick,0.5,0.2,0.25,False,atr1.5,trail5,False,575,-0.122,-69.9,34.1,0.8,367,-0.044,-16.3,37.1,0.92
wick,0.5,0.2,0.25,False,atr1.5,trail8,True,575,-0.111,-63.6,29.9,0.81,367,-0.029,-10.6,30.0,0.95
wick,0.5,0.2,0.25,False,atr1.5,trail8,False,575,-0.101,-58.2,32.0,0.84,367,-0.059,-21.6,31.6,0.9
wick,0.5,0.2,0.25,False,atr1.5,trail12,True,575,-0.104,-60.0,24.0,0.82,367,0.02,7.2,24.3,1.04
wick,0.5,0.2,0.25,False,atr1.5,trail12,False,575,-0.109,-62.6,26.1,0.83,367,-0.024,-8.8,25.9,0.96
wick,0.5,0.2,0.25,False,atr1.5,fixed1.0,True,575,-0.138,-79.3,46.8,0.76,367,-0.054,-19.7,49.9,0.9
wick,0.5,0.2,0.25,False,atr1.5,fixed1.0,False,575,-0.138,-79.3,46.8,0.76,367,-0.054,-19.7,49.9,0.9
wick,0.5,0.2,0.25,False,atr1.5,fixed1.5,True,575,-0.102,-58.9,33.6,0.82,367,-0.032,-11.6,34.6,0.94
wick,0.5,0.2,0.25,False,atr1.5,fixed1.5,False,575,-0.111,-63.9,38.6,0.83,367,-0.075,-27.7,39.0,0.88
wick,0.5,0.2,0.25,False,atr1.5,fixed2.0,True,575,-0.137,-78.6,23.5,0.77,367,-0.018,-6.7,26.7,0.97
wick,0.5,0.2,0.25,False,atr1.5,fixed2.0,False,575,-0.142,-81.6,31.1,0.81,367,-0.078,-28.8,32.4,0.89
wick,0.5,0.2,0.25,False,atr2.0,trail3,True,557,-0.095,-52.8,42.9,0.83,371,-0.107,-39.6,43.1,0.81
wick,0.5,0.2,0.25,False,atr2.0,trail3,False,557,-0.101,-56.1,43.3,0.82,371,-0.112,-41.6,43.4,0.8
wick,0.5,0.2,0.25,False,atr2.0,trail5,True,557,-0.116,-64.9,38.2,0.79,371,-0.067,-24.7,39.1,0.88
wick,0.5,0.2,0.25,False,atr2.0,trail5,False,557,-0.124,-69.0,38.6,0.78,371,-0.075,-27.9,39.9,0.87
wick,0.5,0.2,0.25,False,atr2.0,trail8,True,557,-0.11,-61.0,34.5,0.8,371,-0.082,-30.6,34.0,0.85
wick,0.5,0.2,0.25,False,atr2.0,trail8,False,557,-0.111,-61.6,35.9,0.81,371,-0.098,-36.3,35.0,0.83
wick,0.5,0.2,0.25,False,atr2.0,trail12,True,557,-0.11,-61.3,28.9,0.8,371,-0.034,-12.5,29.1,0.94
wick,0.5,0.2,0.25,False,atr2.0,trail12,False,557,-0.122,-68.0,30.7,0.8,371,-0.051,-18.8,30.5,0.92
wick,0.5,0.2,0.25,False,atr2.0,fixed1.0,True,557,-0.091,-50.6,48.5,0.83,371,-0.094,-34.8,47.2,0.83
wick,0.5,0.2,0.25,False,atr2.0,fixed1.0,False,557,-0.091,-50.6,48.5,0.83,371,-0.094,-34.8,47.2,0.83
wick,0.5,0.2,0.25,False,atr2.0,fixed1.5,True,557,-0.115,-64.2,30.7,0.79,371,-0.078,-28.9,32.6,0.86
wick,0.5,0.2,0.25,False,atr2.0,fixed1.5,False,557,-0.123,-68.6,37.5,0.81,371,-0.082,-30.5,38.3,0.87
wick,0.5,0.2,0.25,False,atr2.0,fixed2.0,True,557,-0.091,-50.7,24.2,0.84,371,-0.132,-48.9,22.1,0.76
wick,0.5,0.2,0.25,False,atr2.0,fixed2.0,False,557,-0.137,-76.5,30.9,0.81,371,-0.144,-53.4,29.9,0.8
wick,0.5,0.2,0.25,False,atr2.5,trail3,True,542,-0.093,-50.2,45.6,0.83,360,-0.113,-40.5,44.7,0.79
wick,0.5,0.2,0.25,False,atr2.5,trail3,False,542,-0.098,-53.1,45.6,0.82,360,-0.117,-42.1,44.7,0.78
wick,0.5,0.2,0.25,False,atr2.5,trail5,True,542,-0.113,-61.2,42.4,0.79,360,-0.092,-33.2,42.2,0.83
wick,0.5,0.2,0.25,False,atr2.5,trail5,False,542,-0.122,-66.0,42.4,0.78,360,-0.098,-35.4,42.5,0.82
wick,0.5,0.2,0.25,False,atr2.5,trail8,True,542,-0.102,-55.5,39.1,0.81,360,-0.104,-37.4,36.7,0.81
wick,0.5,0.2,0.25,False,atr2.5,trail8,False,542,-0.111,-60.2,39.7,0.8,360,-0.112,-40.3,37.5,0.8
wick,0.5,0.2,0.25,False,atr2.5,trail12,True,542,-0.099,-53.7,34.3,0.82,360,-0.073,-26.2,32.5,0.87
wick,0.5,0.2,0.25,False,atr2.5,trail12,False,542,-0.118,-63.8,35.1,0.8,360,-0.076,-27.4,34.2,0.87
wick,0.5,0.2,0.25,False,atr2.5,fixed1.0,True,542,-0.087,-47.4,48.2,0.84,360,-0.074,-26.5,47.8,0.86
wick,0.5,0.2,0.25,False,atr2.5,fixed1.0,False,542,-0.087,-47.4,48.2,0.84,360,-0.074,-26.5,47.8,0.86
wick,0.5,0.2,0.25,False,atr2.5,fixed1.5,True,542,-0.097,-52.6,31.7,0.82,360,-0.099,-35.6,30.6,0.82
wick,0.5,0.2,0.25,False,atr2.5,fixed1.5,False,542,-0.113,-61.2,37.6,0.83,360,-0.118,-42.5,36.4,0.82
wick,0.5,0.2,0.25,False,atr2.5,fixed2.0,True,542,-0.083,-45.0,24.9,0.85,360,-0.117,-42.1,22.2,0.79
wick,0.5,0.2,0.25,False,atr2.5,fixed2.0,False,542,-0.084,-45.8,32.7,0.88,360,-0.116,-41.7,30.8,0.84
wick,0.5,0.2,0.25,False,atr3.0,trail3,True,534,-0.113,-60.6,44.8,0.79,349,-0.085,-29.8,45.8,0.84
wick,0.5,0.2,0.25,False,atr3.0,trail3,False,534,-0.117,-62.6,45.1,0.79,349,-0.089,-31.2,45.8,0.83
wick,0.5,0.2,0.25,False,atr3.0,trail5,True,534,-0.131,-69.9,42.7,0.76,349,-0.053,-18.6,44.7,0.9
wick,0.5,0.2,0.25,False,atr3.0,trail5,False,534,-0.137,-73.4,43.1,0.75,349,-0.06,-21.0,44.7,0.89
wick,0.5,0.2,0.25,False,atr3.0,trail8,True,534,-0.115,-61.2,39.7,0.79,349,-0.049,-17.2,41.0,0.91
wick,0.5,0.2,0.25,False,atr3.0,trail8,False,534,-0.119,-63.6,40.4,0.79,349,-0.054,-19.0,41.5,0.9
wick,0.5,0.2,0.25,False,atr3.0,trail12,True,534,-0.114,-61.0,36.0,0.79,349,-0.028,-9.7,38.1,0.95
wick,0.5,0.2,0.25,False,atr3.0,trail12,False,534,-0.128,-68.6,36.7,0.78,349,-0.035,-12.2,39.3,0.94
wick,0.5,0.2,0.25,False,atr3.0,fixed1.0,True,534,-0.098,-52.1,47.0,0.82,349,-0.067,-23.6,47.6,0.87
wick,0.5,0.2,0.25,False,atr3.0,fixed1.0,False,534,-0.098,-52.1,47.0,0.82,349,-0.067,-23.6,47.6,0.87
wick,0.5,0.2,0.25,False,atr3.0,fixed1.5,True,534,-0.096,-51.3,31.8,0.83,349,-0.094,-32.7,30.1,0.83
wick,0.5,0.2,0.25,False,atr3.0,fixed1.5,False,534,-0.118,-63.2,37.1,0.82,349,-0.108,-37.7,36.7,0.83
wick,0.5,0.2,0.25,False,atr3.0,fixed2.0,True,534,-0.099,-52.6,24.3,0.82,349,-0.061,-21.1,24.6,0.89
wick,0.5,0.2,0.25,False,atr3.0,fixed2.0,False,534,-0.109,-58.4,31.8,0.84,349,-0.051,-17.8,33.0,0.92
wick,0.5,0.2,0.25,False,struct5,trail3,True,540,-0.132,-71.2,43.9,0.76,351,-0.088,-30.9,44.4,0.84
wick,0.5,0.2,0.25,False,struct5,trail3,False,540,-0.134,-72.4,44.3,0.76,351,-0.093,-32.7,44.4,0.83
wick,0.5,0.2,0.25,False,struct5,trail5,True,540,-0.159,-86.0,40.7,0.72,351,-0.073,-25.6,42.2,0.87
wick,0.5,0.2,0.25,False,struct5,trail5,False,540,-0.166,-89.8,41.1,0.71,351,-0.084,-29.5,42.2,0.85
wick,0.5,0.2,0.25,False,struct5,trail8,True,540,-0.16,-86.5,38.1,0.72,351,-0.096,-33.9,37.9,0.83
wick,0.5,0.2,0.25,False,struct5,trail8,False,540,-0.168,-90.6,39.3,0.71,351,-0.113,-39.6,38.5,0.8
wick,0.5,0.2,0.25,False,struct5,trail12,True,540,-0.155,-83.8,33.0,0.73,351,-0.06,-21.0,33.9,0.89
wick,0.5,0.2,0.25,False,struct5,trail12,False,540,-0.176,-95.0,34.1,0.71,351,-0.075,-26.2,35.3,0.87
wick,0.5,0.2,0.25,False,struct5,fixed1.0,True,540,-0.111,-59.8,47.2,0.8,351,-0.099,-34.6,46.7,0.82
wick,0.5,0.2,0.25,False,struct5,fixed1.0,False,540,-0.111,-59.8,47.2,0.8,351,-0.099,-34.6,46.7,0.82
wick,0.5,0.2,0.25,False,struct5,fixed1.5,True,540,-0.128,-69.1,31.1,0.77,351,-0.08,-28.2,32.8,0.85
wick,0.5,0.2,0.25,False,struct5,fixed1.5,False,540,-0.139,-75.1,37.4,0.79,351,-0.117,-41.0,36.5,0.82
wick,0.5,0.2,0.25,False,struct5,fixed2.0,True,540,-0.137,-73.8,24.1,0.76,351,-0.102,-36.0,23.9,0.82
wick,0.5,0.2,0.25,False,struct5,fixed2.0,False,540,-0.16,-86.3,31.3,0.78,351,-0.092,-32.2,31.6,0.87
wick,0.5,0.2,0.25,True,atr1.5,trail3,True,558,-0.103,-57.5,37.8,0.82,345,-0.06,-20.7,42.0,0.89
wick,0.5,0.2,0.25,True,atr1.5,trail3,False,558,-0.099,-55.1,39.4,0.83,345,-0.082,-28.3,42.3,0.85
wick,0.5,0.2,0.25,True,atr1.5,trail5,True,558,-0.122,-68.0,33.2,0.79,345,-0.034,-11.6,36.2,0.94
wick,0.5,0.2,0.25,True,atr1.5,trail5,False,558,-0.123,-68.6,34.4,0.8,345,-0.064,-22.1,37.1,0.89
wick,0.5,0.2,0.25,True,atr1.5,trail8,True,558,-0.113,-62.9,29.9,0.8,345,-0.041,-14.3,30.1,0.92
wick,0.5,0.2,0.25,True,atr1.5,trail8,False,558,-0.108,-60.2,32.1,0.83,345,-0.072,-24.8,31.9,0.88
wick,0.5,0.2,0.25,True,atr1.5,trail12,True,558,-0.108,-60.1,23.8,0.82,345,-0.006,-2.0,24.1,0.99
wick,0.5,0.2,0.25,True,atr1.5,trail12,False,558,-0.107,-59.9,26.2,0.83,345,-0.047,-16.2,26.1,0.92
wick,0.5,0.2,0.25,True,atr1.5,fixed1.0,True,558,-0.124,-69.2,47.5,0.78,345,-0.037,-12.6,50.7,0.93
wick,0.5,0.2,0.25,True,atr1.5,fixed1.0,False,558,-0.124,-69.2,47.5,0.78,345,-0.037,-12.6,50.7,0.93
wick,0.5,0.2,0.25,True,atr1.5,fixed1.5,True,558,-0.085,-47.7,34.2,0.85,345,-0.016,-5.6,35.1,0.97
wick,0.5,0.2,0.25,True,atr1.5,fixed1.5,False,558,-0.095,-53.2,39.2,0.85,345,-0.064,-22.1,39.4,0.9
wick,0.5,0.2,0.25,True,atr1.5,fixed2.0,True,558,-0.126,-70.4,23.7,0.78,345,-0.011,-3.7,26.7,0.98
wick,0.5,0.2,0.25,True,atr1.5,fixed2.0,False,558,-0.126,-70.5,31.7,0.83,345,-0.077,-26.7,32.5,0.89
wick,0.5,0.2,0.25,True,atr2.0,trail3,True,541,-0.076,-41.3,44.4,0.86,351,-0.127,-44.6,43.0,0.77
wick,0.5,0.2,0.25,True,atr2.0,trail3,False,541,-0.082,-44.6,44.7,0.85,351,-0.133,-46.6,43.3,0.76
wick,0.5,0.2,0.25,True,atr2.0,trail5,True,541,-0.103,-55.9,39.2,0.81,351,-0.083,-29.1,39.0,0.85
wick,0.5,0.2,0.25,True,atr2.0,trail5,False,541,-0.111,-60.3,39.6,0.8,351,-0.092,-32.3,39.9,0.84
wick,0.5,0.2,0.25,True,atr2.0,trail8,True,541,-0.1,-53.9,34.9,0.82,351,-0.096,-33.7,33.9,0.83
wick,0.5,0.2,0.25,True,atr2.0,trail8,False,541,-0.101,-54.6,36.6,0.82,351,-0.111,-39.0,35.0,0.81
wick,0.5,0.2,0.25,True,atr2.0,trail12,True,541,-0.101,-54.9,29.0,0.81,351,-0.057,-19.9,28.8,0.9
wick,0.5,0.2,0.25,True,atr2.0,trail12,False,541,-0.107,-57.7,31.2,0.82,351,-0.072,-25.3,30.2,0.88
wick,0.5,0.2,0.25,True,atr2.0,fixed1.0,True,541,-0.062,-33.6,49.9,0.88,351,-0.091,-31.9,47.3,0.83
wick,0.5,0.2,0.25,True,atr2.0,fixed1.0,False,541,-0.062,-33.6,49.9,0.88,351,-0.091,-31.9,47.3,0.83
wick,0.5,0.2,0.25,True,atr2.0,fixed1.5,True,541,-0.093,-50.2,31.2,0.83,351,-0.078,-27.4,32.5,0.86
wick,0.5,0.2,0.25,True,atr2.0,fixed1.5,False,541,-0.097,-52.7,38.6,0.85,351,-0.084,-29.5,38.2,0.87
wick,0.5,0.2,0.25,True,atr2.0,fixed2.0,True,541,-0.074,-39.8,24.4,0.87,351,-0.128,-44.9,22.2,0.77
wick,0.5,0.2,0.25,True,atr2.0,fixed2.0,False,541,-0.112,-60.6,31.8,0.85,351,-0.124,-43.4,30.5,0.83
wick,0.5,0.2,0.25,True,atr2.5,trail3,True,525,-0.078,-41.0,46.5,0.85,340,-0.122,-41.4,45.3,0.77
wick,0.5,0.2,0.25,True,atr2.5,trail3,False,525,-0.084,-44.0,46.5,0.85,340,-0.125,-42.4,45.3,0.77
wick,0.5,0.2,0.25,True,atr2.5,trail5,True,525,-0.103,-54.0,43.0,0.81,340,-0.1,-34.0,42.6,0.81
wick,0.5,0.2,0.25,True,atr2.5,trail5,False,525,-0.112,-58.8,43.0,0.8,340,-0.105,-35.6,42.9,0.81
wick,0.5,0.2,0.25,True,atr2.5,trail8,True,525,-0.094,-49.4,39.4,0.83,340,-0.11,-37.4,37.1,0.8
wick,0.5,0.2,0.25,True,atr2.5,trail8,False,525,-0.103,-54.0,40.2,0.82,340,-0.115,-39.3,37.9,0.79
wick,0.5,0.2,0.25,True,atr2.5,trail12,True,525,-0.092,-48.4,34.3,0.83,340,-0.088,-29.8,32.4,0.84
wick,0.5,0.2,0.25,True,atr2.5,trail12,False,525,-0.105,-55.3,35.4,0.82,340,-0.089,-30.2,34.1,0.84
wick,0.5,0.2,0.25,True,atr2.5,fixed1.0,True,525,-0.068,-35.6,49.1,0.87,340,-0.069,-23.6,47.9,0.87
wick,0.5,0.2,0.25,True,atr2.5,fixed1.0,False,525,-0.068,-35.6,49.1,0.87,340,-0.069,-23.6,47.9,0.87
wick,0.5,0.2,0.25,True,atr2.5,fixed1.5,True,525,-0.086,-45.3,31.8,0.84,340,-0.096,-32.6,30.6,0.82
wick,0.5,0.2,0.25,True,atr2.5,fixed1.5,False,525,-0.089,-46.9,38.7,0.86,340,-0.115,-39.0,36.5,0.82
wick,0.5,0.2,0.25,True,atr2.5,fixed2.0,True,525,-0.073,-38.2,25.0,0.87,340,-0.106,-36.1,22.6,0.8
wick,0.5,0.2,0.25,True,atr2.5,fixed2.0,False,525,-0.055,-29.0,33.7,0.92,340,-0.101,-34.5,31.2,0.86
wick,0.5,0.2,0.25,True,atr3.0,trail3,True,521,-0.099,-51.6,45.7,0.82,331,-0.103,-34.1,45.9,0.81
wick,0.5,0.2,0.25,True,atr3.0,trail3,False,521,-0.101,-52.7,46.1,0.82,331,-0.105,-34.8,45.9,0.8
wick,0.5,0.2,0.25,True,atr3.0,trail5,True,521,-0.12,-62.5,43.8,0.78,331,-0.068,-22.4,44.7,0.87
wick,0.5,0.2,0.25,True,atr3.0,trail5,False,521,-0.124,-64.6,44.1,0.77,331,-0.072,-23.8,44.7,0.87
wick,0.5,0.2,0.25,True,atr3.0,trail8,True,521,-0.105,-54.9,40.5,0.81,331,-0.06,-19.9,40.8,0.89
wick,0.5,0.2,0.25,True,atr3.0,trail8,False,521,-0.107,-55.5,41.5,0.81,331,-0.063,-20.7,41.4,0.88
wick,0.5,0.2,0.25,True,atr3.0,trail12,True,521,-0.105,-54.9,36.7,0.81,331,-0.045,-14.8,37.8,0.92
wick,0.5,0.2,0.25,True,atr3.0,trail12,False,521,-0.116,-60.5,37.4,0.8,331,-0.049,-16.4,39.0,0.91
wick,0.5,0.2,0.25,True,atr3.0,fixed1.0,True,521,-0.087,-45.5,47.6,0.84,331,-0.07,-23.1,47.4,0.87
wick,0.5,0.2,0.25,True,atr3.0,fixed1.0,False,521,-0.087,-45.5,47.6,0.84,331,-0.07,-23.1,47.4,0.87
wick,0.5,0.2,0.25,True,atr3.0,fixed1.5,True,521,-0.092,-47.8,31.9,0.83,331,-0.088,-29.2,30.5,0.84
wick,0.5,0.2,0.25,True,atr3.0,fixed1.5,False,521,-0.097,-50.7,38.0,0.85,331,-0.101,-33.4,36.9,0.84
wick,0.5,0.2,0.25,True,atr3.0,fixed2.0,True,521,-0.09,-47.0,24.6,0.84,331,-0.059,-19.7,24.8,0.89
wick,0.5,0.2,0.25,True,atr3.0,fixed2.0,False,521,-0.077,-39.9,33.0,0.89,331,-0.039,-13.1,33.2,0.94
wick,0.5,0.2,0.25,True,struct5,trail3,True,525,-0.114,-59.9,45.0,0.79,330,-0.118,-39.0,45.2,0.78
wick,0.5,0.2,0.25,True,struct5,trail3,False,525,-0.119,-62.4,45.1,0.79,330,-0.124,-40.8,45.2,0.77
wick,0.5,0.2,0.25,True,struct5,trail5,True,525,-0.144,-75.5,41.7,0.74,330,-0.102,-33.7,42.7,0.81
wick,0.5,0.2,0.25,True,struct5,trail5,False,525,-0.153,-80.2,41.9,0.73,330,-0.114,-37.6,42.7,0.79
wick,0.5,0.2,0.25,True,struct5,trail8,True,525,-0.146,-76.6,39.0,0.74,330,-0.123,-40.6,38.2,0.77
wick,0.5,0.2,0.25,True,struct5,trail8,False,525,-0.153,-80.3,40.2,0.73,330,-0.141,-46.4,38.8,0.75
wick,0.5,0.2,0.25,True,struct5,trail12,True,525,-0.145,-76.1,33.7,0.74,330,-0.1,-33.1,33.6,0.82
wick,0.5,0.2,0.25,True,struct5,trail12,False,525,-0.163,-85.3,34.9,0.72,330,-0.117,-38.5,35.2,0.8
wick,0.5,0.2,0.25,True,struct5,fixed1.0,True,525,-0.094,-49.5,48.0,0.83,330,-0.079,-26.1,47.6,0.85
wick,0.5,0.2,0.25,True,struct5,fixed1.0,False,525,-0.094,-49.5,48.0,0.83,330,-0.079,-26.1,47.6,0.85
wick,0.5,0.2,0.25,True,struct5,fixed1.5,True,525,-0.103,-54.2,32.2,0.81,330,-0.066,-21.7,33.0,0.88
wick,0.5,0.2,0.25,True,struct5,fixed1.5,False,525,-0.117,-61.3,38.3,0.82,330,-0.109,-35.9,36.7,0.83
wick,0.5,0.2,0.25,True,struct5,fixed2.0,True,525,-0.123,-64.5,24.4,0.78,330,-0.092,-30.4,23.9,0.83
wick,0.5,0.2,0.25,True,struct5,fixed2.0,False,525,-0.141,-74.0,32.0,0.8,330,-0.08,-26.5,31.8,0.88
wick,0.5,0.2,0.5,False,atr1.5,trail3,True,572,-0.098,-56.3,37.6,0.83,367,-0.038,-14.1,42.0,0.93
wick,0.5,0.2,0.5,False,atr1.5,trail3,False,572,-0.094,-53.7,39.2,0.84,367,-0.059,-21.7,42.2,0.89
wick,0.5,0.2,0.5,False,atr1.5,trail5,True,572,-0.113,-64.9,33.0,0.8,367,-0.011,-4.2,36.2,0.98
wick,0.5,0.2,0.5,False,atr1.5,trail5,False,572,-0.111,-63.7,34.4,0.82,367,-0.041,-15.0,37.1,0.93
wick,0.5,0.2,0.5,False,atr1.5,trail8,True,572,-0.101,-57.7,30.2,0.83,367,-0.024,-9.0,30.2,0.95
wick,0.5,0.2,0.5,False,atr1.5,trail8,False,572,-0.091,-52.2,32.3,0.85,367,-0.055,-20.3,31.9,0.91
wick,0.5,0.2,0.5,False,atr1.5,trail12,True,572,-0.092,-52.8,24.3,0.84,367,0.024,8.6,24.5,1.04
wick,0.5,0.2,0.5,False,atr1.5,trail12,False,572,-0.097,-55.3,26.4,0.85,367,-0.021,-7.5,26.2,0.97
wick,0.5,0.2,0.5,False,atr1.5,fixed1.0,True,572,-0.133,-76.2,47.0,0.77,367,-0.048,-17.7,50.1,0.91
wick,0.5,0.2,0.5,False,atr1.5,fixed1.0,False,572,-0.133,-76.2,47.0,0.77,367,-0.048,-17.7,50.1,0.91
wick,0.5,0.2,0.5,False,atr1.5,fixed1.5,True,572,-0.095,-54.2,33.9,0.84,367,-0.033,-12.1,34.3,0.94
wick,0.5,0.2,0.5,False,atr1.5,fixed1.5,False,572,-0.102,-58.3,39.0,0.84,367,-0.082,-30.1,38.7,0.87
wick,0.5,0.2,0.5,False,atr1.5,fixed2.0,True,572,-0.128,-73.4,23.8,0.78,367,-0.016,-5.7,26.7,0.97
wick,0.5,0.2,0.5,False,atr1.5,fixed2.0,False,572,-0.132,-75.5,31.5,0.82,367,-0.078,-28.7,32.4,0.89
wick,0.5,0.2,0.5,False,atr2.0,trail3,True,554,-0.083,-46.2,43.3,0.85,372,-0.108,-40.4,43.0,0.8
wick,0.5,0.2,0.5,False,atr2.0,trail3,False,554,-0.089,-49.4,43.7,0.84,372,-0.114,-42.4,43.3,0.8
wick,0.5,0.2,0.5,False,atr2.0,trail5,True,554,-0.106,-58.5,38.6,0.81,372,-0.068,-25.2,39.0,0.88
wick,0.5,0.2,0.5,False,atr2.0,trail5,False,554,-0.113,-62.7,39.0,0.8,372,-0.076,-28.4,39.8,0.86
wick,0.5,0.2,0.5,False,atr2.0,trail8,True,554,-0.099,-54.8,34.8,0.82,372,-0.084,-31.1,34.1,0.85
wick,0.5,0.2,0.5,False,atr2.0,trail8,False,554,-0.1,-55.4,36.3,0.83,372,-0.098,-36.5,35.2,0.83
wick,0.5,0.2,0.5,False,atr2.0,trail12,True,554,-0.098,-54.1,29.2,0.82,372,-0.035,-13.2,29.3,0.94
wick,0.5,0.2,0.5,False,atr2.0,trail12,False,554,-0.11,-60.8,31.0,0.82,372,-0.051,-19.0,30.6,0.91
wick,0.5,0.2,0.5,False,atr2.0,fixed1.0,True,554,-0.082,-45.5,48.9,0.85,372,-0.096,-35.8,47.0,0.82
wick,0.5,0.2,0.5,False,atr2.0,fixed1.0,False,554,-0.082,-45.5,48.9,0.85,372,-0.096,-35.8,47.0,0.82
wick,0.5,0.2,0.5,False,atr2.0,fixed1.5,True,554,-0.106,-58.6,31.0,0.81,372,-0.08,-29.9,32.5,0.86
wick,0.5,0.2,0.5,False,atr2.0,fixed1.5,False,554,-0.114,-63.0,37.9,0.83,372,-0.085,-31.5,38.2,0.87
wick,0.5,0.2,0.5,False,atr2.0,fixed2.0,True,554,-0.081,-44.6,24.5,0.86,372,-0.134,-49.9,22.0,0.76
wick,0.5,0.2,0.5,False,atr2.0,fixed2.0,False,554,-0.127,-70.4,31.2,0.83,372,-0.146,-54.4,29.8,0.8
wick,0.5,0.2,0.5,False,atr2.5,trail3,True,539,-0.082,-44.3,46.0,0.85,360,-0.116,-41.9,44.4,0.79
wick,0.5,0.2,0.5,False,atr2.5,trail3,False,539,-0.088,-47.2,46.0,0.84,360,-0.121,-43.4,44.4,0.78
wick,0.5,0.2,0.5,False,atr2.5,trail5,True,539,-0.103,-55.5,42.9,0.81,360,-0.095,-34.3,41.9,0.82
wick,0.5,0.2,0.5,False,atr2.5,trail5,False,539,-0.112,-60.3,42.9,0.8,360,-0.101,-36.4,42.2,0.82
wick,0.5,0.2,0.5,False,atr2.5,trail8,True,539,-0.093,-49.9,39.5,0.83,360,-0.107,-38.4,36.7,0.8
wick,0.5,0.2,0.5,False,atr2.5,trail8,False,539,-0.101,-54.6,40.1,0.82,360,-0.114,-41.1,37.5,0.8
wick,0.5,0.2,0.5,False,atr2.5,trail12,True,539,-0.088,-47.4,34.5,0.84,360,-0.075,-27.1,32.5,0.86
wick,0.5,0.2,0.5,False,atr2.5,trail12,False,539,-0.107,-57.5,35.3,0.82,360,-0.078,-28.0,34.2,0.86
wick,0.5,0.2,0.5,False,atr2.5,fixed1.0,True,539,-0.078,-42.3,48.6,0.85,360,-0.079,-28.5,47.5,0.85
wick,0.5,0.2,0.5,False,atr2.5,fixed1.0,False,539,-0.078,-42.3,48.6,0.85,360,-0.079,-28.5,47.5,0.85
wick,0.5,0.2,0.5,False,atr2.5,fixed1.5,True,539,-0.09,-48.5,31.9,0.84,360,-0.102,-36.5,30.6,0.81
wick,0.5,0.2,0.5,False,atr2.5,fixed1.5,False,539,-0.103,-55.6,38.0,0.84,360,-0.118,-42.5,36.4,0.82
wick,0.5,0.2,0.5,False,atr2.5,fixed2.0,True,539,-0.076,-40.9,25.0,0.86,360,-0.12,-43.1,22.2,0.78
wick,0.5,0.2,0.5,False,atr2.5,fixed2.0,False,539,-0.074,-39.7,33.0,0.9,360,-0.116,-41.6,30.8,0.84
wick,0.5,0.2,0.5,False,atr3.0,trail3,True,532,-0.108,-57.6,44.9,0.8,348,-0.083,-28.7,46.0,0.84
wick,0.5,0.2,0.5,False,atr3.0,trail3,False,532,-0.112,-59.7,45.3,0.8,348,-0.087,-30.1,46.0,0.84
wick,0.5,0.2,0.5,False,atr3.0,trail5,True,532,-0.126,-67.0,42.9,0.77,348,-0.05,-17.6,44.8,0.9
wick,0.5,0.2,0.5,False,atr3.0,trail5,False,532,-0.132,-70.4,43.2,0.76,348,-0.057,-19.9,44.8,0.89
wick,0.5,0.2,0.5,False,atr3.0,trail8,True,532,-0.11,-58.3,39.8,0.8,348,-0.046,-16.1,41.1,0.91
wick,0.5,0.2,0.5,False,atr3.0,trail8,False,532,-0.114,-60.7,40.6,0.8,348,-0.052,-17.9,41.7,0.9
wick,0.5,0.2,0.5,False,atr3.0,trail12,True,532,-0.107,-57.1,36.1,0.81,348,-0.025,-8.6,38.2,0.95
wick,0.5,0.2,0.5,False,atr3.0,trail12,False,532,-0.121,-64.5,36.8,0.79,348,-0.032,-11.2,39.4,0.94
wick,0.5,0.2,0.5,False,atr3.0,fixed1.0,True,532,-0.094,-50.0,47.2,0.83,348,-0.065,-22.5,47.7,0.88
wick,0.5,0.2,0.5,False,atr3.0,fixed1.0,False,532,-0.094,-50.0,47.2,0.83,348,-0.065,-22.5,47.7,0.88
wick,0.5,0.2,0.5,False,atr3.0,fixed1.5,True,532,-0.093,-49.3,32.0,0.83,348,-0.091,-31.6,30.2,0.83
wick,0.5,0.2,0.5,False,atr3.0,fixed1.5,False,532,-0.11,-58.7,37.4,0.83,348,-0.105,-36.6,36.8,0.84
wick,0.5,0.2,0.5,False,atr3.0,fixed2.0,True,532,-0.095,-50.6,24.4,0.83,348,-0.058,-20.1,24.7,0.89
wick,0.5,0.2,0.5,False,atr3.0,fixed2.0,False,532,-0.1,-53.4,32.1,0.86,348,-0.048,-16.8,33.0,0.93
wick,0.5,0.2,0.5,False,struct5,trail3,True,537,-0.118,-63.5,44.3,0.79,351,-0.088,-30.9,44.4,0.84
wick,0.5,0.2,0.5,False,struct5,trail3,False,537,-0.12,-64.7,44.7,0.79,351,-0.093,-32.7,44.4,0.83
wick,0.5,0.2,0.5,False,struct5,trail5,True,537,-0.147,-78.7,41.2,0.74,351,-0.073,-25.6,42.2,0.87
wick,0.5,0.2,0.5,False,struct5,trail5,False,537,-0.154,-82.5,41.5,0.73,351,-0.084,-29.5,42.2,0.85
wick,0.5,0.2,0.5,False,struct5,trail8,True,537,-0.148,-79.4,38.5,0.73,351,-0.096,-33.8,37.9,0.83
wick,0.5,0.2,0.5,False,struct5,trail8,False,537,-0.155,-83.5,39.7,0.73,351,-0.113,-39.6,38.5,0.8
wick,0.5,0.2,0.5,False,struct5,trail12,True,537,-0.14,-75.4,33.3,0.75,351,-0.06,-21.0,33.9,0.89
wick,0.5,0.2,0.5,False,struct5,trail12,False,537,-0.161,-86.6,34.5,0.73,351,-0.075,-26.2,35.3,0.87
wick,0.5,0.2,0.5,False,struct5,fixed1.0,True,537,-0.102,-54.7,47.7,0.82,351,-0.099,-34.6,46.7,0.82
wick,0.5,0.2,0.5,False,struct5,fixed1.0,False,537,-0.102,-54.7,47.7,0.82,351,-0.099,-34.6,46.7,0.82
wick,0.5,0.2,0.5,False,struct5,fixed1.5,True,537,-0.118,-63.5,31.5,0.79,351,-0.08,-28.2,32.8,0.85
wick,0.5,0.2,0.5,False,struct5,fixed1.5,False,537,-0.129,-69.5,37.8,0.8,351,-0.117,-41.0,36.5,0.82
wick,0.5,0.2,0.5,False,struct5,fixed2.0,True,537,-0.126,-67.7,24.4,0.78,351,-0.102,-36.0,23.9,0.82
wick,0.5,0.2,0.5,False,struct5,fixed2.0,False,537,-0.149,-80.2,31.7,0.79,351,-0.092,-32.2,31.6,0.87
wick,0.5,0.2,0.5,True,atr1.5,trail3,True,555,-0.1,-55.4,38.0,0.83,345,-0.056,-19.3,42.3,0.89
wick,0.5,0.2,0.5,True,atr1.5,trail3,False,555,-0.095,-52.9,39.6,0.84,345,-0.078,-26.9,42.6,0.86
wick,0.5,0.2,0.5,True,atr1.5,trail5,True,555,-0.119,-65.9,33.3,0.79,345,-0.029,-9.9,36.2,0.94
wick,0.5,0.2,0.5,True,atr1.5,trail5,False,555,-0.12,-66.4,34.6,0.8,345,-0.06,-20.8,37.1,0.89
wick,0.5,0.2,0.5,True,atr1.5,trail8,True,555,-0.11,-60.8,30.1,0.81,345,-0.037,-12.7,30.4,0.93
wick,0.5,0.2,0.5,True,atr1.5,trail8,False,555,-0.104,-58.0,32.3,0.83,345,-0.068,-23.6,32.2,0.88
wick,0.5,0.2,0.5,True,atr1.5,trail12,True,555,-0.104,-57.9,24.0,0.82,345,-0.001,-0.5,24.3,1.0
wick,0.5,0.2,0.5,True,atr1.5,trail12,False,555,-0.104,-57.7,26.3,0.84,345,-0.043,-14.9,26.4,0.93
wick,0.5,0.2,0.5,True,atr1.5,fixed1.0,True,555,-0.123,-68.1,47.6,0.78,345,-0.031,-10.6,51.0,0.94
wick,0.5,0.2,0.5,True,atr1.5,fixed1.0,False,555,-0.123,-68.1,47.6,0.78,345,-0.031,-10.6,51.0,0.94
wick,0.5,0.2,0.5,True,atr1.5,fixed1.5,True,555,-0.082,-45.6,34.4,0.86,345,-0.018,-6.1,34.8,0.97
wick,0.5,0.2,0.5,True,atr1.5,fixed1.5,False,555,-0.09,-50.1,39.5,0.86,345,-0.071,-24.6,39.1,0.89
wick,0.5,0.2,0.5,True,atr1.5,fixed2.0,True,555,-0.123,-68.3,23.8,0.79,345,-0.008,-2.7,26.7,0.99
wick,0.5,0.2,0.5,True,atr1.5,fixed2.0,False,555,-0.121,-67.4,31.9,0.83,345,-0.077,-26.7,32.5,0.89
wick,0.5,0.2,0.5,True,atr2.0,trail3,True,538,-0.071,-38.2,44.6,0.87,352,-0.129,-45.3,42.9,0.77
wick,0.5,0.2,0.5,True,atr2.0,trail3,False,538,-0.077,-41.5,45.0,0.86,352,-0.135,-47.3,43.2,0.76
wick,0.5,0.2,0.5,True,atr2.0,trail5,True,538,-0.098,-52.8,39.4,0.82,352,-0.084,-29.6,38.9,0.85
wick,0.5,0.2,0.5,True,atr2.0,trail5,False,538,-0.106,-57.2,39.8,0.81,352,-0.093,-32.9,39.8,0.83
wick,0.5,0.2,0.5,True,atr2.0,trail8,True,538,-0.094,-50.8,35.1,0.82,352,-0.097,-34.2,34.1,0.82
wick,0.5,0.2,0.5,True,atr2.0,trail8,False,538,-0.096,-51.5,36.8,0.83,352,-0.111,-39.2,35.2,0.81
wick,0.5,0.2,0.5,True,atr2.0,trail12,True,538,-0.096,-51.8,29.2,0.82,352,-0.058,-20.5,29.0,0.9
wick,0.5,0.2,0.5,True,atr2.0,trail12,False,538,-0.101,-54.6,31.4,0.83,352,-0.072,-25.5,30.4,0.88
wick,0.5,0.2,0.5,True,atr2.0,fixed1.0,True,538,-0.057,-30.5,50.2,0.89,352,-0.093,-32.9,47.2,0.83
wick,0.5,0.2,0.5,True,atr2.0,fixed1.0,False,538,-0.057,-30.5,50.2,0.89,352,-0.093,-32.9,47.2,0.83
wick,0.5,0.2,0.5,True,atr2.0,fixed1.5,True,538,-0.088,-47.1,31.4,0.84,352,-0.081,-28.4,32.4,0.85
wick,0.5,0.2,0.5,True,atr2.0,fixed1.5,False,538,-0.092,-49.6,38.8,0.86,352,-0.087,-30.5,38.1,0.87
wick,0.5,0.2,0.5,True,atr2.0,fixed2.0,True,538,-0.068,-36.7,24.5,0.88,352,-0.131,-46.0,22.2,0.77
wick,0.5,0.2,0.5,True,atr2.0,fixed2.0,False,538,-0.107,-57.5,32.0,0.85,352,-0.126,-44.4,30.4,0.83
wick,0.5,0.2,0.5,True,atr2.5,trail3,True,522,-0.073,-38.1,46.7,0.86,340,-0.126,-42.8,45.0,0.77
wick,0.5,0.2,0.5,True,atr2.5,trail3,False,522,-0.079,-41.1,46.7,0.85,340,-0.129,-43.7,45.0,0.76
wick,0.5,0.2,0.5,True,atr2.5,trail5,True,522,-0.098,-51.1,43.3,0.82,340,-0.103,-35.1,42.4,0.81
wick,0.5,0.2,0.5,True,atr2.5,trail5,False,522,-0.107,-56.0,43.3,0.8,340,-0.108,-36.6,42.6,0.8
wick,0.5,0.2,0.5,True,atr2.5,trail8,True,522,-0.089,-46.5,39.7,0.83,340,-0.113,-38.3,37.1,0.79
wick,0.5,0.2,0.5,True,atr2.5,trail8,False,522,-0.098,-51.1,40.4,0.82,340,-0.118,-40.0,37.9,0.79
wick,0.5,0.2,0.5,True,atr2.5,trail12,True,522,-0.087,-45.6,34.3,0.84,340,-0.091,-30.8,32.4,0.83
wick,0.5,0.2,0.5,True,atr2.5,trail12,False,522,-0.1,-52.4,35.4,0.82,340,-0.091,-30.8,34.1,0.84
wick,0.5,0.2,0.5,True,atr2.5,fixed1.0,True,522,-0.062,-32.5,49.4,0.88,340,-0.075,-25.6,47.6,0.86
wick,0.5,0.2,0.5,True,atr2.5,fixed1.0,False,522,-0.062,-32.5,49.4,0.88,340,-0.075,-25.6,47.6,0.86
wick,0.5,0.2,0.5,True,atr2.5,fixed1.5,True,522,-0.084,-43.7,31.8,0.85,340,-0.099,-33.6,30.6,0.82
wick,0.5,0.2,0.5,True,atr2.5,fixed1.5,False,522,-0.084,-43.8,38.9,0.87,340,-0.115,-39.0,36.5,0.82
wick,0.5,0.2,0.5,True,atr2.5,fixed2.0,True,522,-0.071,-37.1,24.9,0.87,340,-0.109,-37.1,22.6,0.8
wick,0.5,0.2,0.5,True,atr2.5,fixed2.0,False,522,-0.05,-25.9,33.9,0.93,340,-0.101,-34.5,31.2,0.86
wick,0.5,0.2,0.5,True,atr3.0,trail3,True,518,-0.097,-50.4,45.8,0.82,330,-0.1,-33.0,46.1,0.81
wick,0.5,0.2,0.5,True,atr3.0,trail3,False,518,-0.099,-51.5,46.1,0.82,330,-0.102,-33.8,46.1,0.81
wick,0.5,0.2,0.5,True,atr3.0,trail5,True,518,-0.118,-61.1,43.8,0.78,330,-0.065,-21.4,44.8,0.88
wick,0.5,0.2,0.5,True,atr3.0,trail5,False,518,-0.122,-63.2,44.2,0.78,330,-0.069,-22.8,44.8,0.87
wick,0.5,0.2,0.5,True,atr3.0,trail8,True,518,-0.103,-53.4,40.5,0.81,330,-0.057,-18.9,40.9,0.89
wick,0.5,0.2,0.5,True,atr3.0,trail8,False,518,-0.104,-54.0,41.5,0.81,330,-0.06,-19.7,41.5,0.89
wick,0.5,0.2,0.5,True,atr3.0,trail12,True,518,-0.102,-53.1,36.7,0.81,330,-0.042,-13.7,37.9,0.92
wick,0.5,0.2,0.5,True,atr3.0,trail12,False,518,-0.113,-58.5,37.5,0.8,330,-0.046,-15.3,39.1,0.92
wick,0.5,0.2,0.5,True,atr3.0,fixed1.0,True,518,-0.086,-44.5,47.7,0.84,330,-0.067,-22.1,47.6,0.87
wick,0.5,0.2,0.5,True,atr3.0,fixed1.0,False,518,-0.086,-44.5,47.7,0.84,330,-0.067,-22.1,47.6,0.87
wick,0.5,0.2,0.5,True,atr3.0,fixed1.5,True,518,-0.091,-47.2,31.9,0.83,330,-0.085,-28.2,30.6,0.84
wick,0.5,0.2,0.5,True,atr3.0,fixed1.5,False,518,-0.092,-47.7,38.2,0.86,330,-0.098,-32.4,37.0,0.85
wick,0.5,0.2,0.5,True,atr3.0,fixed2.0,True,518,-0.091,-47.0,24.5,0.84,330,-0.056,-18.6,24.8,0.89
wick,0.5,0.2,0.5,True,atr3.0,fixed2.0,False,518,-0.071,-36.8,33.2,0.9,330,-0.036,-12.0,33.3,0.95
wick,0.5,0.2,0.5,True,struct5,trail3,True,522,-0.109,-56.9,45.2,0.8,330,-0.118,-39.0,45.2,0.78
wick,0.5,0.2,0.5,True,struct5,trail3,False,522,-0.114,-59.3,45.4,0.79,330,-0.124,-40.8,45.2,0.77
wick,0.5,0.2,0.5,True,struct5,trail5,True,522,-0.139,-72.5,42.0,0.75,330,-0.102,-33.7,42.7,0.81
wick,0.5,0.2,0.5,True,struct5,trail5,False,522,-0.148,-77.1,42.1,0.74,330,-0.114,-37.6,42.7,0.79
wick,0.5,0.2,0.5,True,struct5,trail8,True,522,-0.141,-73.6,39.3,0.74,330,-0.123,-40.6,38.2,0.77
wick,0.5,0.2,0.5,True,struct5,trail8,False,522,-0.148,-77.2,40.4,0.74,330,-0.141,-46.4,38.8,0.75
wick,0.5,0.2,0.5,True,struct5,trail12,True,522,-0.14,-73.0,33.9,0.75,330,-0.1,-33.1,33.6,0.82
wick,0.5,0.2,0.5,True,struct5,trail12,False,522,-0.158,-82.2,35.1,0.73,330,-0.117,-38.5,35.2,0.8
wick,0.5,0.2,0.5,True,struct5,fixed1.0,True,522,-0.089,-46.4,48.3,0.84,330,-0.079,-26.1,47.6,0.85
wick,0.5,0.2,0.5,True,struct5,fixed1.0,False,522,-0.089,-46.4,48.3,0.84,330,-0.079,-26.1,47.6,0.85
wick,0.5,0.2,0.5,True,struct5,fixed1.5,True,522,-0.098,-51.2,32.4,0.82,330,-0.066,-21.7,33.0,0.88
wick,0.5,0.2,0.5,True,struct5,fixed1.5,False,522,-0.111,-58.2,38.5,0.83,330,-0.109,-35.9,36.7,0.83
wick,0.5,0.2,0.5,True,struct5,fixed2.0,True,522,-0.118,-61.4,24.5,0.79,330,-0.092,-30.4,23.9,0.83
wick,0.5,0.2,0.5,True,struct5,fixed2.0,False,522,-0.136,-70.9,32.2,0.81,330,-0.08,-26.5,31.8,0.88
